service_id,date,exception_type
308047,20260211,1
308049,20260211,1
308051,20260211,1
308053,20260211,1
308055,20260211,1
308057,20260211,1
308059,20260211,1
308061,20260211,1
308063,20260211,1
308065,20260211,1
308067,20260211,1
308069,20260211,1
308071,20260211,1
308073,20260211,1
308075,20260211,1
308077,20260211,1
308079,20260211,1
308081,20260211,1
308083,20260211,1
308085,20260211,1
308087,20260211,1
308089,20260211,1
308091,20260211,1
308093,20260211,1
308095,20260211,1
308097,20260211,1
308099,20260211,1
308101,20260211,1
308103,20260211,1
308105,20260211,1
308107,20260211,1
308109,20260211,1
308111,20260211,1
308113,20260211,1
308115,20260211,1
308117,20260211,1
308119,20260211,1
308121,20260211,1
308123,20260211,1
308125,20260211,1
308127,20260211,1
308129,20260211,1
308131,20260211,1
308133,20260211,1
308137,20260211,1
308139,20260211,1
308141,20260211,1
308143,20260211,1
308145,20260211,1
308147,20260211,1
308149,20260211,1
308151,20260211,1
308153,20260211,1
308155,20260211,1
308157,20260211,1
308159,20260211,1
308161,20260211,1
308163,20260211,1
308165,20260211,1
308167,20260211,1
308169,20260211,1
308171,20260211,1
308173,20260211,1
308175,20260211,1
308177,20260211,1
308181,20260211,1
308183,20260211,1
308185,20260211,1
308187,20260211,1
308189,20260211,1
308193,20260211,1
308195,20260211,1
308197,20260211,1
308199,20260211,1
308201,20260211,1
308203,20260211,1
308205,20260211,1
308207,20260211,1
308209,20260211,1
308211,20260211,1
308213,20260211,1
308215,20260211,1
308217,20260211,1
308219,20260211,1
308221,20260211,1
308223,20260211,1
308225,20260211,1
308227,20260211,1
308229,20260211,1
308231,20260211,1
308233,20260211,1
308235,20260211,1
308237,20260211,1
308239,20260211,1
308241,20260211,1
308243,20260211,1
308245,20260211,1
308247,20260211,1
308249,20260211,1
308251,20260211,1
308253,20260211,1
308255,20260211,1
308257,20260211,1
308259,20260211,1
308261,20260211,1
308263,20260211,1
308265,20260211,1
308267,20260211,1
308269,20260211,1
308271,20260211,1
308273,20260211,1
308275,20260211,1
308277,20260211,1
308279,20260211,1
308281,20260211,1
308283,20260211,1
308285,20260211,1
308287,20260211,1
308289,20260211,1
308291,20260211,1
308293,20260211,1
308295,20260211,1
308297,20260211,1
308299,20260211,1
308301,20260211,1
308303,20260211,1
308305,20260211,1
308307,20260211,1
308309,20260211,1
308311,20260211,1
308313,20260211,1
308315,20260211,1
308317,20260211,1
308319,20260211,1
308321,20260211,1
308323,20260211,1
308325,20260211,1
308327,20260211,1
308329,20260211,1
308333,20260211,1
308334,20260211,1
308335,20260211,1
308336,20260211,1
308337,20260211,1
308338,20260211,1
308339,20260211,1
308340,20260211,1
308341,20260211,1
308342,20260211,1
308345,20260211,1
308346,20260211,1
308347,20260211,1
308348,20260211,1
308349,20260211,1
308350,20260211,1
308351,20260211,1
308352,20260211,1
308353,20260211,1
308354,20260211,1
308355,20260211,1
308356,20260211,1
308357,20260211,1
308358,20260211,1
308359,20260211,1
308360,20260211,1
308361,20260211,1
308362,20260211,1
308363,20260211,1
308364,20260211,1
308365,20260211,1
308366,20260211,1
308367,20260211,1
308370,20260211,1
308047,20260212,1
308049,20260212,1
308051,20260212,1
308053,20260212,1
308055,20260212,1
308057,20260212,1
308059,20260212,1
308061,20260212,1
308063,20260212,1
308065,20260212,1
308067,20260212,1
308069,20260212,1
308071,20260212,1
308073,20260212,1
308075,20260212,1
308077,20260212,1
308079,20260212,1
308081,20260212,1
308083,20260212,1
308085,20260212,1
308087,20260212,1
308089,20260212,1
308091,20260212,1
308093,20260212,1
308095,20260212,1
308097,20260212,1
308099,20260212,1
308101,20260212,1
308103,20260212,1
308105,20260212,1
308107,20260212,1
308109,20260212,1
308111,20260212,1
308113,20260212,1
308115,20260212,1
308117,20260212,1
308119,20260212,1
308121,20260212,1
308123,20260212,1
308125,20260212,1
308127,20260212,1
308129,20260212,1
308131,20260212,1
308133,20260212,1
308137,20260212,1
308139,20260212,1
308141,20260212,1
308143,20260212,1
308145,20260212,1
308147,20260212,1
308149,20260212,1
308151,20260212,1
308153,20260212,1
308155,20260212,1
308157,20260212,1
308159,20260212,1
308161,20260212,1
308163,20260212,1
308165,20260212,1
308167,20260212,1
308169,20260212,1
308171,20260212,1
308173,20260212,1
308175,20260212,1
308177,20260212,1
308181,20260212,1
308183,20260212,1
308185,20260212,1
308187,20260212,1
308189,20260212,1
308193,20260212,1
308195,20260212,1
308197,20260212,1
308199,20260212,1
308201,20260212,1
308203,20260212,1
308205,20260212,1
308207,20260212,1
308209,20260212,1
308211,20260212,1
308213,20260212,1
308215,20260212,1
308217,20260212,1
308219,20260212,1
308221,20260212,1
308223,20260212,1
308225,20260212,1
308227,20260212,1
308229,20260212,1
308231,20260212,1
308233,20260212,1
308235,20260212,1
308237,20260212,1
308239,20260212,1
308241,20260212,1
308243,20260212,1
308245,20260212,1
308247,20260212,1
308249,20260212,1
308251,20260212,1
308253,20260212,1
308255,20260212,1
308257,20260212,1
308259,20260212,1
308261,20260212,1
308263,20260212,1
308265,20260212,1
308267,20260212,1
308269,20260212,1
308271,20260212,1
308273,20260212,1
308275,20260212,1
308277,20260212,1
308279,20260212,1
308281,20260212,1
308283,20260212,1
308285,20260212,1
308287,20260212,1
308289,20260212,1
308291,20260212,1
308293,20260212,1
308295,20260212,1
308297,20260212,1
308299,20260212,1
308301,20260212,1
308303,20260212,1
308305,20260212,1
308307,20260212,1
308309,20260212,1
308311,20260212,1
308313,20260212,1
308315,20260212,1
308317,20260212,1
308319,20260212,1
308321,20260212,1
308323,20260212,1
308325,20260212,1
308327,20260212,1
308329,20260212,1
308333,20260212,1
308334,20260212,1
308335,20260212,1
308336,20260212,1
308337,20260212,1
308338,20260212,1
308339,20260212,1
308340,20260212,1
308341,20260212,1
308342,20260212,1
308345,20260212,1
308346,20260212,1
308347,20260212,1
308348,20260212,1
308349,20260212,1
308350,20260212,1
308351,20260212,1
308352,20260212,1
308353,20260212,1
308354,20260212,1
308355,20260212,1
308356,20260212,1
308357,20260212,1
308358,20260212,1
308359,20260212,1
308360,20260212,1
308361,20260212,1
308362,20260212,1
308363,20260212,1
308364,20260212,1
308365,20260212,1
308366,20260212,1
308367,20260212,1
308370,20260212,1
299773,20260213,1
299776,20260213,1
299779,20260213,1
299782,20260213,1
299785,20260213,1
299787,20260213,1
299790,20260213,1
299793,20260213,1
299796,20260213,1
299799,20260213,1
299802,20260213,1
299805,20260213,1
299808,20260213,1
299811,20260213,1
299814,20260213,1
299817,20260213,1
299820,20260213,1
299823,20260213,1
299826,20260213,1
299829,20260213,1
299832,20260213,1
299835,20260213,1
299838,20260213,1
299841,20260213,1
299844,20260213,1
299847,20260213,1
299850,20260213,1
299853,20260213,1
299856,20260213,1
299859,20260213,1
299862,20260213,1
299863,20260213,1
299864,20260213,1
299867,20260213,1
299870,20260213,1
299873,20260213,1
299876,20260213,1
299879,20260213,1
299882,20260213,1
299885,20260213,1
299888,20260213,1
299889,20260213,1
299890,20260213,1
299891,20260213,1
299897,20260213,1
299900,20260213,1
299901,20260213,1
299902,20260213,1
299903,20260213,1
299905,20260213,1
299908,20260213,1
299911,20260213,1
299914,20260213,1
299917,20260213,1
299920,20260213,1
299923,20260213,1
299926,20260213,1
299929,20260213,1
299932,20260213,1
299934,20260213,1
299937,20260213,1
299938,20260213,1
299941,20260213,1
299946,20260213,1
299949,20260213,1
299953,20260213,1
299956,20260213,1
299959,20260213,1
299962,20260213,1
299965,20260213,1
299969,20260213,1
299972,20260213,1
299975,20260213,1
299978,20260213,1
299981,20260213,1
299984,20260213,1
299987,20260213,1
299990,20260213,1
299993,20260213,1
299996,20260213,1
299999,20260213,1
300002,20260213,1
300005,20260213,1
300008,20260213,1
300009,20260213,1
300012,20260213,1
300015,20260213,1
300018,20260213,1
300021,20260213,1
300024,20260213,1
300027,20260213,1
300030,20260213,1
300033,20260213,1
300036,20260213,1
300039,20260213,1
300042,20260213,1
300043,20260213,1
300046,20260213,1
300049,20260213,1
300050,20260213,1
300051,20260213,1
300052,20260213,1
300055,20260213,1
300058,20260213,1
300061,20260213,1
300064,20260213,1
300065,20260213,1
300066,20260213,1
300069,20260213,1
300070,20260213,1
300073,20260213,1
300076,20260213,1
300079,20260213,1
300082,20260213,1
300083,20260213,1
300084,20260213,1
300085,20260213,1
300088,20260213,1
300089,20260213,1
300092,20260213,1
300095,20260213,1
300098,20260213,1
300099,20260213,1
300102,20260213,1
300105,20260213,1
300108,20260213,1
300111,20260213,1
300114,20260213,1
300115,20260213,1
300116,20260213,1
300117,20260213,1
300120,20260213,1
300123,20260213,1
300124,20260213,1
300125,20260213,1
300126,20260213,1
300127,20260213,1
300130,20260213,1
300136,20260213,1
300140,20260213,1
300144,20260213,1
300148,20260213,1
300152,20260213,1
300156,20260213,1
300160,20260213,1
300164,20260213,1
300168,20260213,1
300172,20260213,1
300176,20260213,1
300180,20260213,1
300184,20260213,1
300188,20260213,1
300192,20260213,1
300196,20260213,1
300200,20260213,1
300202,20260213,1
300206,20260213,1
300210,20260213,1
300214,20260213,1
300218,20260213,1
300222,20260213,1
300224,20260213,1
300226,20260213,1
300228,20260213,1
300232,20260213,1
300236,20260213,1
300240,20260213,1
300244,20260213,1
300248,20260213,1
300252,20260213,1
300256,20260213,1
300260,20260213,1
299772,20260214,1
299775,20260214,1
299778,20260214,1
299781,20260214,1
299784,20260214,1
299786,20260214,1
299789,20260214,1
299792,20260214,1
299795,20260214,1
299798,20260214,1
299801,20260214,1
299804,20260214,1
299807,20260214,1
299810,20260214,1
299813,20260214,1
299816,20260214,1
299819,20260214,1
299822,20260214,1
299825,20260214,1
299828,20260214,1
299831,20260214,1
299834,20260214,1
299837,20260214,1
299840,20260214,1
299843,20260214,1
299846,20260214,1
299849,20260214,1
299852,20260214,1
299855,20260214,1
299858,20260214,1
299861,20260214,1
299866,20260214,1
299869,20260214,1
299872,20260214,1
299875,20260214,1
299878,20260214,1
299881,20260214,1
299884,20260214,1
299887,20260214,1
299896,20260214,1
299899,20260214,1
299904,20260214,1
299907,20260214,1
299910,20260214,1
299913,20260214,1
299916,20260214,1
299919,20260214,1
299922,20260214,1
299925,20260214,1
299928,20260214,1
299931,20260214,1
299933,20260214,1
299936,20260214,1
299940,20260214,1
299943,20260214,1
299945,20260214,1
299948,20260214,1
299952,20260214,1
299955,20260214,1
299958,20260214,1
299961,20260214,1
299964,20260214,1
299968,20260214,1
299971,20260214,1
299974,20260214,1
299977,20260214,1
299980,20260214,1
299983,20260214,1
299986,20260214,1
299989,20260214,1
299992,20260214,1
299995,20260214,1
299998,20260214,1
300001,20260214,1
300004,20260214,1
300007,20260214,1
300011,20260214,1
300014,20260214,1
300017,20260214,1
300020,20260214,1
300023,20260214,1
300026,20260214,1
300029,20260214,1
300032,20260214,1
300035,20260214,1
300038,20260214,1
300041,20260214,1
300045,20260214,1
300048,20260214,1
300054,20260214,1
300057,20260214,1
300060,20260214,1
300063,20260214,1
300068,20260214,1
300072,20260214,1
300075,20260214,1
300078,20260214,1
300081,20260214,1
300087,20260214,1
300091,20260214,1
300094,20260214,1
300097,20260214,1
300101,20260214,1
300104,20260214,1
300107,20260214,1
300110,20260214,1
300113,20260214,1
300119,20260214,1
300122,20260214,1
300129,20260214,1
300139,20260214,1
300143,20260214,1
300147,20260214,1
300151,20260214,1
300155,20260214,1
300159,20260214,1
300163,20260214,1
300167,20260214,1
300171,20260214,1
300175,20260214,1
300179,20260214,1
300183,20260214,1
300187,20260214,1
300191,20260214,1
300195,20260214,1
300199,20260214,1
300205,20260214,1
300209,20260214,1
300213,20260214,1
300217,20260214,1
300221,20260214,1
300231,20260214,1
300235,20260214,1
300239,20260214,1
300243,20260214,1
300247,20260214,1
300251,20260214,1
300255,20260214,1
300259,20260214,1
299771,20260215,1
299774,20260215,1
299777,20260215,1
299780,20260215,1
299783,20260215,1
299788,20260215,1
299791,20260215,1
299794,20260215,1
299797,20260215,1
299800,20260215,1
299803,20260215,1
299806,20260215,1
299809,20260215,1
299812,20260215,1
299815,20260215,1
299818,20260215,1
299821,20260215,1
299824,20260215,1
299827,20260215,1
299830,20260215,1
299833,20260215,1
299836,20260215,1
299839,20260215,1
299842,20260215,1
299845,20260215,1
299848,20260215,1
299851,20260215,1
299854,20260215,1
299857,20260215,1
299860,20260215,1
299865,20260215,1
299868,20260215,1
299871,20260215,1
299874,20260215,1
299877,20260215,1
299880,20260215,1
299883,20260215,1
299886,20260215,1
299895,20260215,1
299898,20260215,1
299906,20260215,1
299909,20260215,1
299912,20260215,1
299915,20260215,1
299918,20260215,1
299921,20260215,1
299924,20260215,1
299927,20260215,1
299930,20260215,1
299935,20260215,1
299939,20260215,1
299942,20260215,1
299944,20260215,1
299947,20260215,1
299951,20260215,1
299954,20260215,1
299957,20260215,1
299960,20260215,1
299963,20260215,1
299967,20260215,1
299970,20260215,1
299973,20260215,1
299976,20260215,1
299979,20260215,1
299982,20260215,1
299985,20260215,1
299988,20260215,1
299991,20260215,1
299994,20260215,1
299997,20260215,1
300000,20260215,1
300003,20260215,1
300006,20260215,1
300010,20260215,1
300013,20260215,1
300016,20260215,1
300019,20260215,1
300022,20260215,1
300025,20260215,1
300028,20260215,1
300031,20260215,1
300034,20260215,1
300037,20260215,1
300040,20260215,1
300044,20260215,1
300047,20260215,1
300053,20260215,1
300056,20260215,1
300059,20260215,1
300062,20260215,1
300067,20260215,1
300071,20260215,1
300074,20260215,1
300077,20260215,1
300080,20260215,1
300086,20260215,1
300090,20260215,1
300093,20260215,1
300096,20260215,1
300100,20260215,1
300103,20260215,1
300106,20260215,1
300109,20260215,1
300112,20260215,1
300118,20260215,1
300121,20260215,1
300128,20260215,1
300138,20260215,1
300142,20260215,1
300146,20260215,1
300150,20260215,1
300154,20260215,1
300158,20260215,1
300162,20260215,1
300166,20260215,1
300170,20260215,1
300174,20260215,1
300178,20260215,1
300182,20260215,1
300186,20260215,1
300190,20260215,1
300194,20260215,1
300198,20260215,1
300204,20260215,1
300208,20260215,1
300212,20260215,1
300216,20260215,1
300220,20260215,1
300230,20260215,1
300234,20260215,1
300238,20260215,1
300242,20260215,1
300246,20260215,1
300250,20260215,1
300254,20260215,1
300258,20260215,1
299773,20260216,1
299776,20260216,1
299779,20260216,1
299782,20260216,1
299785,20260216,1
299787,20260216,1
299790,20260216,1
299793,20260216,1
299796,20260216,1
299799,20260216,1
299802,20260216,1
299805,20260216,1
299808,20260216,1
299811,20260216,1
299814,20260216,1
299817,20260216,1
299820,20260216,1
299823,20260216,1
299826,20260216,1
299829,20260216,1
299832,20260216,1
299835,20260216,1
299838,20260216,1
299841,20260216,1
299844,20260216,1
299847,20260216,1
299850,20260216,1
299853,20260216,1
299856,20260216,1
299859,20260216,1
299862,20260216,1
299863,20260216,1
299864,20260216,1
299867,20260216,1
299870,20260216,1
299873,20260216,1
299876,20260216,1
299879,20260216,1
299882,20260216,1
299885,20260216,1
299888,20260216,1
299889,20260216,1
299890,20260216,1
299891,20260216,1
299897,20260216,1
299900,20260216,1
299901,20260216,1
299902,20260216,1
299903,20260216,1
299905,20260216,1
299908,20260216,1
299911,20260216,1
299914,20260216,1
299917,20260216,1
299920,20260216,1
299923,20260216,1
299926,20260216,1
299929,20260216,1
299932,20260216,1
299934,20260216,1
299937,20260216,1
299938,20260216,1
299941,20260216,1
299946,20260216,1
299949,20260216,1
299953,20260216,1
299956,20260216,1
299959,20260216,1
299962,20260216,1
299965,20260216,1
299969,20260216,1
299972,20260216,1
299975,20260216,1
299978,20260216,1
299981,20260216,1
299984,20260216,1
299987,20260216,1
299990,20260216,1
299993,20260216,1
299996,20260216,1
299999,20260216,1
300002,20260216,1
300005,20260216,1
300008,20260216,1
300009,20260216,1
300012,20260216,1
300015,20260216,1
300018,20260216,1
300021,20260216,1
300024,20260216,1
300027,20260216,1
300030,20260216,1
300033,20260216,1
300036,20260216,1
300039,20260216,1
300042,20260216,1
300043,20260216,1
300046,20260216,1
300049,20260216,1
300050,20260216,1
300051,20260216,1
300052,20260216,1
300055,20260216,1
300058,20260216,1
300061,20260216,1
300064,20260216,1
300065,20260216,1
300066,20260216,1
300069,20260216,1
300070,20260216,1
300073,20260216,1
300076,20260216,1
300079,20260216,1
300082,20260216,1
300083,20260216,1
300084,20260216,1
300085,20260216,1
300088,20260216,1
300089,20260216,1
300092,20260216,1
300095,20260216,1
300098,20260216,1
300099,20260216,1
300102,20260216,1
300105,20260216,1
300108,20260216,1
300111,20260216,1
300114,20260216,1
300115,20260216,1
300116,20260216,1
300117,20260216,1
300120,20260216,1
300123,20260216,1
300124,20260216,1
300125,20260216,1
300126,20260216,1
300127,20260216,1
300130,20260216,1
300137,20260216,1
300141,20260216,1
300145,20260216,1
300149,20260216,1
300153,20260216,1
300157,20260216,1
300161,20260216,1
300165,20260216,1
300169,20260216,1
300173,20260216,1
300177,20260216,1
300181,20260216,1
300185,20260216,1
300189,20260216,1
300193,20260216,1
300197,20260216,1
300201,20260216,1
300203,20260216,1
300207,20260216,1
300211,20260216,1
300215,20260216,1
300219,20260216,1
300223,20260216,1
300225,20260216,1
300227,20260216,1
300229,20260216,1
300233,20260216,1
300237,20260216,1
300241,20260216,1
300245,20260216,1
300249,20260216,1
300253,20260216,1
300257,20260216,1
300261,20260216,1
299773,20260217,1
299776,20260217,1
299779,20260217,1
299782,20260217,1
299785,20260217,1
299787,20260217,1
299790,20260217,1
299793,20260217,1
299796,20260217,1
299799,20260217,1
299802,20260217,1
299805,20260217,1
299808,20260217,1
299811,20260217,1
299814,20260217,1
299817,20260217,1
299820,20260217,1
299823,20260217,1
299826,20260217,1
299829,20260217,1
299832,20260217,1
299835,20260217,1
299838,20260217,1
299841,20260217,1
299844,20260217,1
299847,20260217,1
299850,20260217,1
299853,20260217,1
299856,20260217,1
299859,20260217,1
299862,20260217,1
299863,20260217,1
299864,20260217,1
299867,20260217,1
299870,20260217,1
299873,20260217,1
299876,20260217,1
299879,20260217,1
299882,20260217,1
299885,20260217,1
299888,20260217,1
299889,20260217,1
299890,20260217,1
299891,20260217,1
299897,20260217,1
299900,20260217,1
299901,20260217,1
299902,20260217,1
299903,20260217,1
299905,20260217,1
299908,20260217,1
299911,20260217,1
299914,20260217,1
299917,20260217,1
299920,20260217,1
299923,20260217,1
299926,20260217,1
299929,20260217,1
299932,20260217,1
299934,20260217,1
299937,20260217,1
299938,20260217,1
299941,20260217,1
299946,20260217,1
299949,20260217,1
299953,20260217,1
299956,20260217,1
299959,20260217,1
299962,20260217,1
299965,20260217,1
299969,20260217,1
299972,20260217,1
299975,20260217,1
299978,20260217,1
299981,20260217,1
299984,20260217,1
299987,20260217,1
299990,20260217,1
299993,20260217,1
299996,20260217,1
299999,20260217,1
300002,20260217,1
300005,20260217,1
300008,20260217,1
300009,20260217,1
300012,20260217,1
300015,20260217,1
300018,20260217,1
300021,20260217,1
300024,20260217,1
300027,20260217,1
300030,20260217,1
300033,20260217,1
300036,20260217,1
300039,20260217,1
300042,20260217,1
300043,20260217,1
300046,20260217,1
300049,20260217,1
300050,20260217,1
300051,20260217,1
300052,20260217,1
300055,20260217,1
300058,20260217,1
300061,20260217,1
300064,20260217,1
300065,20260217,1
300066,20260217,1
300069,20260217,1
300070,20260217,1
300073,20260217,1
300076,20260217,1
300079,20260217,1
300082,20260217,1
300083,20260217,1
300084,20260217,1
300085,20260217,1
300088,20260217,1
300089,20260217,1
300092,20260217,1
300095,20260217,1
300098,20260217,1
300099,20260217,1
300102,20260217,1
300105,20260217,1
300108,20260217,1
300111,20260217,1
300114,20260217,1
300115,20260217,1
300116,20260217,1
300117,20260217,1
300120,20260217,1
300123,20260217,1
300124,20260217,1
300125,20260217,1
300126,20260217,1
300127,20260217,1
300130,20260217,1
300137,20260217,1
300141,20260217,1
300145,20260217,1
300149,20260217,1
300153,20260217,1
300157,20260217,1
300161,20260217,1
300165,20260217,1
300169,20260217,1
300173,20260217,1
300177,20260217,1
300181,20260217,1
300185,20260217,1
300189,20260217,1
300193,20260217,1
300197,20260217,1
300201,20260217,1
300203,20260217,1
300207,20260217,1
300211,20260217,1
300215,20260217,1
300219,20260217,1
300223,20260217,1
300225,20260217,1
300227,20260217,1
300229,20260217,1
300233,20260217,1
300237,20260217,1
300241,20260217,1
300245,20260217,1
300249,20260217,1
300253,20260217,1
300257,20260217,1
300261,20260217,1
299773,20260218,1
299776,20260218,1
299779,20260218,1
299782,20260218,1
299785,20260218,1
299787,20260218,1
299790,20260218,1
299793,20260218,1
299796,20260218,1
299799,20260218,1
299802,20260218,1
299805,20260218,1
299808,20260218,1
299811,20260218,1
299814,20260218,1
299817,20260218,1
299820,20260218,1
299823,20260218,1
299826,20260218,1
299829,20260218,1
299832,20260218,1
299835,20260218,1
299838,20260218,1
299841,20260218,1
299844,20260218,1
299847,20260218,1
299850,20260218,1
299853,20260218,1
299856,20260218,1
299859,20260218,1
299862,20260218,1
299863,20260218,1
299864,20260218,1
299867,20260218,1
299870,20260218,1
299873,20260218,1
299876,20260218,1
299879,20260218,1
299882,20260218,1
299885,20260218,1
299888,20260218,1
299889,20260218,1
299890,20260218,1
299891,20260218,1
299897,20260218,1
299900,20260218,1
299901,20260218,1
299902,20260218,1
299903,20260218,1
299905,20260218,1
299908,20260218,1
299911,20260218,1
299914,20260218,1
299917,20260218,1
299920,20260218,1
299923,20260218,1
299926,20260218,1
299929,20260218,1
299932,20260218,1
299934,20260218,1
299937,20260218,1
299938,20260218,1
299941,20260218,1
299946,20260218,1
299949,20260218,1
299953,20260218,1
299956,20260218,1
299959,20260218,1
299962,20260218,1
299965,20260218,1
299969,20260218,1
299972,20260218,1
299975,20260218,1
299978,20260218,1
299981,20260218,1
299984,20260218,1
299987,20260218,1
299990,20260218,1
299993,20260218,1
299996,20260218,1
299999,20260218,1
300002,20260218,1
300005,20260218,1
300008,20260218,1
300009,20260218,1
300012,20260218,1
300015,20260218,1
300018,20260218,1
300021,20260218,1
300024,20260218,1
300027,20260218,1
300030,20260218,1
300033,20260218,1
300036,20260218,1
300039,20260218,1
300042,20260218,1
300043,20260218,1
300046,20260218,1
300049,20260218,1
300050,20260218,1
300051,20260218,1
300052,20260218,1
300055,20260218,1
300058,20260218,1
300061,20260218,1
300064,20260218,1
300065,20260218,1
300066,20260218,1
300069,20260218,1
300070,20260218,1
300073,20260218,1
300076,20260218,1
300079,20260218,1
300082,20260218,1
300083,20260218,1
300084,20260218,1
300085,20260218,1
300088,20260218,1
300089,20260218,1
300092,20260218,1
300095,20260218,1
300098,20260218,1
300099,20260218,1
300102,20260218,1
300105,20260218,1
300108,20260218,1
300111,20260218,1
300114,20260218,1
300115,20260218,1
300116,20260218,1
300117,20260218,1
300120,20260218,1
300123,20260218,1
300124,20260218,1
300125,20260218,1
300126,20260218,1
300127,20260218,1
300130,20260218,1
300137,20260218,1
300141,20260218,1
300145,20260218,1
300149,20260218,1
300153,20260218,1
300157,20260218,1
300161,20260218,1
300165,20260218,1
300169,20260218,1
300173,20260218,1
300177,20260218,1
300181,20260218,1
300185,20260218,1
300189,20260218,1
300193,20260218,1
300197,20260218,1
300201,20260218,1
300203,20260218,1
300207,20260218,1
300211,20260218,1
300215,20260218,1
300219,20260218,1
300223,20260218,1
300225,20260218,1
300227,20260218,1
300229,20260218,1
300233,20260218,1
300237,20260218,1
300241,20260218,1
300245,20260218,1
300249,20260218,1
300253,20260218,1
300257,20260218,1
300261,20260218,1
299773,20260219,1
299776,20260219,1
299779,20260219,1
299782,20260219,1
299785,20260219,1
299787,20260219,1
299790,20260219,1
299793,20260219,1
299796,20260219,1
299799,20260219,1
299802,20260219,1
299805,20260219,1
299808,20260219,1
299811,20260219,1
299814,20260219,1
299817,20260219,1
299820,20260219,1
299823,20260219,1
299826,20260219,1
299829,20260219,1
299832,20260219,1
299835,20260219,1
299838,20260219,1
299841,20260219,1
299844,20260219,1
299847,20260219,1
299850,20260219,1
299853,20260219,1
299856,20260219,1
299859,20260219,1
299862,20260219,1
299863,20260219,1
299864,20260219,1
299867,20260219,1
299870,20260219,1
299873,20260219,1
299876,20260219,1
299879,20260219,1
299882,20260219,1
299885,20260219,1
299888,20260219,1
299889,20260219,1
299890,20260219,1
299891,20260219,1
299897,20260219,1
299900,20260219,1
299901,20260219,1
299902,20260219,1
299903,20260219,1
299905,20260219,1
299908,20260219,1
299911,20260219,1
299914,20260219,1
299917,20260219,1
299920,20260219,1
299923,20260219,1
299926,20260219,1
299929,20260219,1
299932,20260219,1
299934,20260219,1
299937,20260219,1
299938,20260219,1
299941,20260219,1
299946,20260219,1
299949,20260219,1
299953,20260219,1
299956,20260219,1
299959,20260219,1
299962,20260219,1
299965,20260219,1
299969,20260219,1
299972,20260219,1
299975,20260219,1
299978,20260219,1
299981,20260219,1
299984,20260219,1
299987,20260219,1
299990,20260219,1
299993,20260219,1
299996,20260219,1
299999,20260219,1
300002,20260219,1
300005,20260219,1
300008,20260219,1
300009,20260219,1
300012,20260219,1
300015,20260219,1
300018,20260219,1
300021,20260219,1
300024,20260219,1
300027,20260219,1
300030,20260219,1
300033,20260219,1
300036,20260219,1
300039,20260219,1
300042,20260219,1
300043,20260219,1
300046,20260219,1
300049,20260219,1
300050,20260219,1
300051,20260219,1
300052,20260219,1
300055,20260219,1
300058,20260219,1
300061,20260219,1
300064,20260219,1
300065,20260219,1
300066,20260219,1
300069,20260219,1
300070,20260219,1
300073,20260219,1
300076,20260219,1
300079,20260219,1
300082,20260219,1
300083,20260219,1
300084,20260219,1
300085,20260219,1
300088,20260219,1
300089,20260219,1
300092,20260219,1
300095,20260219,1
300098,20260219,1
300099,20260219,1
300102,20260219,1
300105,20260219,1
300108,20260219,1
300111,20260219,1
300114,20260219,1
300115,20260219,1
300116,20260219,1
300117,20260219,1
300120,20260219,1
300123,20260219,1
300124,20260219,1
300125,20260219,1
300126,20260219,1
300127,20260219,1
300130,20260219,1
300137,20260219,1
300141,20260219,1
300145,20260219,1
300149,20260219,1
300153,20260219,1
300157,20260219,1
300161,20260219,1
300165,20260219,1
300169,20260219,1
300173,20260219,1
300177,20260219,1
300181,20260219,1
300185,20260219,1
300189,20260219,1
300193,20260219,1
300197,20260219,1
300201,20260219,1
300203,20260219,1
300207,20260219,1
300211,20260219,1
300215,20260219,1
300219,20260219,1
300223,20260219,1
300225,20260219,1
300227,20260219,1
300229,20260219,1
300233,20260219,1
300237,20260219,1
300241,20260219,1
300245,20260219,1
300249,20260219,1
300253,20260219,1
300257,20260219,1
300261,20260219,1
299773,20260220,1
299776,20260220,1
299779,20260220,1
299782,20260220,1
299785,20260220,1
299787,20260220,1
299790,20260220,1
299793,20260220,1
299796,20260220,1
299799,20260220,1
299802,20260220,1
299805,20260220,1
299808,20260220,1
299811,20260220,1
299814,20260220,1
299817,20260220,1
299820,20260220,1
299823,20260220,1
299826,20260220,1
299829,20260220,1
299832,20260220,1
299835,20260220,1
299838,20260220,1
299841,20260220,1
299844,20260220,1
299847,20260220,1
299850,20260220,1
299853,20260220,1
299856,20260220,1
299859,20260220,1
299862,20260220,1
299863,20260220,1
299864,20260220,1
299867,20260220,1
299870,20260220,1
299873,20260220,1
299876,20260220,1
299879,20260220,1
299882,20260220,1
299885,20260220,1
299888,20260220,1
299889,20260220,1
299890,20260220,1
299891,20260220,1
299897,20260220,1
299900,20260220,1
299901,20260220,1
299902,20260220,1
299903,20260220,1
299905,20260220,1
299908,20260220,1
299911,20260220,1
299914,20260220,1
299917,20260220,1
299920,20260220,1
299923,20260220,1
299926,20260220,1
299929,20260220,1
299932,20260220,1
299934,20260220,1
299937,20260220,1
299938,20260220,1
299941,20260220,1
299946,20260220,1
299949,20260220,1
299953,20260220,1
299956,20260220,1
299959,20260220,1
299962,20260220,1
299965,20260220,1
299969,20260220,1
299972,20260220,1
299975,20260220,1
299978,20260220,1
299981,20260220,1
299984,20260220,1
299987,20260220,1
299990,20260220,1
299993,20260220,1
299996,20260220,1
299999,20260220,1
300002,20260220,1
300005,20260220,1
300008,20260220,1
300009,20260220,1
300012,20260220,1
300015,20260220,1
300018,20260220,1
300021,20260220,1
300024,20260220,1
300027,20260220,1
300030,20260220,1
300033,20260220,1
300036,20260220,1
300039,20260220,1
300042,20260220,1
300043,20260220,1
300046,20260220,1
300049,20260220,1
300050,20260220,1
300051,20260220,1
300052,20260220,1
300055,20260220,1
300058,20260220,1
300061,20260220,1
300064,20260220,1
300065,20260220,1
300066,20260220,1
300069,20260220,1
300070,20260220,1
300073,20260220,1
300076,20260220,1
300079,20260220,1
300082,20260220,1
300083,20260220,1
300084,20260220,1
300085,20260220,1
300088,20260220,1
300089,20260220,1
300092,20260220,1
300095,20260220,1
300098,20260220,1
300099,20260220,1
300102,20260220,1
300105,20260220,1
300108,20260220,1
300111,20260220,1
300114,20260220,1
300115,20260220,1
300116,20260220,1
300117,20260220,1
300120,20260220,1
300123,20260220,1
300124,20260220,1
300125,20260220,1
300126,20260220,1
300127,20260220,1
300130,20260220,1
300136,20260220,1
300140,20260220,1
300144,20260220,1
300148,20260220,1
300152,20260220,1
300156,20260220,1
300160,20260220,1
300164,20260220,1
300168,20260220,1
300172,20260220,1
300176,20260220,1
300180,20260220,1
300184,20260220,1
300188,20260220,1
300192,20260220,1
300196,20260220,1
300200,20260220,1
300202,20260220,1
300206,20260220,1
300210,20260220,1
300214,20260220,1
300218,20260220,1
300222,20260220,1
300224,20260220,1
300226,20260220,1
300228,20260220,1
300232,20260220,1
300236,20260220,1
300240,20260220,1
300244,20260220,1
300248,20260220,1
300252,20260220,1
300256,20260220,1
300260,20260220,1
299772,20260221,1
299775,20260221,1
299778,20260221,1
299781,20260221,1
299784,20260221,1
299786,20260221,1
299789,20260221,1
299792,20260221,1
299795,20260221,1
299798,20260221,1
299801,20260221,1
299804,20260221,1
299807,20260221,1
299810,20260221,1
299813,20260221,1
299816,20260221,1
299819,20260221,1
299822,20260221,1
299825,20260221,1
299828,20260221,1
299831,20260221,1
299834,20260221,1
299837,20260221,1
299840,20260221,1
299843,20260221,1
299846,20260221,1
299849,20260221,1
299852,20260221,1
299855,20260221,1
299858,20260221,1
299861,20260221,1
299866,20260221,1
299869,20260221,1
299872,20260221,1
299875,20260221,1
299878,20260221,1
299881,20260221,1
299884,20260221,1
299887,20260221,1
299896,20260221,1
299899,20260221,1
299904,20260221,1
299907,20260221,1
299910,20260221,1
299913,20260221,1
299916,20260221,1
299919,20260221,1
299922,20260221,1
299925,20260221,1
299928,20260221,1
299931,20260221,1
299933,20260221,1
299936,20260221,1
299940,20260221,1
299943,20260221,1
299945,20260221,1
299948,20260221,1
299952,20260221,1
299955,20260221,1
299958,20260221,1
299961,20260221,1
299964,20260221,1
299968,20260221,1
299971,20260221,1
299974,20260221,1
299977,20260221,1
299980,20260221,1
299983,20260221,1
299986,20260221,1
299989,20260221,1
299992,20260221,1
299995,20260221,1
299998,20260221,1
300001,20260221,1
300004,20260221,1
300007,20260221,1
300011,20260221,1
300014,20260221,1
300017,20260221,1
300020,20260221,1
300023,20260221,1
300026,20260221,1
300029,20260221,1
300032,20260221,1
300035,20260221,1
300038,20260221,1
300041,20260221,1
300045,20260221,1
300048,20260221,1
300054,20260221,1
300057,20260221,1
300060,20260221,1
300063,20260221,1
300068,20260221,1
300072,20260221,1
300075,20260221,1
300078,20260221,1
300081,20260221,1
300087,20260221,1
300091,20260221,1
300094,20260221,1
300097,20260221,1
300101,20260221,1
300104,20260221,1
300107,20260221,1
300110,20260221,1
300113,20260221,1
300119,20260221,1
300122,20260221,1
300129,20260221,1
300139,20260221,1
300143,20260221,1
300147,20260221,1
300151,20260221,1
300155,20260221,1
300159,20260221,1
300163,20260221,1
300167,20260221,1
300171,20260221,1
300175,20260221,1
300179,20260221,1
300183,20260221,1
300187,20260221,1
300191,20260221,1
300195,20260221,1
300199,20260221,1
300205,20260221,1
300209,20260221,1
300213,20260221,1
300217,20260221,1
300221,20260221,1
300231,20260221,1
300235,20260221,1
300239,20260221,1
300243,20260221,1
300247,20260221,1
300251,20260221,1
300255,20260221,1
300259,20260221,1
299771,20260222,1
299774,20260222,1
299777,20260222,1
299780,20260222,1
299783,20260222,1
299788,20260222,1
299791,20260222,1
299794,20260222,1
299797,20260222,1
299800,20260222,1
299803,20260222,1
299806,20260222,1
299809,20260222,1
299812,20260222,1
299815,20260222,1
299818,20260222,1
299821,20260222,1
299824,20260222,1
299827,20260222,1
299830,20260222,1
299833,20260222,1
299836,20260222,1
299839,20260222,1
299842,20260222,1
299845,20260222,1
299848,20260222,1
299851,20260222,1
299854,20260222,1
299857,20260222,1
299860,20260222,1
299865,20260222,1
299868,20260222,1
299871,20260222,1
299874,20260222,1
299877,20260222,1
299880,20260222,1
299883,20260222,1
299886,20260222,1
299895,20260222,1
299898,20260222,1
299906,20260222,1
299909,20260222,1
299912,20260222,1
299915,20260222,1
299918,20260222,1
299921,20260222,1
299924,20260222,1
299927,20260222,1
299930,20260222,1
299935,20260222,1
299939,20260222,1
299942,20260222,1
299944,20260222,1
299947,20260222,1
299951,20260222,1
299954,20260222,1
299957,20260222,1
299960,20260222,1
299963,20260222,1
299967,20260222,1
299970,20260222,1
299973,20260222,1
299976,20260222,1
299979,20260222,1
299982,20260222,1
299985,20260222,1
299988,20260222,1
299991,20260222,1
299994,20260222,1
299997,20260222,1
300000,20260222,1
300003,20260222,1
300006,20260222,1
300010,20260222,1
300013,20260222,1
300016,20260222,1
300019,20260222,1
300022,20260222,1
300025,20260222,1
300028,20260222,1
300031,20260222,1
300034,20260222,1
300037,20260222,1
300040,20260222,1
300044,20260222,1
300047,20260222,1
300053,20260222,1
300056,20260222,1
300059,20260222,1
300062,20260222,1
300067,20260222,1
300071,20260222,1
300074,20260222,1
300077,20260222,1
300080,20260222,1
300086,20260222,1
300090,20260222,1
300093,20260222,1
300096,20260222,1
300100,20260222,1
300103,20260222,1
300106,20260222,1
300109,20260222,1
300112,20260222,1
300118,20260222,1
300121,20260222,1
300128,20260222,1
300138,20260222,1
300142,20260222,1
300146,20260222,1
300150,20260222,1
300154,20260222,1
300158,20260222,1
300162,20260222,1
300166,20260222,1
300170,20260222,1
300174,20260222,1
300178,20260222,1
300182,20260222,1
300186,20260222,1
300190,20260222,1
300194,20260222,1
300198,20260222,1
300204,20260222,1
300208,20260222,1
300212,20260222,1
300216,20260222,1
300220,20260222,1
300230,20260222,1
300234,20260222,1
300238,20260222,1
300242,20260222,1
300246,20260222,1
300250,20260222,1
300254,20260222,1
300258,20260222,1
299773,20260223,1
299776,20260223,1
299779,20260223,1
299782,20260223,1
299785,20260223,1
299787,20260223,1
299790,20260223,1
299793,20260223,1
299796,20260223,1
299799,20260223,1
299802,20260223,1
299805,20260223,1
299808,20260223,1
299811,20260223,1
299814,20260223,1
299817,20260223,1
299820,20260223,1
299823,20260223,1
299826,20260223,1
299829,20260223,1
299832,20260223,1
299835,20260223,1
299838,20260223,1
299841,20260223,1
299844,20260223,1
299847,20260223,1
299850,20260223,1
299853,20260223,1
299856,20260223,1
299859,20260223,1
299862,20260223,1
299863,20260223,1
299864,20260223,1
299867,20260223,1
299870,20260223,1
299873,20260223,1
299876,20260223,1
299879,20260223,1
299882,20260223,1
299885,20260223,1
299888,20260223,1
299889,20260223,1
299890,20260223,1
299891,20260223,1
299897,20260223,1
299900,20260223,1
299901,20260223,1
299902,20260223,1
299903,20260223,1
299905,20260223,1
299908,20260223,1
299911,20260223,1
299914,20260223,1
299917,20260223,1
299920,20260223,1
299923,20260223,1
299926,20260223,1
299929,20260223,1
299932,20260223,1
299934,20260223,1
299937,20260223,1
299938,20260223,1
299941,20260223,1
299946,20260223,1
299949,20260223,1
299953,20260223,1
299956,20260223,1
299959,20260223,1
299962,20260223,1
299965,20260223,1
299969,20260223,1
299972,20260223,1
299975,20260223,1
299978,20260223,1
299981,20260223,1
299984,20260223,1
299987,20260223,1
299990,20260223,1
299993,20260223,1
299996,20260223,1
299999,20260223,1
300002,20260223,1
300005,20260223,1
300008,20260223,1
300009,20260223,1
300012,20260223,1
300015,20260223,1
300018,20260223,1
300021,20260223,1
300024,20260223,1
300027,20260223,1
300030,20260223,1
300033,20260223,1
300036,20260223,1
300039,20260223,1
300042,20260223,1
300043,20260223,1
300046,20260223,1
300049,20260223,1
300050,20260223,1
300051,20260223,1
300052,20260223,1
300055,20260223,1
300058,20260223,1
300061,20260223,1
300064,20260223,1
300065,20260223,1
300066,20260223,1
300069,20260223,1
300070,20260223,1
300073,20260223,1
300076,20260223,1
300079,20260223,1
300082,20260223,1
300083,20260223,1
300084,20260223,1
300085,20260223,1
300088,20260223,1
300089,20260223,1
300092,20260223,1
300095,20260223,1
300098,20260223,1
300099,20260223,1
300102,20260223,1
300105,20260223,1
300108,20260223,1
300111,20260223,1
300114,20260223,1
300115,20260223,1
300116,20260223,1
300117,20260223,1
300120,20260223,1
300123,20260223,1
300124,20260223,1
300125,20260223,1
300126,20260223,1
300127,20260223,1
300130,20260223,1
300137,20260223,1
300141,20260223,1
300145,20260223,1
300149,20260223,1
300153,20260223,1
300157,20260223,1
300161,20260223,1
300165,20260223,1
300169,20260223,1
300173,20260223,1
300177,20260223,1
300181,20260223,1
300185,20260223,1
300189,20260223,1
300193,20260223,1
300197,20260223,1
300201,20260223,1
300203,20260223,1
300207,20260223,1
300211,20260223,1
300215,20260223,1
300219,20260223,1
300223,20260223,1
300225,20260223,1
300227,20260223,1
300229,20260223,1
300233,20260223,1
300237,20260223,1
300241,20260223,1
300245,20260223,1
300249,20260223,1
300253,20260223,1
300257,20260223,1
300261,20260223,1
299773,20260224,1
299776,20260224,1
299779,20260224,1
299782,20260224,1
299785,20260224,1
299787,20260224,1
299790,20260224,1
299793,20260224,1
299796,20260224,1
299799,20260224,1
299802,20260224,1
299805,20260224,1
299808,20260224,1
299811,20260224,1
299814,20260224,1
299817,20260224,1
299820,20260224,1
299823,20260224,1
299826,20260224,1
299829,20260224,1
299832,20260224,1
299835,20260224,1
299838,20260224,1
299841,20260224,1
299844,20260224,1
299847,20260224,1
299850,20260224,1
299853,20260224,1
299856,20260224,1
299859,20260224,1
299862,20260224,1
299863,20260224,1
299864,20260224,1
299867,20260224,1
299870,20260224,1
299873,20260224,1
299876,20260224,1
299879,20260224,1
299882,20260224,1
299885,20260224,1
299888,20260224,1
299889,20260224,1
299890,20260224,1
299891,20260224,1
299897,20260224,1
299900,20260224,1
299901,20260224,1
299902,20260224,1
299903,20260224,1
299905,20260224,1
299908,20260224,1
299911,20260224,1
299914,20260224,1
299917,20260224,1
299920,20260224,1
299923,20260224,1
299926,20260224,1
299929,20260224,1
299932,20260224,1
299934,20260224,1
299937,20260224,1
299938,20260224,1
299941,20260224,1
299946,20260224,1
299949,20260224,1
299953,20260224,1
299956,20260224,1
299959,20260224,1
299962,20260224,1
299965,20260224,1
299969,20260224,1
299972,20260224,1
299975,20260224,1
299978,20260224,1
299981,20260224,1
299984,20260224,1
299987,20260224,1
299990,20260224,1
299993,20260224,1
299996,20260224,1
299999,20260224,1
300002,20260224,1
300005,20260224,1
300008,20260224,1
300009,20260224,1
300012,20260224,1
300015,20260224,1
300018,20260224,1
300021,20260224,1
300024,20260224,1
300027,20260224,1
300030,20260224,1
300033,20260224,1
300036,20260224,1
300039,20260224,1
300042,20260224,1
300043,20260224,1
300046,20260224,1
300049,20260224,1
300050,20260224,1
300051,20260224,1
300052,20260224,1
300055,20260224,1
300058,20260224,1
300061,20260224,1
300064,20260224,1
300065,20260224,1
300066,20260224,1
300069,20260224,1
300070,20260224,1
300073,20260224,1
300076,20260224,1
300079,20260224,1
300082,20260224,1
300083,20260224,1
300084,20260224,1
300085,20260224,1
300088,20260224,1
300089,20260224,1
300092,20260224,1
300095,20260224,1
300098,20260224,1
300099,20260224,1
300102,20260224,1
300105,20260224,1
300108,20260224,1
300111,20260224,1
300114,20260224,1
300115,20260224,1
300116,20260224,1
300117,20260224,1
300120,20260224,1
300123,20260224,1
300124,20260224,1
300125,20260224,1
300126,20260224,1
300127,20260224,1
300130,20260224,1
300137,20260224,1
300141,20260224,1
300145,20260224,1
300149,20260224,1
300153,20260224,1
300157,20260224,1
300161,20260224,1
300165,20260224,1
300169,20260224,1
300173,20260224,1
300177,20260224,1
300181,20260224,1
300185,20260224,1
300189,20260224,1
300193,20260224,1
300197,20260224,1
300201,20260224,1
300203,20260224,1
300207,20260224,1
300211,20260224,1
300215,20260224,1
300219,20260224,1
300223,20260224,1
300225,20260224,1
300227,20260224,1
300229,20260224,1
300233,20260224,1
300237,20260224,1
300241,20260224,1
300245,20260224,1
300249,20260224,1
300253,20260224,1
300257,20260224,1
300261,20260224,1
299773,20260225,1
299776,20260225,1
299779,20260225,1
299782,20260225,1
299785,20260225,1
299787,20260225,1
299790,20260225,1
299793,20260225,1
299796,20260225,1
299799,20260225,1
299802,20260225,1
299805,20260225,1
299808,20260225,1
299811,20260225,1
299814,20260225,1
299817,20260225,1
299820,20260225,1
299823,20260225,1
299826,20260225,1
299829,20260225,1
299832,20260225,1
299835,20260225,1
299838,20260225,1
299841,20260225,1
299844,20260225,1
299847,20260225,1
299850,20260225,1
299853,20260225,1
299856,20260225,1
299859,20260225,1
299862,20260225,1
299863,20260225,1
299864,20260225,1
299867,20260225,1
299870,20260225,1
299873,20260225,1
299876,20260225,1
299879,20260225,1
299882,20260225,1
299885,20260225,1
299888,20260225,1
299889,20260225,1
299890,20260225,1
299891,20260225,1
299897,20260225,1
299900,20260225,1
299901,20260225,1
299902,20260225,1
299903,20260225,1
299905,20260225,1
299908,20260225,1
299911,20260225,1
299914,20260225,1
299917,20260225,1
299920,20260225,1
299923,20260225,1
299926,20260225,1
299929,20260225,1
299932,20260225,1
299934,20260225,1
299937,20260225,1
299938,20260225,1
299941,20260225,1
299946,20260225,1
299949,20260225,1
299953,20260225,1
299956,20260225,1
299959,20260225,1
299962,20260225,1
299965,20260225,1
299969,20260225,1
299972,20260225,1
299975,20260225,1
299978,20260225,1
299981,20260225,1
299984,20260225,1
299987,20260225,1
299990,20260225,1
299993,20260225,1
299996,20260225,1
299999,20260225,1
300002,20260225,1
300005,20260225,1
300008,20260225,1
300009,20260225,1
300012,20260225,1
300015,20260225,1
300018,20260225,1
300021,20260225,1
300024,20260225,1
300027,20260225,1
300030,20260225,1
300033,20260225,1
300036,20260225,1
300039,20260225,1
300042,20260225,1
300043,20260225,1
300046,20260225,1
300049,20260225,1
300050,20260225,1
300051,20260225,1
300052,20260225,1
300055,20260225,1
300058,20260225,1
300061,20260225,1
300064,20260225,1
300065,20260225,1
300066,20260225,1
300069,20260225,1
300070,20260225,1
300073,20260225,1
300076,20260225,1
300079,20260225,1
300082,20260225,1
300083,20260225,1
300084,20260225,1
300085,20260225,1
300088,20260225,1
300089,20260225,1
300092,20260225,1
300095,20260225,1
300098,20260225,1
300099,20260225,1
300102,20260225,1
300105,20260225,1
300108,20260225,1
300111,20260225,1
300114,20260225,1
300115,20260225,1
300116,20260225,1
300117,20260225,1
300120,20260225,1
300123,20260225,1
300124,20260225,1
300125,20260225,1
300126,20260225,1
300127,20260225,1
300130,20260225,1
300137,20260225,1
300141,20260225,1
300145,20260225,1
300149,20260225,1
300153,20260225,1
300157,20260225,1
300161,20260225,1
300165,20260225,1
300169,20260225,1
300173,20260225,1
300177,20260225,1
300181,20260225,1
300185,20260225,1
300189,20260225,1
300193,20260225,1
300197,20260225,1
300201,20260225,1
300203,20260225,1
300207,20260225,1
300211,20260225,1
300215,20260225,1
300219,20260225,1
300223,20260225,1
300225,20260225,1
300227,20260225,1
300229,20260225,1
300233,20260225,1
300237,20260225,1
300241,20260225,1
300245,20260225,1
300249,20260225,1
300253,20260225,1
300257,20260225,1
300261,20260225,1
299773,20260226,1
299776,20260226,1
299779,20260226,1
299782,20260226,1
299785,20260226,1
299787,20260226,1
299790,20260226,1
299793,20260226,1
299796,20260226,1
299799,20260226,1
299802,20260226,1
299805,20260226,1
299808,20260226,1
299811,20260226,1
299814,20260226,1
299817,20260226,1
299820,20260226,1
299823,20260226,1
299826,20260226,1
299829,20260226,1
299832,20260226,1
299835,20260226,1
299838,20260226,1
299841,20260226,1
299844,20260226,1
299847,20260226,1
299850,20260226,1
299853,20260226,1
299856,20260226,1
299859,20260226,1
299862,20260226,1
299863,20260226,1
299864,20260226,1
299867,20260226,1
299870,20260226,1
299873,20260226,1
299876,20260226,1
299879,20260226,1
299882,20260226,1
299885,20260226,1
299888,20260226,1
299889,20260226,1
299890,20260226,1
299891,20260226,1
299897,20260226,1
299900,20260226,1
299901,20260226,1
299902,20260226,1
299903,20260226,1
299905,20260226,1
299908,20260226,1
299911,20260226,1
299914,20260226,1
299917,20260226,1
299920,20260226,1
299923,20260226,1
299926,20260226,1
299929,20260226,1
299932,20260226,1
299934,20260226,1
299937,20260226,1
299938,20260226,1
299941,20260226,1
299946,20260226,1
299949,20260226,1
299953,20260226,1
299956,20260226,1
299959,20260226,1
299962,20260226,1
299965,20260226,1
299969,20260226,1
299972,20260226,1
299975,20260226,1
299978,20260226,1
299981,20260226,1
299984,20260226,1
299987,20260226,1
299990,20260226,1
299993,20260226,1
299996,20260226,1
299999,20260226,1
300002,20260226,1
300005,20260226,1
300008,20260226,1
300009,20260226,1
300012,20260226,1
300015,20260226,1
300018,20260226,1
300021,20260226,1
300024,20260226,1
300027,20260226,1
300030,20260226,1
300033,20260226,1
300036,20260226,1
300039,20260226,1
300042,20260226,1
300043,20260226,1
300046,20260226,1
300049,20260226,1
300050,20260226,1
300051,20260226,1
300052,20260226,1
300055,20260226,1
300058,20260226,1
300061,20260226,1
300064,20260226,1
300065,20260226,1
300066,20260226,1
300069,20260226,1
300070,20260226,1
300073,20260226,1
300076,20260226,1
300079,20260226,1
300082,20260226,1
300083,20260226,1
300084,20260226,1
300085,20260226,1
300088,20260226,1
300089,20260226,1
300092,20260226,1
300095,20260226,1
300098,20260226,1
300099,20260226,1
300102,20260226,1
300105,20260226,1
300108,20260226,1
300111,20260226,1
300114,20260226,1
300115,20260226,1
300116,20260226,1
300117,20260226,1
300120,20260226,1
300123,20260226,1
300124,20260226,1
300125,20260226,1
300126,20260226,1
300127,20260226,1
300130,20260226,1
300137,20260226,1
300141,20260226,1
300145,20260226,1
300149,20260226,1
300153,20260226,1
300157,20260226,1
300161,20260226,1
300165,20260226,1
300169,20260226,1
300173,20260226,1
300177,20260226,1
300181,20260226,1
300185,20260226,1
300189,20260226,1
300193,20260226,1
300197,20260226,1
300201,20260226,1
300203,20260226,1
300207,20260226,1
300211,20260226,1
300215,20260226,1
300219,20260226,1
300223,20260226,1
300225,20260226,1
300227,20260226,1
300229,20260226,1
300233,20260226,1
300237,20260226,1
300241,20260226,1
300245,20260226,1
300249,20260226,1
300253,20260226,1
300257,20260226,1
300261,20260226,1
299773,20260227,1
299776,20260227,1
299779,20260227,1
299782,20260227,1
299785,20260227,1
299787,20260227,1
299790,20260227,1
299793,20260227,1
299796,20260227,1
299799,20260227,1
299802,20260227,1
299805,20260227,1
299808,20260227,1
299811,20260227,1
299814,20260227,1
299817,20260227,1
299820,20260227,1
299823,20260227,1
299826,20260227,1
299829,20260227,1
299832,20260227,1
299835,20260227,1
299838,20260227,1
299841,20260227,1
299844,20260227,1
299847,20260227,1
299850,20260227,1
299853,20260227,1
299856,20260227,1
299859,20260227,1
299862,20260227,1
299863,20260227,1
299864,20260227,1
299867,20260227,1
299870,20260227,1
299873,20260227,1
299876,20260227,1
299879,20260227,1
299882,20260227,1
299885,20260227,1
299888,20260227,1
299889,20260227,1
299890,20260227,1
299891,20260227,1
299897,20260227,1
299900,20260227,1
299901,20260227,1
299902,20260227,1
299903,20260227,1
299905,20260227,1
299908,20260227,1
299911,20260227,1
299914,20260227,1
299917,20260227,1
299920,20260227,1
299923,20260227,1
299926,20260227,1
299929,20260227,1
299932,20260227,1
299934,20260227,1
299937,20260227,1
299938,20260227,1
299941,20260227,1
299946,20260227,1
299949,20260227,1
299953,20260227,1
299956,20260227,1
299959,20260227,1
299962,20260227,1
299965,20260227,1
299969,20260227,1
299972,20260227,1
299975,20260227,1
299978,20260227,1
299981,20260227,1
299984,20260227,1
299987,20260227,1
299990,20260227,1
299993,20260227,1
299996,20260227,1
299999,20260227,1
300002,20260227,1
300005,20260227,1
300008,20260227,1
300009,20260227,1
300012,20260227,1
300015,20260227,1
300018,20260227,1
300021,20260227,1
300024,20260227,1
300027,20260227,1
300030,20260227,1
300033,20260227,1
300036,20260227,1
300039,20260227,1
300042,20260227,1
300043,20260227,1
300046,20260227,1
300049,20260227,1
300050,20260227,1
300051,20260227,1
300052,20260227,1
300055,20260227,1
300058,20260227,1
300061,20260227,1
300064,20260227,1
300065,20260227,1
300066,20260227,1
300069,20260227,1
300070,20260227,1
300073,20260227,1
300076,20260227,1
300079,20260227,1
300082,20260227,1
300083,20260227,1
300084,20260227,1
300085,20260227,1
300088,20260227,1
300089,20260227,1
300092,20260227,1
300095,20260227,1
300098,20260227,1
300099,20260227,1
300102,20260227,1
300105,20260227,1
300108,20260227,1
300111,20260227,1
300114,20260227,1
300115,20260227,1
300116,20260227,1
300117,20260227,1
300120,20260227,1
300123,20260227,1
300124,20260227,1
300125,20260227,1
300126,20260227,1
300127,20260227,1
300130,20260227,1
300136,20260227,1
300140,20260227,1
300144,20260227,1
300148,20260227,1
300152,20260227,1
300156,20260227,1
300160,20260227,1
300164,20260227,1
300168,20260227,1
300172,20260227,1
300176,20260227,1
300180,20260227,1
300184,20260227,1
300188,20260227,1
300192,20260227,1
300196,20260227,1
300200,20260227,1
300202,20260227,1
300206,20260227,1
300210,20260227,1
300214,20260227,1
300218,20260227,1
300222,20260227,1
300224,20260227,1
300226,20260227,1
300228,20260227,1
300232,20260227,1
300236,20260227,1
300240,20260227,1
300244,20260227,1
300248,20260227,1
300252,20260227,1
300256,20260227,1
300260,20260227,1
299772,20260228,1
299775,20260228,1
299778,20260228,1
299781,20260228,1
299784,20260228,1
299786,20260228,1
299789,20260228,1
299792,20260228,1
299795,20260228,1
299798,20260228,1
299801,20260228,1
299804,20260228,1
299807,20260228,1
299810,20260228,1
299813,20260228,1
299816,20260228,1
299819,20260228,1
299822,20260228,1
299825,20260228,1
299828,20260228,1
299831,20260228,1
299834,20260228,1
299837,20260228,1
299840,20260228,1
299843,20260228,1
299846,20260228,1
299849,20260228,1
299852,20260228,1
299855,20260228,1
299858,20260228,1
299861,20260228,1
299866,20260228,1
299869,20260228,1
299872,20260228,1
299875,20260228,1
299878,20260228,1
299881,20260228,1
299884,20260228,1
299887,20260228,1
299896,20260228,1
299899,20260228,1
299904,20260228,1
299907,20260228,1
299910,20260228,1
299913,20260228,1
299916,20260228,1
299919,20260228,1
299922,20260228,1
299925,20260228,1
299928,20260228,1
299931,20260228,1
299933,20260228,1
299936,20260228,1
299940,20260228,1
299943,20260228,1
299945,20260228,1
299948,20260228,1
299952,20260228,1
299955,20260228,1
299958,20260228,1
299961,20260228,1
299964,20260228,1
299968,20260228,1
299971,20260228,1
299974,20260228,1
299977,20260228,1
299980,20260228,1
299983,20260228,1
299986,20260228,1
299989,20260228,1
299992,20260228,1
299995,20260228,1
299998,20260228,1
300001,20260228,1
300004,20260228,1
300007,20260228,1
300011,20260228,1
300014,20260228,1
300017,20260228,1
300020,20260228,1
300023,20260228,1
300026,20260228,1
300029,20260228,1
300032,20260228,1
300035,20260228,1
300038,20260228,1
300041,20260228,1
300045,20260228,1
300048,20260228,1
300054,20260228,1
300057,20260228,1
300060,20260228,1
300063,20260228,1
300068,20260228,1
300072,20260228,1
300075,20260228,1
300078,20260228,1
300081,20260228,1
300087,20260228,1
300091,20260228,1
300094,20260228,1
300097,20260228,1
300101,20260228,1
300104,20260228,1
300107,20260228,1
300110,20260228,1
300113,20260228,1
300119,20260228,1
300122,20260228,1
300129,20260228,1
300139,20260228,1
300143,20260228,1
300147,20260228,1
300151,20260228,1
300155,20260228,1
300159,20260228,1
300163,20260228,1
300167,20260228,1
300171,20260228,1
300175,20260228,1
300179,20260228,1
300183,20260228,1
300187,20260228,1
300191,20260228,1
300195,20260228,1
300199,20260228,1
300205,20260228,1
300209,20260228,1
300213,20260228,1
300217,20260228,1
300221,20260228,1
300231,20260228,1
300235,20260228,1
300239,20260228,1
300243,20260228,1
300247,20260228,1
300251,20260228,1
300255,20260228,1
300259,20260228,1
299771,20260301,1
299774,20260301,1
299777,20260301,1
299780,20260301,1
299783,20260301,1
299788,20260301,1
299791,20260301,1
299794,20260301,1
299797,20260301,1
299800,20260301,1
299803,20260301,1
299806,20260301,1
299809,20260301,1
299812,20260301,1
299815,20260301,1
299818,20260301,1
299821,20260301,1
299824,20260301,1
299827,20260301,1
299830,20260301,1
299833,20260301,1
299836,20260301,1
299839,20260301,1
299842,20260301,1
299845,20260301,1
299848,20260301,1
299851,20260301,1
299854,20260301,1
299857,20260301,1
299860,20260301,1
299865,20260301,1
299868,20260301,1
299871,20260301,1
299874,20260301,1
299877,20260301,1
299880,20260301,1
299883,20260301,1
299886,20260301,1
299895,20260301,1
299898,20260301,1
299906,20260301,1
299909,20260301,1
299912,20260301,1
299915,20260301,1
299918,20260301,1
299921,20260301,1
299924,20260301,1
299927,20260301,1
299930,20260301,1
299935,20260301,1
299939,20260301,1
299942,20260301,1
299944,20260301,1
299947,20260301,1
299951,20260301,1
299954,20260301,1
299957,20260301,1
299960,20260301,1
299963,20260301,1
299967,20260301,1
299970,20260301,1
299973,20260301,1
299976,20260301,1
299979,20260301,1
299982,20260301,1
299985,20260301,1
299988,20260301,1
299991,20260301,1
299994,20260301,1
299997,20260301,1
300000,20260301,1
300003,20260301,1
300006,20260301,1
300010,20260301,1
300013,20260301,1
300016,20260301,1
300019,20260301,1
300022,20260301,1
300025,20260301,1
300028,20260301,1
300031,20260301,1
300034,20260301,1
300037,20260301,1
300040,20260301,1
300044,20260301,1
300047,20260301,1
300053,20260301,1
300056,20260301,1
300059,20260301,1
300062,20260301,1
300067,20260301,1
300071,20260301,1
300074,20260301,1
300077,20260301,1
300080,20260301,1
300086,20260301,1
300090,20260301,1
300093,20260301,1
300096,20260301,1
300100,20260301,1
300103,20260301,1
300106,20260301,1
300109,20260301,1
300112,20260301,1
300118,20260301,1
300121,20260301,1
300128,20260301,1
300138,20260301,1
300142,20260301,1
300146,20260301,1
300150,20260301,1
300154,20260301,1
300158,20260301,1
300162,20260301,1
300166,20260301,1
300170,20260301,1
300174,20260301,1
300178,20260301,1
300182,20260301,1
300186,20260301,1
300190,20260301,1
300194,20260301,1
300198,20260301,1
300204,20260301,1
300208,20260301,1
300212,20260301,1
300216,20260301,1
300220,20260301,1
300230,20260301,1
300234,20260301,1
300238,20260301,1
300242,20260301,1
300246,20260301,1
300250,20260301,1
300254,20260301,1
300258,20260301,1
299773,20260302,1
299776,20260302,1
299779,20260302,1
299782,20260302,1
299785,20260302,1
299787,20260302,1
299790,20260302,1
299793,20260302,1
299796,20260302,1
299799,20260302,1
299802,20260302,1
299805,20260302,1
299808,20260302,1
299811,20260302,1
299814,20260302,1
299817,20260302,1
299820,20260302,1
299823,20260302,1
299826,20260302,1
299829,20260302,1
299832,20260302,1
299835,20260302,1
299838,20260302,1
299841,20260302,1
299844,20260302,1
299847,20260302,1
299850,20260302,1
299853,20260302,1
299856,20260302,1
299859,20260302,1
299862,20260302,1
299863,20260302,1
299864,20260302,1
299867,20260302,1
299870,20260302,1
299873,20260302,1
299876,20260302,1
299879,20260302,1
299882,20260302,1
299885,20260302,1
299888,20260302,1
299889,20260302,1
299890,20260302,1
299891,20260302,1
299897,20260302,1
299900,20260302,1
299901,20260302,1
299902,20260302,1
299903,20260302,1
299905,20260302,1
299908,20260302,1
299911,20260302,1
299914,20260302,1
299917,20260302,1
299920,20260302,1
299923,20260302,1
299926,20260302,1
299929,20260302,1
299932,20260302,1
299934,20260302,1
299937,20260302,1
299938,20260302,1
299941,20260302,1
299946,20260302,1
299949,20260302,1
299953,20260302,1
299956,20260302,1
299959,20260302,1
299962,20260302,1
299965,20260302,1
299969,20260302,1
299972,20260302,1
299975,20260302,1
299978,20260302,1
299981,20260302,1
299984,20260302,1
299987,20260302,1
299990,20260302,1
299993,20260302,1
299996,20260302,1
299999,20260302,1
300002,20260302,1
300005,20260302,1
300008,20260302,1
300009,20260302,1
300012,20260302,1
300015,20260302,1
300018,20260302,1
300021,20260302,1
300024,20260302,1
300027,20260302,1
300030,20260302,1
300033,20260302,1
300036,20260302,1
300039,20260302,1
300042,20260302,1
300043,20260302,1
300046,20260302,1
300049,20260302,1
300050,20260302,1
300051,20260302,1
300052,20260302,1
300055,20260302,1
300058,20260302,1
300061,20260302,1
300064,20260302,1
300065,20260302,1
300066,20260302,1
300069,20260302,1
300070,20260302,1
300073,20260302,1
300076,20260302,1
300079,20260302,1
300082,20260302,1
300083,20260302,1
300084,20260302,1
300085,20260302,1
300088,20260302,1
300089,20260302,1
300092,20260302,1
300095,20260302,1
300098,20260302,1
300099,20260302,1
300102,20260302,1
300105,20260302,1
300108,20260302,1
300111,20260302,1
300114,20260302,1
300115,20260302,1
300116,20260302,1
300117,20260302,1
300120,20260302,1
300123,20260302,1
300124,20260302,1
300125,20260302,1
300126,20260302,1
300127,20260302,1
300130,20260302,1
300137,20260302,1
300141,20260302,1
300145,20260302,1
300149,20260302,1
300153,20260302,1
300157,20260302,1
300161,20260302,1
300165,20260302,1
300169,20260302,1
300173,20260302,1
300177,20260302,1
300181,20260302,1
300185,20260302,1
300189,20260302,1
300193,20260302,1
300197,20260302,1
300201,20260302,1
300203,20260302,1
300207,20260302,1
300211,20260302,1
300215,20260302,1
300219,20260302,1
300223,20260302,1
300225,20260302,1
300227,20260302,1
300229,20260302,1
300233,20260302,1
300237,20260302,1
300241,20260302,1
300245,20260302,1
300249,20260302,1
300253,20260302,1
300257,20260302,1
300261,20260302,1
299773,20260303,1
299776,20260303,1
299779,20260303,1
299782,20260303,1
299785,20260303,1
299787,20260303,1
299790,20260303,1
299793,20260303,1
299796,20260303,1
299799,20260303,1
299802,20260303,1
299805,20260303,1
299808,20260303,1
299811,20260303,1
299814,20260303,1
299817,20260303,1
299820,20260303,1
299823,20260303,1
299826,20260303,1
299829,20260303,1
299832,20260303,1
299835,20260303,1
299838,20260303,1
299841,20260303,1
299844,20260303,1
299847,20260303,1
299850,20260303,1
299853,20260303,1
299856,20260303,1
299859,20260303,1
299862,20260303,1
299863,20260303,1
299864,20260303,1
299867,20260303,1
299870,20260303,1
299873,20260303,1
299876,20260303,1
299879,20260303,1
299882,20260303,1
299885,20260303,1
299888,20260303,1
299889,20260303,1
299890,20260303,1
299891,20260303,1
299897,20260303,1
299900,20260303,1
299901,20260303,1
299902,20260303,1
299903,20260303,1
299905,20260303,1
299908,20260303,1
299911,20260303,1
299914,20260303,1
299917,20260303,1
299920,20260303,1
299923,20260303,1
299926,20260303,1
299929,20260303,1
299932,20260303,1
299934,20260303,1
299937,20260303,1
299938,20260303,1
299941,20260303,1
299946,20260303,1
299949,20260303,1
299953,20260303,1
299956,20260303,1
299959,20260303,1
299962,20260303,1
299965,20260303,1
299969,20260303,1
299972,20260303,1
299975,20260303,1
299978,20260303,1
299981,20260303,1
299984,20260303,1
299987,20260303,1
299990,20260303,1
299993,20260303,1
299996,20260303,1
299999,20260303,1
300002,20260303,1
300005,20260303,1
300008,20260303,1
300009,20260303,1
300012,20260303,1
300015,20260303,1
300018,20260303,1
300021,20260303,1
300024,20260303,1
300027,20260303,1
300030,20260303,1
300033,20260303,1
300036,20260303,1
300039,20260303,1
300042,20260303,1
300043,20260303,1
300046,20260303,1
300049,20260303,1
300050,20260303,1
300051,20260303,1
300052,20260303,1
300055,20260303,1
300058,20260303,1
300061,20260303,1
300064,20260303,1
300065,20260303,1
300066,20260303,1
300069,20260303,1
300070,20260303,1
300073,20260303,1
300076,20260303,1
300079,20260303,1
300082,20260303,1
300083,20260303,1
300084,20260303,1
300085,20260303,1
300088,20260303,1
300089,20260303,1
300092,20260303,1
300095,20260303,1
300098,20260303,1
300099,20260303,1
300102,20260303,1
300105,20260303,1
300108,20260303,1
300111,20260303,1
300114,20260303,1
300115,20260303,1
300116,20260303,1
300117,20260303,1
300120,20260303,1
300123,20260303,1
300124,20260303,1
300125,20260303,1
300126,20260303,1
300127,20260303,1
300130,20260303,1
300137,20260303,1
300141,20260303,1
300145,20260303,1
300149,20260303,1
300153,20260303,1
300157,20260303,1
300161,20260303,1
300165,20260303,1
300169,20260303,1
300173,20260303,1
300177,20260303,1
300181,20260303,1
300185,20260303,1
300189,20260303,1
300193,20260303,1
300197,20260303,1
300201,20260303,1
300203,20260303,1
300207,20260303,1
300211,20260303,1
300215,20260303,1
300219,20260303,1
300223,20260303,1
300225,20260303,1
300227,20260303,1
300229,20260303,1
300233,20260303,1
300237,20260303,1
300241,20260303,1
300245,20260303,1
300249,20260303,1
300253,20260303,1
300257,20260303,1
300261,20260303,1
299773,20260304,1
299776,20260304,1
299779,20260304,1
299782,20260304,1
299785,20260304,1
299787,20260304,1
299790,20260304,1
299793,20260304,1
299796,20260304,1
299799,20260304,1
299802,20260304,1
299805,20260304,1
299808,20260304,1
299811,20260304,1
299814,20260304,1
299817,20260304,1
299820,20260304,1
299823,20260304,1
299826,20260304,1
299829,20260304,1
299832,20260304,1
299835,20260304,1
299838,20260304,1
299841,20260304,1
299844,20260304,1
299847,20260304,1
299850,20260304,1
299853,20260304,1
299856,20260304,1
299859,20260304,1
299862,20260304,1
299863,20260304,1
299864,20260304,1
299867,20260304,1
299870,20260304,1
299873,20260304,1
299876,20260304,1
299879,20260304,1
299882,20260304,1
299885,20260304,1
299888,20260304,1
299889,20260304,1
299890,20260304,1
299891,20260304,1
299897,20260304,1
299900,20260304,1
299901,20260304,1
299902,20260304,1
299903,20260304,1
299905,20260304,1
299908,20260304,1
299911,20260304,1
299914,20260304,1
299917,20260304,1
299920,20260304,1
299923,20260304,1
299926,20260304,1
299929,20260304,1
299932,20260304,1
299934,20260304,1
299937,20260304,1
299938,20260304,1
299941,20260304,1
299946,20260304,1
299949,20260304,1
299953,20260304,1
299956,20260304,1
299959,20260304,1
299962,20260304,1
299965,20260304,1
299969,20260304,1
299972,20260304,1
299975,20260304,1
299978,20260304,1
299981,20260304,1
299984,20260304,1
299987,20260304,1
299990,20260304,1
299993,20260304,1
299996,20260304,1
299999,20260304,1
300002,20260304,1
300005,20260304,1
300008,20260304,1
300009,20260304,1
300012,20260304,1
300015,20260304,1
300018,20260304,1
300021,20260304,1
300024,20260304,1
300027,20260304,1
300030,20260304,1
300033,20260304,1
300036,20260304,1
300039,20260304,1
300042,20260304,1
300043,20260304,1
300046,20260304,1
300049,20260304,1
300050,20260304,1
300051,20260304,1
300052,20260304,1
300055,20260304,1
300058,20260304,1
300061,20260304,1
300064,20260304,1
300065,20260304,1
300066,20260304,1
300069,20260304,1
300070,20260304,1
300073,20260304,1
300076,20260304,1
300079,20260304,1
300082,20260304,1
300083,20260304,1
300084,20260304,1
300085,20260304,1
300088,20260304,1
300089,20260304,1
300092,20260304,1
300095,20260304,1
300098,20260304,1
300099,20260304,1
300102,20260304,1
300105,20260304,1
300108,20260304,1
300111,20260304,1
300114,20260304,1
300115,20260304,1
300116,20260304,1
300117,20260304,1
300120,20260304,1
300123,20260304,1
300124,20260304,1
300125,20260304,1
300126,20260304,1
300127,20260304,1
300130,20260304,1
300137,20260304,1
300141,20260304,1
300145,20260304,1
300149,20260304,1
300153,20260304,1
300157,20260304,1
300161,20260304,1
300165,20260304,1
300169,20260304,1
300173,20260304,1
300177,20260304,1
300181,20260304,1
300185,20260304,1
300189,20260304,1
300193,20260304,1
300197,20260304,1
300201,20260304,1
300203,20260304,1
300207,20260304,1
300211,20260304,1
300215,20260304,1
300219,20260304,1
300223,20260304,1
300225,20260304,1
300227,20260304,1
300229,20260304,1
300233,20260304,1
300237,20260304,1
300241,20260304,1
300245,20260304,1
300249,20260304,1
300253,20260304,1
300257,20260304,1
300261,20260304,1
299773,20260305,1
299776,20260305,1
299779,20260305,1
299782,20260305,1
299785,20260305,1
299787,20260305,1
299790,20260305,1
299793,20260305,1
299796,20260305,1
299799,20260305,1
299802,20260305,1
299805,20260305,1
299808,20260305,1
299811,20260305,1
299814,20260305,1
299817,20260305,1
299820,20260305,1
299823,20260305,1
299826,20260305,1
299829,20260305,1
299832,20260305,1
299835,20260305,1
299838,20260305,1
299841,20260305,1
299844,20260305,1
299847,20260305,1
299850,20260305,1
299853,20260305,1
299856,20260305,1
299859,20260305,1
299862,20260305,1
299863,20260305,1
299864,20260305,1
299867,20260305,1
299870,20260305,1
299873,20260305,1
299876,20260305,1
299879,20260305,1
299882,20260305,1
299885,20260305,1
299888,20260305,1
299889,20260305,1
299890,20260305,1
299891,20260305,1
299897,20260305,1
299900,20260305,1
299901,20260305,1
299902,20260305,1
299903,20260305,1
299905,20260305,1
299908,20260305,1
299911,20260305,1
299914,20260305,1
299917,20260305,1
299920,20260305,1
299923,20260305,1
299926,20260305,1
299929,20260305,1
299932,20260305,1
299934,20260305,1
299937,20260305,1
299938,20260305,1
299941,20260305,1
299946,20260305,1
299949,20260305,1
299953,20260305,1
299956,20260305,1
299959,20260305,1
299962,20260305,1
299965,20260305,1
299969,20260305,1
299972,20260305,1
299975,20260305,1
299978,20260305,1
299981,20260305,1
299984,20260305,1
299987,20260305,1
299990,20260305,1
299993,20260305,1
299996,20260305,1
299999,20260305,1
300002,20260305,1
300005,20260305,1
300008,20260305,1
300009,20260305,1
300012,20260305,1
300015,20260305,1
300018,20260305,1
300021,20260305,1
300024,20260305,1
300027,20260305,1
300030,20260305,1
300033,20260305,1
300036,20260305,1
300039,20260305,1
300042,20260305,1
300043,20260305,1
300046,20260305,1
300049,20260305,1
300050,20260305,1
300051,20260305,1
300052,20260305,1
300055,20260305,1
300058,20260305,1
300061,20260305,1
300064,20260305,1
300065,20260305,1
300066,20260305,1
300069,20260305,1
300070,20260305,1
300073,20260305,1
300076,20260305,1
300079,20260305,1
300082,20260305,1
300083,20260305,1
300084,20260305,1
300085,20260305,1
300088,20260305,1
300089,20260305,1
300092,20260305,1
300095,20260305,1
300098,20260305,1
300099,20260305,1
300102,20260305,1
300105,20260305,1
300108,20260305,1
300111,20260305,1
300114,20260305,1
300115,20260305,1
300116,20260305,1
300117,20260305,1
300120,20260305,1
300123,20260305,1
300124,20260305,1
300125,20260305,1
300126,20260305,1
300127,20260305,1
300130,20260305,1
300137,20260305,1
300141,20260305,1
300145,20260305,1
300149,20260305,1
300153,20260305,1
300157,20260305,1
300161,20260305,1
300165,20260305,1
300169,20260305,1
300173,20260305,1
300177,20260305,1
300181,20260305,1
300185,20260305,1
300189,20260305,1
300193,20260305,1
300197,20260305,1
300201,20260305,1
300203,20260305,1
300207,20260305,1
300211,20260305,1
300215,20260305,1
300219,20260305,1
300223,20260305,1
300225,20260305,1
300227,20260305,1
300229,20260305,1
300233,20260305,1
300237,20260305,1
300241,20260305,1
300245,20260305,1
300249,20260305,1
300253,20260305,1
300257,20260305,1
300261,20260305,1
299773,20260306,1
299776,20260306,1
299779,20260306,1
299782,20260306,1
299785,20260306,1
299787,20260306,1
299790,20260306,1
299793,20260306,1
299796,20260306,1
299799,20260306,1
299802,20260306,1
299805,20260306,1
299808,20260306,1
299811,20260306,1
299814,20260306,1
299817,20260306,1
299820,20260306,1
299823,20260306,1
299826,20260306,1
299829,20260306,1
299832,20260306,1
299835,20260306,1
299838,20260306,1
299841,20260306,1
299844,20260306,1
299847,20260306,1
299850,20260306,1
299853,20260306,1
299856,20260306,1
299859,20260306,1
299862,20260306,1
299863,20260306,1
299864,20260306,1
299867,20260306,1
299870,20260306,1
299873,20260306,1
299876,20260306,1
299879,20260306,1
299882,20260306,1
299885,20260306,1
299888,20260306,1
299889,20260306,1
299890,20260306,1
299891,20260306,1
299897,20260306,1
299900,20260306,1
299901,20260306,1
299902,20260306,1
299903,20260306,1
299905,20260306,1
299908,20260306,1
299911,20260306,1
299914,20260306,1
299917,20260306,1
299920,20260306,1
299923,20260306,1
299926,20260306,1
299929,20260306,1
299932,20260306,1
299934,20260306,1
299937,20260306,1
299938,20260306,1
299941,20260306,1
299946,20260306,1
299949,20260306,1
299953,20260306,1
299956,20260306,1
299959,20260306,1
299962,20260306,1
299965,20260306,1
299969,20260306,1
299972,20260306,1
299975,20260306,1
299978,20260306,1
299981,20260306,1
299984,20260306,1
299987,20260306,1
299990,20260306,1
299993,20260306,1
299996,20260306,1
299999,20260306,1
300002,20260306,1
300005,20260306,1
300008,20260306,1
300009,20260306,1
300012,20260306,1
300015,20260306,1
300018,20260306,1
300021,20260306,1
300024,20260306,1
300027,20260306,1
300030,20260306,1
300033,20260306,1
300036,20260306,1
300039,20260306,1
300042,20260306,1
300043,20260306,1
300046,20260306,1
300049,20260306,1
300050,20260306,1
300051,20260306,1
300052,20260306,1
300055,20260306,1
300058,20260306,1
300061,20260306,1
300064,20260306,1
300065,20260306,1
300066,20260306,1
300069,20260306,1
300070,20260306,1
300073,20260306,1
300076,20260306,1
300079,20260306,1
300082,20260306,1
300083,20260306,1
300084,20260306,1
300085,20260306,1
300088,20260306,1
300089,20260306,1
300092,20260306,1
300095,20260306,1
300098,20260306,1
300099,20260306,1
300102,20260306,1
300105,20260306,1
300108,20260306,1
300111,20260306,1
300114,20260306,1
300115,20260306,1
300116,20260306,1
300117,20260306,1
300120,20260306,1
300123,20260306,1
300124,20260306,1
300125,20260306,1
300126,20260306,1
300127,20260306,1
300130,20260306,1
300136,20260306,1
300140,20260306,1
300144,20260306,1
300148,20260306,1
300152,20260306,1
300156,20260306,1
300160,20260306,1
300164,20260306,1
300168,20260306,1
300172,20260306,1
300176,20260306,1
300180,20260306,1
300184,20260306,1
300188,20260306,1
300192,20260306,1
300196,20260306,1
300200,20260306,1
300202,20260306,1
300206,20260306,1
300210,20260306,1
300214,20260306,1
300218,20260306,1
300222,20260306,1
300224,20260306,1
300226,20260306,1
300228,20260306,1
300232,20260306,1
300236,20260306,1
300240,20260306,1
300244,20260306,1
300248,20260306,1
300252,20260306,1
300256,20260306,1
300260,20260306,1
299772,20260307,1
299775,20260307,1
299778,20260307,1
299781,20260307,1
299784,20260307,1
299786,20260307,1
299789,20260307,1
299792,20260307,1
299795,20260307,1
299798,20260307,1
299801,20260307,1
299804,20260307,1
299807,20260307,1
299810,20260307,1
299813,20260307,1
299816,20260307,1
299819,20260307,1
299822,20260307,1
299825,20260307,1
299828,20260307,1
299831,20260307,1
299834,20260307,1
299837,20260307,1
299840,20260307,1
299843,20260307,1
299846,20260307,1
299849,20260307,1
299852,20260307,1
299855,20260307,1
299858,20260307,1
299861,20260307,1
299866,20260307,1
299869,20260307,1
299872,20260307,1
299875,20260307,1
299878,20260307,1
299881,20260307,1
299884,20260307,1
299887,20260307,1
299896,20260307,1
299899,20260307,1
299904,20260307,1
299907,20260307,1
299910,20260307,1
299913,20260307,1
299916,20260307,1
299919,20260307,1
299922,20260307,1
299925,20260307,1
299928,20260307,1
299931,20260307,1
299933,20260307,1
299936,20260307,1
299940,20260307,1
299943,20260307,1
299945,20260307,1
299948,20260307,1
299952,20260307,1
299955,20260307,1
299958,20260307,1
299961,20260307,1
299964,20260307,1
299968,20260307,1
299971,20260307,1
299974,20260307,1
299977,20260307,1
299980,20260307,1
299983,20260307,1
299986,20260307,1
299989,20260307,1
299992,20260307,1
299995,20260307,1
299998,20260307,1
300001,20260307,1
300004,20260307,1
300007,20260307,1
300011,20260307,1
300014,20260307,1
300017,20260307,1
300020,20260307,1
300023,20260307,1
300026,20260307,1
300029,20260307,1
300032,20260307,1
300035,20260307,1
300038,20260307,1
300041,20260307,1
300045,20260307,1
300048,20260307,1
300054,20260307,1
300057,20260307,1
300060,20260307,1
300063,20260307,1
300068,20260307,1
300072,20260307,1
300075,20260307,1
300078,20260307,1
300081,20260307,1
300087,20260307,1
300091,20260307,1
300094,20260307,1
300097,20260307,1
300101,20260307,1
300104,20260307,1
300107,20260307,1
300110,20260307,1
300113,20260307,1
300119,20260307,1
300122,20260307,1
300129,20260307,1
300139,20260307,1
300143,20260307,1
300147,20260307,1
300151,20260307,1
300155,20260307,1
300159,20260307,1
300163,20260307,1
300167,20260307,1
300171,20260307,1
300175,20260307,1
300179,20260307,1
300183,20260307,1
300187,20260307,1
300191,20260307,1
300195,20260307,1
300199,20260307,1
300205,20260307,1
300209,20260307,1
300213,20260307,1
300217,20260307,1
300221,20260307,1
300231,20260307,1
300235,20260307,1
300239,20260307,1
300243,20260307,1
300247,20260307,1
300251,20260307,1
300255,20260307,1
300259,20260307,1
299771,20260308,1
299774,20260308,1
299777,20260308,1
299780,20260308,1
299783,20260308,1
299788,20260308,1
299791,20260308,1
299794,20260308,1
299797,20260308,1
299800,20260308,1
299803,20260308,1
299806,20260308,1
299809,20260308,1
299812,20260308,1
299815,20260308,1
299818,20260308,1
299821,20260308,1
299824,20260308,1
299827,20260308,1
299830,20260308,1
299833,20260308,1
299836,20260308,1
299839,20260308,1
299842,20260308,1
299845,20260308,1
299848,20260308,1
299851,20260308,1
299854,20260308,1
299857,20260308,1
299860,20260308,1
299865,20260308,1
299868,20260308,1
299871,20260308,1
299874,20260308,1
299877,20260308,1
299880,20260308,1
299883,20260308,1
299886,20260308,1
299895,20260308,1
299898,20260308,1
299906,20260308,1
299909,20260308,1
299912,20260308,1
299915,20260308,1
299918,20260308,1
299921,20260308,1
299924,20260308,1
299927,20260308,1
299930,20260308,1
299935,20260308,1
299939,20260308,1
299942,20260308,1
299944,20260308,1
299947,20260308,1
299951,20260308,1
299954,20260308,1
299957,20260308,1
299960,20260308,1
299963,20260308,1
299967,20260308,1
299970,20260308,1
299973,20260308,1
299976,20260308,1
299979,20260308,1
299982,20260308,1
299985,20260308,1
299988,20260308,1
299991,20260308,1
299994,20260308,1
299997,20260308,1
300000,20260308,1
300003,20260308,1
300006,20260308,1
300010,20260308,1
300013,20260308,1
300016,20260308,1
300019,20260308,1
300022,20260308,1
300025,20260308,1
300028,20260308,1
300031,20260308,1
300034,20260308,1
300037,20260308,1
300040,20260308,1
300044,20260308,1
300047,20260308,1
300053,20260308,1
300056,20260308,1
300059,20260308,1
300062,20260308,1
300067,20260308,1
300071,20260308,1
300074,20260308,1
300077,20260308,1
300080,20260308,1
300086,20260308,1
300090,20260308,1
300093,20260308,1
300096,20260308,1
300100,20260308,1
300103,20260308,1
300106,20260308,1
300109,20260308,1
300112,20260308,1
300118,20260308,1
300121,20260308,1
300128,20260308,1
300138,20260308,1
300142,20260308,1
300146,20260308,1
300150,20260308,1
300154,20260308,1
300158,20260308,1
300162,20260308,1
300166,20260308,1
300170,20260308,1
300174,20260308,1
300178,20260308,1
300182,20260308,1
300186,20260308,1
300190,20260308,1
300194,20260308,1
300198,20260308,1
300204,20260308,1
300208,20260308,1
300212,20260308,1
300216,20260308,1
300220,20260308,1
300230,20260308,1
300234,20260308,1
300238,20260308,1
300242,20260308,1
300246,20260308,1
300250,20260308,1
300254,20260308,1
300258,20260308,1
299773,20260309,1
299776,20260309,1
299779,20260309,1
299782,20260309,1
299785,20260309,1
299787,20260309,1
299790,20260309,1
299793,20260309,1
299796,20260309,1
299799,20260309,1
299802,20260309,1
299805,20260309,1
299808,20260309,1
299811,20260309,1
299814,20260309,1
299817,20260309,1
299820,20260309,1
299823,20260309,1
299826,20260309,1
299829,20260309,1
299832,20260309,1
299835,20260309,1
299838,20260309,1
299841,20260309,1
299844,20260309,1
299847,20260309,1
299850,20260309,1
299853,20260309,1
299856,20260309,1
299859,20260309,1
299862,20260309,1
299863,20260309,1
299864,20260309,1
299867,20260309,1
299870,20260309,1
299873,20260309,1
299876,20260309,1
299879,20260309,1
299882,20260309,1
299885,20260309,1
299888,20260309,1
299889,20260309,1
299890,20260309,1
299891,20260309,1
299897,20260309,1
299900,20260309,1
299901,20260309,1
299902,20260309,1
299903,20260309,1
299905,20260309,1
299908,20260309,1
299911,20260309,1
299914,20260309,1
299917,20260309,1
299920,20260309,1
299923,20260309,1
299926,20260309,1
299929,20260309,1
299932,20260309,1
299934,20260309,1
299937,20260309,1
299938,20260309,1
299941,20260309,1
299946,20260309,1
299949,20260309,1
299953,20260309,1
299956,20260309,1
299959,20260309,1
299962,20260309,1
299965,20260309,1
299969,20260309,1
299972,20260309,1
299975,20260309,1
299978,20260309,1
299981,20260309,1
299984,20260309,1
299987,20260309,1
299990,20260309,1
299993,20260309,1
299996,20260309,1
299999,20260309,1
300002,20260309,1
300005,20260309,1
300008,20260309,1
300009,20260309,1
300012,20260309,1
300015,20260309,1
300018,20260309,1
300021,20260309,1
300024,20260309,1
300027,20260309,1
300030,20260309,1
300033,20260309,1
300036,20260309,1
300039,20260309,1
300042,20260309,1
300043,20260309,1
300046,20260309,1
300049,20260309,1
300050,20260309,1
300051,20260309,1
300052,20260309,1
300055,20260309,1
300058,20260309,1
300061,20260309,1
300064,20260309,1
300065,20260309,1
300066,20260309,1
300069,20260309,1
300070,20260309,1
300073,20260309,1
300076,20260309,1
300079,20260309,1
300082,20260309,1
300083,20260309,1
300084,20260309,1
300085,20260309,1
300088,20260309,1
300089,20260309,1
300092,20260309,1
300095,20260309,1
300098,20260309,1
300099,20260309,1
300102,20260309,1
300105,20260309,1
300108,20260309,1
300111,20260309,1
300114,20260309,1
300115,20260309,1
300116,20260309,1
300117,20260309,1
300120,20260309,1
300123,20260309,1
300124,20260309,1
300125,20260309,1
300126,20260309,1
300127,20260309,1
300130,20260309,1
300137,20260309,1
300141,20260309,1
300145,20260309,1
300149,20260309,1
300153,20260309,1
300157,20260309,1
300161,20260309,1
300165,20260309,1
300169,20260309,1
300173,20260309,1
300177,20260309,1
300181,20260309,1
300185,20260309,1
300189,20260309,1
300193,20260309,1
300197,20260309,1
300201,20260309,1
300203,20260309,1
300207,20260309,1
300211,20260309,1
300215,20260309,1
300219,20260309,1
300223,20260309,1
300225,20260309,1
300227,20260309,1
300229,20260309,1
300233,20260309,1
300237,20260309,1
300241,20260309,1
300245,20260309,1
300249,20260309,1
300253,20260309,1
300257,20260309,1
300261,20260309,1
299773,20260310,1
299776,20260310,1
299779,20260310,1
299782,20260310,1
299785,20260310,1
299787,20260310,1
299790,20260310,1
299793,20260310,1
299796,20260310,1
299799,20260310,1
299802,20260310,1
299805,20260310,1
299808,20260310,1
299811,20260310,1
299814,20260310,1
299817,20260310,1
299820,20260310,1
299823,20260310,1
299826,20260310,1
299829,20260310,1
299832,20260310,1
299835,20260310,1
299838,20260310,1
299841,20260310,1
299844,20260310,1
299847,20260310,1
299850,20260310,1
299853,20260310,1
299856,20260310,1
299859,20260310,1
299862,20260310,1
299863,20260310,1
299864,20260310,1
299867,20260310,1
299870,20260310,1
299873,20260310,1
299876,20260310,1
299879,20260310,1
299882,20260310,1
299885,20260310,1
299888,20260310,1
299889,20260310,1
299890,20260310,1
299891,20260310,1
299897,20260310,1
299900,20260310,1
299901,20260310,1
299902,20260310,1
299903,20260310,1
299905,20260310,1
299908,20260310,1
299911,20260310,1
299914,20260310,1
299917,20260310,1
299920,20260310,1
299923,20260310,1
299926,20260310,1
299929,20260310,1
299932,20260310,1
299934,20260310,1
299937,20260310,1
299938,20260310,1
299941,20260310,1
299946,20260310,1
299949,20260310,1
299953,20260310,1
299956,20260310,1
299959,20260310,1
299962,20260310,1
299965,20260310,1
299969,20260310,1
299972,20260310,1
299975,20260310,1
299978,20260310,1
299981,20260310,1
299984,20260310,1
299987,20260310,1
299990,20260310,1
299993,20260310,1
299996,20260310,1
299999,20260310,1
300002,20260310,1
300005,20260310,1
300008,20260310,1
300009,20260310,1
300012,20260310,1
300015,20260310,1
300018,20260310,1
300021,20260310,1
300024,20260310,1
300027,20260310,1
300030,20260310,1
300033,20260310,1
300036,20260310,1
300039,20260310,1
300042,20260310,1
300043,20260310,1
300046,20260310,1
300049,20260310,1
300050,20260310,1
300051,20260310,1
300052,20260310,1
300055,20260310,1
300058,20260310,1
300061,20260310,1
300064,20260310,1
300065,20260310,1
300066,20260310,1
300069,20260310,1
300070,20260310,1
300073,20260310,1
300076,20260310,1
300079,20260310,1
300082,20260310,1
300083,20260310,1
300084,20260310,1
300085,20260310,1
300088,20260310,1
300089,20260310,1
300092,20260310,1
300095,20260310,1
300098,20260310,1
300099,20260310,1
300102,20260310,1
300105,20260310,1
300108,20260310,1
300111,20260310,1
300114,20260310,1
300115,20260310,1
300116,20260310,1
300117,20260310,1
300120,20260310,1
300123,20260310,1
300124,20260310,1
300125,20260310,1
300126,20260310,1
300127,20260310,1
300130,20260310,1
300137,20260310,1
300141,20260310,1
300145,20260310,1
300149,20260310,1
300153,20260310,1
300157,20260310,1
300161,20260310,1
300165,20260310,1
300169,20260310,1
300173,20260310,1
300177,20260310,1
300181,20260310,1
300185,20260310,1
300189,20260310,1
300193,20260310,1
300197,20260310,1
300201,20260310,1
300203,20260310,1
300207,20260310,1
300211,20260310,1
300215,20260310,1
300219,20260310,1
300223,20260310,1
300225,20260310,1
300227,20260310,1
300229,20260310,1
300233,20260310,1
300237,20260310,1
300241,20260310,1
300245,20260310,1
300249,20260310,1
300253,20260310,1
300257,20260310,1
300261,20260310,1
299773,20260311,1
299776,20260311,1
299779,20260311,1
299782,20260311,1
299785,20260311,1
299787,20260311,1
299790,20260311,1
299793,20260311,1
299796,20260311,1
299799,20260311,1
299802,20260311,1
299805,20260311,1
299808,20260311,1
299811,20260311,1
299814,20260311,1
299817,20260311,1
299820,20260311,1
299823,20260311,1
299826,20260311,1
299829,20260311,1
299832,20260311,1
299835,20260311,1
299838,20260311,1
299841,20260311,1
299844,20260311,1
299847,20260311,1
299850,20260311,1
299853,20260311,1
299856,20260311,1
299859,20260311,1
299862,20260311,1
299863,20260311,1
299864,20260311,1
299867,20260311,1
299870,20260311,1
299873,20260311,1
299876,20260311,1
299879,20260311,1
299882,20260311,1
299885,20260311,1
299888,20260311,1
299889,20260311,1
299890,20260311,1
299891,20260311,1
299897,20260311,1
299900,20260311,1
299901,20260311,1
299902,20260311,1
299903,20260311,1
299905,20260311,1
299908,20260311,1
299911,20260311,1
299914,20260311,1
299917,20260311,1
299920,20260311,1
299923,20260311,1
299926,20260311,1
299929,20260311,1
299932,20260311,1
299934,20260311,1
299937,20260311,1
299938,20260311,1
299941,20260311,1
299946,20260311,1
299949,20260311,1
299953,20260311,1
299956,20260311,1
299959,20260311,1
299962,20260311,1
299965,20260311,1
299969,20260311,1
299972,20260311,1
299975,20260311,1
299978,20260311,1
299981,20260311,1
299984,20260311,1
299987,20260311,1
299990,20260311,1
299993,20260311,1
299996,20260311,1
299999,20260311,1
300002,20260311,1
300005,20260311,1
300008,20260311,1
300009,20260311,1
300012,20260311,1
300015,20260311,1
300018,20260311,1
300021,20260311,1
300024,20260311,1
300027,20260311,1
300030,20260311,1
300033,20260311,1
300036,20260311,1
300039,20260311,1
300042,20260311,1
300043,20260311,1
300046,20260311,1
300049,20260311,1
300050,20260311,1
300051,20260311,1
300052,20260311,1
300055,20260311,1
300058,20260311,1
300061,20260311,1
300064,20260311,1
300065,20260311,1
300066,20260311,1
300069,20260311,1
300070,20260311,1
300073,20260311,1
300076,20260311,1
300079,20260311,1
300082,20260311,1
300083,20260311,1
300084,20260311,1
300085,20260311,1
300088,20260311,1
300089,20260311,1
300092,20260311,1
300095,20260311,1
300098,20260311,1
300099,20260311,1
300102,20260311,1
300105,20260311,1
300108,20260311,1
300111,20260311,1
300114,20260311,1
300115,20260311,1
300116,20260311,1
300117,20260311,1
300120,20260311,1
300123,20260311,1
300124,20260311,1
300125,20260311,1
300126,20260311,1
300127,20260311,1
300130,20260311,1
300137,20260311,1
300141,20260311,1
300145,20260311,1
300149,20260311,1
300153,20260311,1
300157,20260311,1
300161,20260311,1
300165,20260311,1
300169,20260311,1
300173,20260311,1
300177,20260311,1
300181,20260311,1
300185,20260311,1
300189,20260311,1
300193,20260311,1
300197,20260311,1
300201,20260311,1
300203,20260311,1
300207,20260311,1
300211,20260311,1
300215,20260311,1
300219,20260311,1
300223,20260311,1
300225,20260311,1
300227,20260311,1
300229,20260311,1
300233,20260311,1
300237,20260311,1
300241,20260311,1
300245,20260311,1
300249,20260311,1
300253,20260311,1
300257,20260311,1
300261,20260311,1
299773,20260312,1
299776,20260312,1
299779,20260312,1
299782,20260312,1
299785,20260312,1
299787,20260312,1
299790,20260312,1
299793,20260312,1
299796,20260312,1
299799,20260312,1
299802,20260312,1
299805,20260312,1
299808,20260312,1
299811,20260312,1
299814,20260312,1
299817,20260312,1
299820,20260312,1
299823,20260312,1
299826,20260312,1
299829,20260312,1
299832,20260312,1
299835,20260312,1
299838,20260312,1
299841,20260312,1
299844,20260312,1
299847,20260312,1
299850,20260312,1
299853,20260312,1
299856,20260312,1
299859,20260312,1
299862,20260312,1
299863,20260312,1
299864,20260312,1
299867,20260312,1
299870,20260312,1
299873,20260312,1
299876,20260312,1
299879,20260312,1
299882,20260312,1
299885,20260312,1
299888,20260312,1
299889,20260312,1
299890,20260312,1
299891,20260312,1
299897,20260312,1
299900,20260312,1
299901,20260312,1
299902,20260312,1
299903,20260312,1
299905,20260312,1
299908,20260312,1
299911,20260312,1
299914,20260312,1
299917,20260312,1
299920,20260312,1
299923,20260312,1
299926,20260312,1
299929,20260312,1
299932,20260312,1
299934,20260312,1
299937,20260312,1
299938,20260312,1
299941,20260312,1
299946,20260312,1
299949,20260312,1
299953,20260312,1
299956,20260312,1
299959,20260312,1
299962,20260312,1
299965,20260312,1
299969,20260312,1
299972,20260312,1
299975,20260312,1
299978,20260312,1
299981,20260312,1
299984,20260312,1
299987,20260312,1
299990,20260312,1
299993,20260312,1
299996,20260312,1
299999,20260312,1
300002,20260312,1
300005,20260312,1
300008,20260312,1
300009,20260312,1
300012,20260312,1
300015,20260312,1
300018,20260312,1
300021,20260312,1
300024,20260312,1
300027,20260312,1
300030,20260312,1
300033,20260312,1
300036,20260312,1
300039,20260312,1
300042,20260312,1
300043,20260312,1
300046,20260312,1
300049,20260312,1
300050,20260312,1
300051,20260312,1
300052,20260312,1
300055,20260312,1
300058,20260312,1
300061,20260312,1
300064,20260312,1
300065,20260312,1
300066,20260312,1
300069,20260312,1
300070,20260312,1
300073,20260312,1
300076,20260312,1
300079,20260312,1
300082,20260312,1
300083,20260312,1
300084,20260312,1
300085,20260312,1
300088,20260312,1
300089,20260312,1
300092,20260312,1
300095,20260312,1
300098,20260312,1
300099,20260312,1
300102,20260312,1
300105,20260312,1
300108,20260312,1
300111,20260312,1
300114,20260312,1
300115,20260312,1
300116,20260312,1
300117,20260312,1
300120,20260312,1
300123,20260312,1
300124,20260312,1
300125,20260312,1
300126,20260312,1
300127,20260312,1
300130,20260312,1
300137,20260312,1
300141,20260312,1
300145,20260312,1
300149,20260312,1
300153,20260312,1
300157,20260312,1
300161,20260312,1
300165,20260312,1
300169,20260312,1
300173,20260312,1
300177,20260312,1
300181,20260312,1
300185,20260312,1
300189,20260312,1
300193,20260312,1
300197,20260312,1
300201,20260312,1
300203,20260312,1
300207,20260312,1
300211,20260312,1
300215,20260312,1
300219,20260312,1
300223,20260312,1
300225,20260312,1
300227,20260312,1
300229,20260312,1
300233,20260312,1
300237,20260312,1
300241,20260312,1
300245,20260312,1
300249,20260312,1
300253,20260312,1
300257,20260312,1
300261,20260312,1
299773,20260313,1
299776,20260313,1
299779,20260313,1
299782,20260313,1
299785,20260313,1
299787,20260313,1
299790,20260313,1
299793,20260313,1
299796,20260313,1
299799,20260313,1
299802,20260313,1
299805,20260313,1
299808,20260313,1
299811,20260313,1
299814,20260313,1
299817,20260313,1
299820,20260313,1
299823,20260313,1
299826,20260313,1
299829,20260313,1
299832,20260313,1
299835,20260313,1
299838,20260313,1
299841,20260313,1
299844,20260313,1
299847,20260313,1
299850,20260313,1
299853,20260313,1
299856,20260313,1
299859,20260313,1
299862,20260313,1
299863,20260313,1
299864,20260313,1
299867,20260313,1
299870,20260313,1
299873,20260313,1
299876,20260313,1
299879,20260313,1
299882,20260313,1
299885,20260313,1
299888,20260313,1
299889,20260313,1
299890,20260313,1
299891,20260313,1
299897,20260313,1
299900,20260313,1
299901,20260313,1
299902,20260313,1
299903,20260313,1
299905,20260313,1
299908,20260313,1
299911,20260313,1
299914,20260313,1
299917,20260313,1
299920,20260313,1
299923,20260313,1
299926,20260313,1
299929,20260313,1
299932,20260313,1
299934,20260313,1
299937,20260313,1
299938,20260313,1
299941,20260313,1
299946,20260313,1
299949,20260313,1
299953,20260313,1
299956,20260313,1
299959,20260313,1
299962,20260313,1
299965,20260313,1
299969,20260313,1
299972,20260313,1
299975,20260313,1
299978,20260313,1
299981,20260313,1
299984,20260313,1
299987,20260313,1
299990,20260313,1
299993,20260313,1
299996,20260313,1
299999,20260313,1
300002,20260313,1
300005,20260313,1
300008,20260313,1
300009,20260313,1
300012,20260313,1
300015,20260313,1
300018,20260313,1
300021,20260313,1
300024,20260313,1
300027,20260313,1
300030,20260313,1
300033,20260313,1
300036,20260313,1
300039,20260313,1
300042,20260313,1
300043,20260313,1
300046,20260313,1
300049,20260313,1
300050,20260313,1
300051,20260313,1
300052,20260313,1
300055,20260313,1
300058,20260313,1
300061,20260313,1
300064,20260313,1
300065,20260313,1
300066,20260313,1
300069,20260313,1
300070,20260313,1
300073,20260313,1
300076,20260313,1
300079,20260313,1
300082,20260313,1
300083,20260313,1
300084,20260313,1
300085,20260313,1
300088,20260313,1
300089,20260313,1
300092,20260313,1
300095,20260313,1
300098,20260313,1
300099,20260313,1
300102,20260313,1
300105,20260313,1
300108,20260313,1
300111,20260313,1
300114,20260313,1
300115,20260313,1
300116,20260313,1
300117,20260313,1
300120,20260313,1
300123,20260313,1
300124,20260313,1
300125,20260313,1
300126,20260313,1
300127,20260313,1
300130,20260313,1
300136,20260313,1
300140,20260313,1
300144,20260313,1
300148,20260313,1
300152,20260313,1
300156,20260313,1
300160,20260313,1
300164,20260313,1
300168,20260313,1
300172,20260313,1
300176,20260313,1
300180,20260313,1
300184,20260313,1
300188,20260313,1
300192,20260313,1
300196,20260313,1
300200,20260313,1
300202,20260313,1
300206,20260313,1
300210,20260313,1
300214,20260313,1
300218,20260313,1
300222,20260313,1
300224,20260313,1
300226,20260313,1
300228,20260313,1
300232,20260313,1
300236,20260313,1
300240,20260313,1
300244,20260313,1
300248,20260313,1
300252,20260313,1
300256,20260313,1
300260,20260313,1
299772,20260314,1
299775,20260314,1
299778,20260314,1
299781,20260314,1
299784,20260314,1
299786,20260314,1
299789,20260314,1
299792,20260314,1
299795,20260314,1
299798,20260314,1
299801,20260314,1
299804,20260314,1
299807,20260314,1
299810,20260314,1
299813,20260314,1
299816,20260314,1
299819,20260314,1
299822,20260314,1
299825,20260314,1
299828,20260314,1
299831,20260314,1
299834,20260314,1
299837,20260314,1
299840,20260314,1
299843,20260314,1
299846,20260314,1
299849,20260314,1
299852,20260314,1
299855,20260314,1
299858,20260314,1
299861,20260314,1
299866,20260314,1
299869,20260314,1
299872,20260314,1
299875,20260314,1
299878,20260314,1
299881,20260314,1
299884,20260314,1
299887,20260314,1
299896,20260314,1
299899,20260314,1
299904,20260314,1
299907,20260314,1
299910,20260314,1
299913,20260314,1
299916,20260314,1
299919,20260314,1
299922,20260314,1
299925,20260314,1
299928,20260314,1
299931,20260314,1
299933,20260314,1
299936,20260314,1
299940,20260314,1
299943,20260314,1
299945,20260314,1
299948,20260314,1
299952,20260314,1
299955,20260314,1
299958,20260314,1
299961,20260314,1
299964,20260314,1
299968,20260314,1
299971,20260314,1
299974,20260314,1
299977,20260314,1
299980,20260314,1
299983,20260314,1
299986,20260314,1
299989,20260314,1
299992,20260314,1
299995,20260314,1
299998,20260314,1
300001,20260314,1
300004,20260314,1
300007,20260314,1
300011,20260314,1
300014,20260314,1
300017,20260314,1
300020,20260314,1
300023,20260314,1
300026,20260314,1
300029,20260314,1
300032,20260314,1
300035,20260314,1
300038,20260314,1
300041,20260314,1
300045,20260314,1
300048,20260314,1
300054,20260314,1
300057,20260314,1
300060,20260314,1
300063,20260314,1
300068,20260314,1
300072,20260314,1
300075,20260314,1
300078,20260314,1
300081,20260314,1
300087,20260314,1
300091,20260314,1
300094,20260314,1
300097,20260314,1
300101,20260314,1
300104,20260314,1
300107,20260314,1
300110,20260314,1
300113,20260314,1
300119,20260314,1
300122,20260314,1
300129,20260314,1
300139,20260314,1
300143,20260314,1
300147,20260314,1
300151,20260314,1
300155,20260314,1
300159,20260314,1
300163,20260314,1
300167,20260314,1
300171,20260314,1
300175,20260314,1
300179,20260314,1
300183,20260314,1
300187,20260314,1
300191,20260314,1
300195,20260314,1
300199,20260314,1
300205,20260314,1
300209,20260314,1
300213,20260314,1
300217,20260314,1
300221,20260314,1
300231,20260314,1
300235,20260314,1
300239,20260314,1
300243,20260314,1
300247,20260314,1
300251,20260314,1
300255,20260314,1
300259,20260314,1
299771,20260315,1
299774,20260315,1
299777,20260315,1
299780,20260315,1
299783,20260315,1
299788,20260315,1
299791,20260315,1
299794,20260315,1
299797,20260315,1
299800,20260315,1
299803,20260315,1
299806,20260315,1
299809,20260315,1
299812,20260315,1
299815,20260315,1
299818,20260315,1
299821,20260315,1
299824,20260315,1
299827,20260315,1
299830,20260315,1
299833,20260315,1
299836,20260315,1
299839,20260315,1
299842,20260315,1
299845,20260315,1
299848,20260315,1
299851,20260315,1
299854,20260315,1
299857,20260315,1
299860,20260315,1
299865,20260315,1
299868,20260315,1
299871,20260315,1
299874,20260315,1
299877,20260315,1
299880,20260315,1
299883,20260315,1
299886,20260315,1
299895,20260315,1
299898,20260315,1
299906,20260315,1
299909,20260315,1
299912,20260315,1
299915,20260315,1
299918,20260315,1
299921,20260315,1
299924,20260315,1
299927,20260315,1
299930,20260315,1
299935,20260315,1
299939,20260315,1
299942,20260315,1
299944,20260315,1
299947,20260315,1
299951,20260315,1
299954,20260315,1
299957,20260315,1
299960,20260315,1
299963,20260315,1
299967,20260315,1
299970,20260315,1
299973,20260315,1
299976,20260315,1
299979,20260315,1
299982,20260315,1
299985,20260315,1
299988,20260315,1
299991,20260315,1
299994,20260315,1
299997,20260315,1
300000,20260315,1
300003,20260315,1
300006,20260315,1
300010,20260315,1
300013,20260315,1
300016,20260315,1
300019,20260315,1
300022,20260315,1
300025,20260315,1
300028,20260315,1
300031,20260315,1
300034,20260315,1
300037,20260315,1
300040,20260315,1
300044,20260315,1
300047,20260315,1
300053,20260315,1
300056,20260315,1
300059,20260315,1
300062,20260315,1
300067,20260315,1
300071,20260315,1
300074,20260315,1
300077,20260315,1
300080,20260315,1
300086,20260315,1
300090,20260315,1
300093,20260315,1
300096,20260315,1
300100,20260315,1
300103,20260315,1
300106,20260315,1
300109,20260315,1
300112,20260315,1
300118,20260315,1
300121,20260315,1
300128,20260315,1
300138,20260315,1
300142,20260315,1
300146,20260315,1
300150,20260315,1
300154,20260315,1
300158,20260315,1
300162,20260315,1
300166,20260315,1
300170,20260315,1
300174,20260315,1
300178,20260315,1
300182,20260315,1
300186,20260315,1
300190,20260315,1
300194,20260315,1
300198,20260315,1
300204,20260315,1
300208,20260315,1
300212,20260315,1
300216,20260315,1
300220,20260315,1
300230,20260315,1
300234,20260315,1
300238,20260315,1
300242,20260315,1
300246,20260315,1
300250,20260315,1
300254,20260315,1
300258,20260315,1
299773,20260316,1
299776,20260316,1
299779,20260316,1
299782,20260316,1
299785,20260316,1
299787,20260316,1
299790,20260316,1
299793,20260316,1
299796,20260316,1
299799,20260316,1
299802,20260316,1
299805,20260316,1
299808,20260316,1
299811,20260316,1
299814,20260316,1
299817,20260316,1
299820,20260316,1
299823,20260316,1
299826,20260316,1
299829,20260316,1
299832,20260316,1
299835,20260316,1
299838,20260316,1
299841,20260316,1
299844,20260316,1
299847,20260316,1
299850,20260316,1
299853,20260316,1
299856,20260316,1
299859,20260316,1
299862,20260316,1
299863,20260316,1
299864,20260316,1
299867,20260316,1
299870,20260316,1
299873,20260316,1
299876,20260316,1
299879,20260316,1
299882,20260316,1
299885,20260316,1
299888,20260316,1
299889,20260316,1
299890,20260316,1
299891,20260316,1
299897,20260316,1
299900,20260316,1
299901,20260316,1
299902,20260316,1
299903,20260316,1
299905,20260316,1
299908,20260316,1
299911,20260316,1
299914,20260316,1
299917,20260316,1
299920,20260316,1
299923,20260316,1
299926,20260316,1
299929,20260316,1
299932,20260316,1
299934,20260316,1
299937,20260316,1
299938,20260316,1
299941,20260316,1
299946,20260316,1
299949,20260316,1
299953,20260316,1
299956,20260316,1
299959,20260316,1
299962,20260316,1
299965,20260316,1
299969,20260316,1
299972,20260316,1
299975,20260316,1
299978,20260316,1
299981,20260316,1
299984,20260316,1
299987,20260316,1
299990,20260316,1
299993,20260316,1
299996,20260316,1
299999,20260316,1
300002,20260316,1
300005,20260316,1
300008,20260316,1
300009,20260316,1
300012,20260316,1
300015,20260316,1
300018,20260316,1
300021,20260316,1
300024,20260316,1
300027,20260316,1
300030,20260316,1
300033,20260316,1
300036,20260316,1
300039,20260316,1
300042,20260316,1
300043,20260316,1
300046,20260316,1
300049,20260316,1
300050,20260316,1
300051,20260316,1
300052,20260316,1
300055,20260316,1
300058,20260316,1
300061,20260316,1
300064,20260316,1
300065,20260316,1
300066,20260316,1
300069,20260316,1
300070,20260316,1
300073,20260316,1
300076,20260316,1
300079,20260316,1
300082,20260316,1
300083,20260316,1
300084,20260316,1
300085,20260316,1
300088,20260316,1
300089,20260316,1
300092,20260316,1
300095,20260316,1
300098,20260316,1
300099,20260316,1
300102,20260316,1
300105,20260316,1
300108,20260316,1
300111,20260316,1
300114,20260316,1
300115,20260316,1
300116,20260316,1
300117,20260316,1
300120,20260316,1
300123,20260316,1
300124,20260316,1
300125,20260316,1
300126,20260316,1
300127,20260316,1
300130,20260316,1
300137,20260316,1
300141,20260316,1
300145,20260316,1
300149,20260316,1
300153,20260316,1
300157,20260316,1
300161,20260316,1
300165,20260316,1
300169,20260316,1
300173,20260316,1
300177,20260316,1
300181,20260316,1
300185,20260316,1
300189,20260316,1
300193,20260316,1
300197,20260316,1
300201,20260316,1
300203,20260316,1
300207,20260316,1
300211,20260316,1
300215,20260316,1
300219,20260316,1
300223,20260316,1
300225,20260316,1
300227,20260316,1
300229,20260316,1
300233,20260316,1
300237,20260316,1
300241,20260316,1
300245,20260316,1
300249,20260316,1
300253,20260316,1
300257,20260316,1
300261,20260316,1
299773,20260317,1
299776,20260317,1
299779,20260317,1
299782,20260317,1
299785,20260317,1
299787,20260317,1
299790,20260317,1
299793,20260317,1
299796,20260317,1
299799,20260317,1
299802,20260317,1
299805,20260317,1
299808,20260317,1
299811,20260317,1
299814,20260317,1
299817,20260317,1
299820,20260317,1
299823,20260317,1
299826,20260317,1
299829,20260317,1
299832,20260317,1
299835,20260317,1
299838,20260317,1
299841,20260317,1
299844,20260317,1
299847,20260317,1
299850,20260317,1
299853,20260317,1
299856,20260317,1
299859,20260317,1
299862,20260317,1
299863,20260317,1
299864,20260317,1
299867,20260317,1
299870,20260317,1
299873,20260317,1
299876,20260317,1
299879,20260317,1
299882,20260317,1
299885,20260317,1
299888,20260317,1
299889,20260317,1
299890,20260317,1
299891,20260317,1
299897,20260317,1
299900,20260317,1
299901,20260317,1
299902,20260317,1
299903,20260317,1
299905,20260317,1
299908,20260317,1
299911,20260317,1
299914,20260317,1
299917,20260317,1
299920,20260317,1
299923,20260317,1
299926,20260317,1
299929,20260317,1
299932,20260317,1
299934,20260317,1
299937,20260317,1
299938,20260317,1
299941,20260317,1
299946,20260317,1
299949,20260317,1
299953,20260317,1
299956,20260317,1
299959,20260317,1
299962,20260317,1
299965,20260317,1
299969,20260317,1
299972,20260317,1
299975,20260317,1
299978,20260317,1
299981,20260317,1
299984,20260317,1
299987,20260317,1
299990,20260317,1
299993,20260317,1
299996,20260317,1
299999,20260317,1
300002,20260317,1
300005,20260317,1
300008,20260317,1
300009,20260317,1
300012,20260317,1
300015,20260317,1
300018,20260317,1
300021,20260317,1
300024,20260317,1
300027,20260317,1
300030,20260317,1
300033,20260317,1
300036,20260317,1
300039,20260317,1
300042,20260317,1
300043,20260317,1
300046,20260317,1
300049,20260317,1
300050,20260317,1
300051,20260317,1
300052,20260317,1
300055,20260317,1
300058,20260317,1
300061,20260317,1
300064,20260317,1
300065,20260317,1
300066,20260317,1
300069,20260317,1
300070,20260317,1
300073,20260317,1
300076,20260317,1
300079,20260317,1
300082,20260317,1
300083,20260317,1
300084,20260317,1
300085,20260317,1
300088,20260317,1
300089,20260317,1
300092,20260317,1
300095,20260317,1
300098,20260317,1
300099,20260317,1
300102,20260317,1
300105,20260317,1
300108,20260317,1
300111,20260317,1
300114,20260317,1
300115,20260317,1
300116,20260317,1
300117,20260317,1
300120,20260317,1
300123,20260317,1
300124,20260317,1
300125,20260317,1
300126,20260317,1
300127,20260317,1
300130,20260317,1
300137,20260317,1
300141,20260317,1
300145,20260317,1
300149,20260317,1
300153,20260317,1
300157,20260317,1
300161,20260317,1
300165,20260317,1
300169,20260317,1
300173,20260317,1
300177,20260317,1
300181,20260317,1
300185,20260317,1
300189,20260317,1
300193,20260317,1
300197,20260317,1
300201,20260317,1
300203,20260317,1
300207,20260317,1
300211,20260317,1
300215,20260317,1
300219,20260317,1
300223,20260317,1
300225,20260317,1
300227,20260317,1
300229,20260317,1
300233,20260317,1
300237,20260317,1
300241,20260317,1
300245,20260317,1
300249,20260317,1
300253,20260317,1
300257,20260317,1
300261,20260317,1
299773,20260318,1
299776,20260318,1
299779,20260318,1
299782,20260318,1
299785,20260318,1
299787,20260318,1
299790,20260318,1
299793,20260318,1
299796,20260318,1
299799,20260318,1
299802,20260318,1
299805,20260318,1
299808,20260318,1
299811,20260318,1
299814,20260318,1
299817,20260318,1
299820,20260318,1
299823,20260318,1
299826,20260318,1
299829,20260318,1
299832,20260318,1
299835,20260318,1
299838,20260318,1
299841,20260318,1
299844,20260318,1
299847,20260318,1
299850,20260318,1
299853,20260318,1
299856,20260318,1
299859,20260318,1
299862,20260318,1
299863,20260318,1
299864,20260318,1
299867,20260318,1
299870,20260318,1
299873,20260318,1
299876,20260318,1
299879,20260318,1
299882,20260318,1
299885,20260318,1
299888,20260318,1
299889,20260318,1
299890,20260318,1
299891,20260318,1
299897,20260318,1
299900,20260318,1
299901,20260318,1
299902,20260318,1
299903,20260318,1
299905,20260318,1
299908,20260318,1
299911,20260318,1
299914,20260318,1
299917,20260318,1
299920,20260318,1
299923,20260318,1
299926,20260318,1
299929,20260318,1
299932,20260318,1
299934,20260318,1
299937,20260318,1
299938,20260318,1
299941,20260318,1
299946,20260318,1
299949,20260318,1
299953,20260318,1
299956,20260318,1
299959,20260318,1
299962,20260318,1
299965,20260318,1
299969,20260318,1
299972,20260318,1
299975,20260318,1
299978,20260318,1
299981,20260318,1
299984,20260318,1
299987,20260318,1
299990,20260318,1
299993,20260318,1
299996,20260318,1
299999,20260318,1
300002,20260318,1
300005,20260318,1
300008,20260318,1
300009,20260318,1
300012,20260318,1
300015,20260318,1
300018,20260318,1
300021,20260318,1
300024,20260318,1
300027,20260318,1
300030,20260318,1
300033,20260318,1
300036,20260318,1
300039,20260318,1
300042,20260318,1
300043,20260318,1
300046,20260318,1
300049,20260318,1
300050,20260318,1
300051,20260318,1
300052,20260318,1
300055,20260318,1
300058,20260318,1
300061,20260318,1
300064,20260318,1
300065,20260318,1
300066,20260318,1
300069,20260318,1
300070,20260318,1
300073,20260318,1
300076,20260318,1
300079,20260318,1
300082,20260318,1
300083,20260318,1
300084,20260318,1
300085,20260318,1
300088,20260318,1
300089,20260318,1
300092,20260318,1
300095,20260318,1
300098,20260318,1
300099,20260318,1
300102,20260318,1
300105,20260318,1
300108,20260318,1
300111,20260318,1
300114,20260318,1
300115,20260318,1
300116,20260318,1
300117,20260318,1
300120,20260318,1
300123,20260318,1
300124,20260318,1
300125,20260318,1
300126,20260318,1
300127,20260318,1
300130,20260318,1
300137,20260318,1
300141,20260318,1
300145,20260318,1
300149,20260318,1
300153,20260318,1
300157,20260318,1
300161,20260318,1
300165,20260318,1
300169,20260318,1
300173,20260318,1
300177,20260318,1
300181,20260318,1
300185,20260318,1
300189,20260318,1
300193,20260318,1
300197,20260318,1
300201,20260318,1
300203,20260318,1
300207,20260318,1
300211,20260318,1
300215,20260318,1
300219,20260318,1
300223,20260318,1
300225,20260318,1
300227,20260318,1
300229,20260318,1
300233,20260318,1
300237,20260318,1
300241,20260318,1
300245,20260318,1
300249,20260318,1
300253,20260318,1
300257,20260318,1
300261,20260318,1
299773,20260319,1
299776,20260319,1
299779,20260319,1
299782,20260319,1
299785,20260319,1
299787,20260319,1
299790,20260319,1
299793,20260319,1
299796,20260319,1
299799,20260319,1
299802,20260319,1
299805,20260319,1
299808,20260319,1
299811,20260319,1
299814,20260319,1
299817,20260319,1
299820,20260319,1
299823,20260319,1
299826,20260319,1
299829,20260319,1
299832,20260319,1
299835,20260319,1
299838,20260319,1
299841,20260319,1
299844,20260319,1
299847,20260319,1
299850,20260319,1
299853,20260319,1
299856,20260319,1
299859,20260319,1
299862,20260319,1
299863,20260319,1
299864,20260319,1
299867,20260319,1
299870,20260319,1
299873,20260319,1
299876,20260319,1
299879,20260319,1
299882,20260319,1
299885,20260319,1
299888,20260319,1
299889,20260319,1
299890,20260319,1
299891,20260319,1
299897,20260319,1
299900,20260319,1
299901,20260319,1
299902,20260319,1
299903,20260319,1
299905,20260319,1
299908,20260319,1
299911,20260319,1
299914,20260319,1
299917,20260319,1
299920,20260319,1
299923,20260319,1
299926,20260319,1
299929,20260319,1
299932,20260319,1
299934,20260319,1
299937,20260319,1
299938,20260319,1
299941,20260319,1
299946,20260319,1
299949,20260319,1
299953,20260319,1
299956,20260319,1
299959,20260319,1
299962,20260319,1
299965,20260319,1
299969,20260319,1
299972,20260319,1
299975,20260319,1
299978,20260319,1
299981,20260319,1
299984,20260319,1
299987,20260319,1
299990,20260319,1
299993,20260319,1
299996,20260319,1
299999,20260319,1
300002,20260319,1
300005,20260319,1
300008,20260319,1
300009,20260319,1
300012,20260319,1
300015,20260319,1
300018,20260319,1
300021,20260319,1
300024,20260319,1
300027,20260319,1
300030,20260319,1
300033,20260319,1
300036,20260319,1
300039,20260319,1
300042,20260319,1
300043,20260319,1
300046,20260319,1
300049,20260319,1
300050,20260319,1
300051,20260319,1
300052,20260319,1
300055,20260319,1
300058,20260319,1
300061,20260319,1
300064,20260319,1
300065,20260319,1
300066,20260319,1
300069,20260319,1
300070,20260319,1
300073,20260319,1
300076,20260319,1
300079,20260319,1
300082,20260319,1
300083,20260319,1
300084,20260319,1
300085,20260319,1
300088,20260319,1
300089,20260319,1
300092,20260319,1
300095,20260319,1
300098,20260319,1
300099,20260319,1
300102,20260319,1
300105,20260319,1
300108,20260319,1
300111,20260319,1
300114,20260319,1
300115,20260319,1
300116,20260319,1
300117,20260319,1
300120,20260319,1
300123,20260319,1
300124,20260319,1
300125,20260319,1
300126,20260319,1
300127,20260319,1
300130,20260319,1
300137,20260319,1
300141,20260319,1
300145,20260319,1
300149,20260319,1
300153,20260319,1
300157,20260319,1
300161,20260319,1
300165,20260319,1
300169,20260319,1
300173,20260319,1
300177,20260319,1
300181,20260319,1
300185,20260319,1
300189,20260319,1
300193,20260319,1
300197,20260319,1
300201,20260319,1
300203,20260319,1
300207,20260319,1
300211,20260319,1
300215,20260319,1
300219,20260319,1
300223,20260319,1
300225,20260319,1
300227,20260319,1
300229,20260319,1
300233,20260319,1
300237,20260319,1
300241,20260319,1
300245,20260319,1
300249,20260319,1
300253,20260319,1
300257,20260319,1
300261,20260319,1
299773,20260320,1
299776,20260320,1
299779,20260320,1
299782,20260320,1
299785,20260320,1
299787,20260320,1
299790,20260320,1
299793,20260320,1
299796,20260320,1
299799,20260320,1
299802,20260320,1
299805,20260320,1
299808,20260320,1
299811,20260320,1
299814,20260320,1
299817,20260320,1
299820,20260320,1
299823,20260320,1
299826,20260320,1
299829,20260320,1
299832,20260320,1
299835,20260320,1
299838,20260320,1
299841,20260320,1
299844,20260320,1
299847,20260320,1
299850,20260320,1
299853,20260320,1
299856,20260320,1
299859,20260320,1
299862,20260320,1
299863,20260320,1
299864,20260320,1
299867,20260320,1
299870,20260320,1
299873,20260320,1
299876,20260320,1
299879,20260320,1
299882,20260320,1
299885,20260320,1
299888,20260320,1
299889,20260320,1
299890,20260320,1
299891,20260320,1
299897,20260320,1
299900,20260320,1
299901,20260320,1
299902,20260320,1
299903,20260320,1
299905,20260320,1
299908,20260320,1
299911,20260320,1
299914,20260320,1
299917,20260320,1
299920,20260320,1
299923,20260320,1
299926,20260320,1
299929,20260320,1
299932,20260320,1
299934,20260320,1
299937,20260320,1
299938,20260320,1
299941,20260320,1
299946,20260320,1
299949,20260320,1
299953,20260320,1
299956,20260320,1
299959,20260320,1
299962,20260320,1
299965,20260320,1
299969,20260320,1
299972,20260320,1
299975,20260320,1
299978,20260320,1
299981,20260320,1
299984,20260320,1
299987,20260320,1
299990,20260320,1
299993,20260320,1
299996,20260320,1
299999,20260320,1
300002,20260320,1
300005,20260320,1
300008,20260320,1
300009,20260320,1
300012,20260320,1
300015,20260320,1
300018,20260320,1
300021,20260320,1
300024,20260320,1
300027,20260320,1
300030,20260320,1
300033,20260320,1
300036,20260320,1
300039,20260320,1
300042,20260320,1
300043,20260320,1
300046,20260320,1
300049,20260320,1
300050,20260320,1
300051,20260320,1
300052,20260320,1
300055,20260320,1
300058,20260320,1
300061,20260320,1
300064,20260320,1
300065,20260320,1
300066,20260320,1
300069,20260320,1
300070,20260320,1
300073,20260320,1
300076,20260320,1
300079,20260320,1
300082,20260320,1
300083,20260320,1
300084,20260320,1
300085,20260320,1
300088,20260320,1
300089,20260320,1
300092,20260320,1
300095,20260320,1
300098,20260320,1
300099,20260320,1
300102,20260320,1
300105,20260320,1
300108,20260320,1
300111,20260320,1
300114,20260320,1
300115,20260320,1
300116,20260320,1
300117,20260320,1
300120,20260320,1
300123,20260320,1
300124,20260320,1
300125,20260320,1
300126,20260320,1
300127,20260320,1
300130,20260320,1
300136,20260320,1
300140,20260320,1
300144,20260320,1
300148,20260320,1
300152,20260320,1
300156,20260320,1
300160,20260320,1
300164,20260320,1
300168,20260320,1
300172,20260320,1
300176,20260320,1
300180,20260320,1
300184,20260320,1
300188,20260320,1
300192,20260320,1
300196,20260320,1
300200,20260320,1
300202,20260320,1
300206,20260320,1
300210,20260320,1
300214,20260320,1
300218,20260320,1
300222,20260320,1
300224,20260320,1
300226,20260320,1
300228,20260320,1
300232,20260320,1
300236,20260320,1
300240,20260320,1
300244,20260320,1
300248,20260320,1
300252,20260320,1
300256,20260320,1
300260,20260320,1
299772,20260321,1
299775,20260321,1
299778,20260321,1
299781,20260321,1
299784,20260321,1
299786,20260321,1
299789,20260321,1
299792,20260321,1
299795,20260321,1
299798,20260321,1
299801,20260321,1
299804,20260321,1
299807,20260321,1
299810,20260321,1
299813,20260321,1
299816,20260321,1
299819,20260321,1
299822,20260321,1
299825,20260321,1
299828,20260321,1
299831,20260321,1
299834,20260321,1
299837,20260321,1
299840,20260321,1
299843,20260321,1
299846,20260321,1
299849,20260321,1
299852,20260321,1
299855,20260321,1
299858,20260321,1
299861,20260321,1
299866,20260321,1
299869,20260321,1
299872,20260321,1
299875,20260321,1
299878,20260321,1
299881,20260321,1
299884,20260321,1
299887,20260321,1
299896,20260321,1
299899,20260321,1
299904,20260321,1
299907,20260321,1
299910,20260321,1
299913,20260321,1
299916,20260321,1
299919,20260321,1
299922,20260321,1
299925,20260321,1
299928,20260321,1
299931,20260321,1
299933,20260321,1
299936,20260321,1
299940,20260321,1
299943,20260321,1
299945,20260321,1
299948,20260321,1
299952,20260321,1
299955,20260321,1
299958,20260321,1
299961,20260321,1
299964,20260321,1
299968,20260321,1
299971,20260321,1
299974,20260321,1
299977,20260321,1
299980,20260321,1
299983,20260321,1
299986,20260321,1
299989,20260321,1
299992,20260321,1
299995,20260321,1
299998,20260321,1
300001,20260321,1
300004,20260321,1
300007,20260321,1
300011,20260321,1
300014,20260321,1
300017,20260321,1
300020,20260321,1
300023,20260321,1
300026,20260321,1
300029,20260321,1
300032,20260321,1
300035,20260321,1
300038,20260321,1
300041,20260321,1
300045,20260321,1
300048,20260321,1
300054,20260321,1
300057,20260321,1
300060,20260321,1
300063,20260321,1
300068,20260321,1
300072,20260321,1
300075,20260321,1
300078,20260321,1
300081,20260321,1
300087,20260321,1
300091,20260321,1
300094,20260321,1
300097,20260321,1
300101,20260321,1
300104,20260321,1
300107,20260321,1
300110,20260321,1
300113,20260321,1
300119,20260321,1
300122,20260321,1
300129,20260321,1
300139,20260321,1
300143,20260321,1
300147,20260321,1
300151,20260321,1
300155,20260321,1
300159,20260321,1
300163,20260321,1
300167,20260321,1
300171,20260321,1
300175,20260321,1
300179,20260321,1
300183,20260321,1
300187,20260321,1
300191,20260321,1
300195,20260321,1
300199,20260321,1
300205,20260321,1
300209,20260321,1
300213,20260321,1
300217,20260321,1
300221,20260321,1
300231,20260321,1
300235,20260321,1
300239,20260321,1
300243,20260321,1
300247,20260321,1
300251,20260321,1
300255,20260321,1
300259,20260321,1
299771,20260322,1
299774,20260322,1
299777,20260322,1
299780,20260322,1
299783,20260322,1
299788,20260322,1
299791,20260322,1
299794,20260322,1
299797,20260322,1
299800,20260322,1
299803,20260322,1
299806,20260322,1
299809,20260322,1
299812,20260322,1
299815,20260322,1
299818,20260322,1
299821,20260322,1
299824,20260322,1
299827,20260322,1
299830,20260322,1
299833,20260322,1
299836,20260322,1
299839,20260322,1
299842,20260322,1
299845,20260322,1
299848,20260322,1
299851,20260322,1
299854,20260322,1
299857,20260322,1
299860,20260322,1
299865,20260322,1
299868,20260322,1
299871,20260322,1
299874,20260322,1
299877,20260322,1
299880,20260322,1
299883,20260322,1
299886,20260322,1
299895,20260322,1
299898,20260322,1
299906,20260322,1
299909,20260322,1
299912,20260322,1
299915,20260322,1
299918,20260322,1
299921,20260322,1
299924,20260322,1
299927,20260322,1
299930,20260322,1
299935,20260322,1
299939,20260322,1
299942,20260322,1
299944,20260322,1
299947,20260322,1
299951,20260322,1
299954,20260322,1
299957,20260322,1
299960,20260322,1
299963,20260322,1
299967,20260322,1
299970,20260322,1
299973,20260322,1
299976,20260322,1
299979,20260322,1
299982,20260322,1
299985,20260322,1
299988,20260322,1
299991,20260322,1
299994,20260322,1
299997,20260322,1
300000,20260322,1
300003,20260322,1
300006,20260322,1
300010,20260322,1
300013,20260322,1
300016,20260322,1
300019,20260322,1
300022,20260322,1
300025,20260322,1
300028,20260322,1
300031,20260322,1
300034,20260322,1
300037,20260322,1
300040,20260322,1
300044,20260322,1
300047,20260322,1
300053,20260322,1
300056,20260322,1
300059,20260322,1
300062,20260322,1
300067,20260322,1
300071,20260322,1
300074,20260322,1
300077,20260322,1
300080,20260322,1
300086,20260322,1
300090,20260322,1
300093,20260322,1
300096,20260322,1
300100,20260322,1
300103,20260322,1
300106,20260322,1
300109,20260322,1
300112,20260322,1
300118,20260322,1
300121,20260322,1
300128,20260322,1
300138,20260322,1
300142,20260322,1
300146,20260322,1
300150,20260322,1
300154,20260322,1
300158,20260322,1
300162,20260322,1
300166,20260322,1
300170,20260322,1
300174,20260322,1
300178,20260322,1
300182,20260322,1
300186,20260322,1
300190,20260322,1
300194,20260322,1
300198,20260322,1
300204,20260322,1
300208,20260322,1
300212,20260322,1
300216,20260322,1
300220,20260322,1
300230,20260322,1
300234,20260322,1
300238,20260322,1
300242,20260322,1
300246,20260322,1
300250,20260322,1
300254,20260322,1
300258,20260322,1
299773,20260323,1
299776,20260323,1
299779,20260323,1
299782,20260323,1
299785,20260323,1
299787,20260323,1
299790,20260323,1
299793,20260323,1
299796,20260323,1
299799,20260323,1
299802,20260323,1
299805,20260323,1
299808,20260323,1
299811,20260323,1
299814,20260323,1
299817,20260323,1
299820,20260323,1
299823,20260323,1
299826,20260323,1
299829,20260323,1
299832,20260323,1
299835,20260323,1
299838,20260323,1
299841,20260323,1
299844,20260323,1
299847,20260323,1
299850,20260323,1
299853,20260323,1
299856,20260323,1
299859,20260323,1
299862,20260323,1
299863,20260323,1
299864,20260323,1
299867,20260323,1
299870,20260323,1
299873,20260323,1
299876,20260323,1
299879,20260323,1
299882,20260323,1
299885,20260323,1
299888,20260323,1
299889,20260323,1
299890,20260323,1
299891,20260323,1
299897,20260323,1
299900,20260323,1
299901,20260323,1
299902,20260323,1
299903,20260323,1
299905,20260323,1
299908,20260323,1
299911,20260323,1
299914,20260323,1
299917,20260323,1
299920,20260323,1
299923,20260323,1
299926,20260323,1
299929,20260323,1
299932,20260323,1
299934,20260323,1
299937,20260323,1
299938,20260323,1
299941,20260323,1
299946,20260323,1
299949,20260323,1
299953,20260323,1
299956,20260323,1
299959,20260323,1
299962,20260323,1
299965,20260323,1
299969,20260323,1
299972,20260323,1
299975,20260323,1
299978,20260323,1
299981,20260323,1
299984,20260323,1
299987,20260323,1
299990,20260323,1
299993,20260323,1
299996,20260323,1
299999,20260323,1
300002,20260323,1
300005,20260323,1
300008,20260323,1
300009,20260323,1
300012,20260323,1
300015,20260323,1
300018,20260323,1
300021,20260323,1
300024,20260323,1
300027,20260323,1
300030,20260323,1
300033,20260323,1
300036,20260323,1
300039,20260323,1
300042,20260323,1
300043,20260323,1
300046,20260323,1
300049,20260323,1
300050,20260323,1
300051,20260323,1
300052,20260323,1
300055,20260323,1
300058,20260323,1
300061,20260323,1
300064,20260323,1
300065,20260323,1
300066,20260323,1
300069,20260323,1
300070,20260323,1
300073,20260323,1
300076,20260323,1
300079,20260323,1
300082,20260323,1
300083,20260323,1
300084,20260323,1
300085,20260323,1
300088,20260323,1
300089,20260323,1
300092,20260323,1
300095,20260323,1
300098,20260323,1
300099,20260323,1
300102,20260323,1
300105,20260323,1
300108,20260323,1
300111,20260323,1
300114,20260323,1
300115,20260323,1
300116,20260323,1
300117,20260323,1
300120,20260323,1
300123,20260323,1
300124,20260323,1
300125,20260323,1
300126,20260323,1
300127,20260323,1
300130,20260323,1
300137,20260323,1
300141,20260323,1
300145,20260323,1
300149,20260323,1
300153,20260323,1
300157,20260323,1
300161,20260323,1
300165,20260323,1
300169,20260323,1
300173,20260323,1
300177,20260323,1
300181,20260323,1
300185,20260323,1
300189,20260323,1
300193,20260323,1
300197,20260323,1
300201,20260323,1
300203,20260323,1
300207,20260323,1
300211,20260323,1
300215,20260323,1
300219,20260323,1
300223,20260323,1
300225,20260323,1
300227,20260323,1
300229,20260323,1
300233,20260323,1
300237,20260323,1
300241,20260323,1
300245,20260323,1
300249,20260323,1
300253,20260323,1
300257,20260323,1
300261,20260323,1
299773,20260324,1
299776,20260324,1
299779,20260324,1
299782,20260324,1
299785,20260324,1
299787,20260324,1
299790,20260324,1
299793,20260324,1
299796,20260324,1
299799,20260324,1
299802,20260324,1
299805,20260324,1
299808,20260324,1
299811,20260324,1
299814,20260324,1
299817,20260324,1
299820,20260324,1
299823,20260324,1
299826,20260324,1
299829,20260324,1
299832,20260324,1
299835,20260324,1
299838,20260324,1
299841,20260324,1
299844,20260324,1
299847,20260324,1
299850,20260324,1
299853,20260324,1
299856,20260324,1
299859,20260324,1
299862,20260324,1
299863,20260324,1
299864,20260324,1
299867,20260324,1
299870,20260324,1
299873,20260324,1
299876,20260324,1
299879,20260324,1
299882,20260324,1
299885,20260324,1
299888,20260324,1
299889,20260324,1
299890,20260324,1
299891,20260324,1
299897,20260324,1
299900,20260324,1
299901,20260324,1
299902,20260324,1
299903,20260324,1
299905,20260324,1
299908,20260324,1
299911,20260324,1
299914,20260324,1
299917,20260324,1
299920,20260324,1
299923,20260324,1
299926,20260324,1
299929,20260324,1
299932,20260324,1
299934,20260324,1
299937,20260324,1
299938,20260324,1
299941,20260324,1
299946,20260324,1
299949,20260324,1
299953,20260324,1
299956,20260324,1
299959,20260324,1
299962,20260324,1
299965,20260324,1
299969,20260324,1
299972,20260324,1
299975,20260324,1
299978,20260324,1
299981,20260324,1
299984,20260324,1
299987,20260324,1
299990,20260324,1
299993,20260324,1
299996,20260324,1
299999,20260324,1
300002,20260324,1
300005,20260324,1
300008,20260324,1
300009,20260324,1
300012,20260324,1
300015,20260324,1
300018,20260324,1
300021,20260324,1
300024,20260324,1
300027,20260324,1
300030,20260324,1
300033,20260324,1
300036,20260324,1
300039,20260324,1
300042,20260324,1
300043,20260324,1
300046,20260324,1
300049,20260324,1
300050,20260324,1
300051,20260324,1
300052,20260324,1
300055,20260324,1
300058,20260324,1
300061,20260324,1
300064,20260324,1
300065,20260324,1
300066,20260324,1
300069,20260324,1
300070,20260324,1
300073,20260324,1
300076,20260324,1
300079,20260324,1
300082,20260324,1
300083,20260324,1
300084,20260324,1
300085,20260324,1
300088,20260324,1
300089,20260324,1
300092,20260324,1
300095,20260324,1
300098,20260324,1
300099,20260324,1
300102,20260324,1
300105,20260324,1
300108,20260324,1
300111,20260324,1
300114,20260324,1
300115,20260324,1
300116,20260324,1
300117,20260324,1
300120,20260324,1
300123,20260324,1
300124,20260324,1
300125,20260324,1
300126,20260324,1
300127,20260324,1
300130,20260324,1
300137,20260324,1
300141,20260324,1
300145,20260324,1
300149,20260324,1
300153,20260324,1
300157,20260324,1
300161,20260324,1
300165,20260324,1
300169,20260324,1
300173,20260324,1
300177,20260324,1
300181,20260324,1
300185,20260324,1
300189,20260324,1
300193,20260324,1
300197,20260324,1
300201,20260324,1
300203,20260324,1
300207,20260324,1
300211,20260324,1
300215,20260324,1
300219,20260324,1
300223,20260324,1
300225,20260324,1
300227,20260324,1
300229,20260324,1
300233,20260324,1
300237,20260324,1
300241,20260324,1
300245,20260324,1
300249,20260324,1
300253,20260324,1
300257,20260324,1
300261,20260324,1
299773,20260325,1
299776,20260325,1
299779,20260325,1
299782,20260325,1
299785,20260325,1
299787,20260325,1
299790,20260325,1
299793,20260325,1
299796,20260325,1
299799,20260325,1
299802,20260325,1
299805,20260325,1
299808,20260325,1
299811,20260325,1
299814,20260325,1
299817,20260325,1
299820,20260325,1
299823,20260325,1
299826,20260325,1
299829,20260325,1
299832,20260325,1
299835,20260325,1
299838,20260325,1
299841,20260325,1
299844,20260325,1
299847,20260325,1
299850,20260325,1
299853,20260325,1
299856,20260325,1
299859,20260325,1
299862,20260325,1
299863,20260325,1
299864,20260325,1
299867,20260325,1
299870,20260325,1
299873,20260325,1
299876,20260325,1
299879,20260325,1
299882,20260325,1
299885,20260325,1
299888,20260325,1
299889,20260325,1
299890,20260325,1
299891,20260325,1
299897,20260325,1
299900,20260325,1
299901,20260325,1
299902,20260325,1
299903,20260325,1
299905,20260325,1
299908,20260325,1
299911,20260325,1
299914,20260325,1
299917,20260325,1
299920,20260325,1
299923,20260325,1
299926,20260325,1
299929,20260325,1
299932,20260325,1
299934,20260325,1
299937,20260325,1
299938,20260325,1
299941,20260325,1
299946,20260325,1
299949,20260325,1
299953,20260325,1
299956,20260325,1
299959,20260325,1
299962,20260325,1
299965,20260325,1
299969,20260325,1
299972,20260325,1
299975,20260325,1
299978,20260325,1
299981,20260325,1
299984,20260325,1
299987,20260325,1
299990,20260325,1
299993,20260325,1
299996,20260325,1
299999,20260325,1
300002,20260325,1
300005,20260325,1
300008,20260325,1
300009,20260325,1
300012,20260325,1
300015,20260325,1
300018,20260325,1
300021,20260325,1
300024,20260325,1
300027,20260325,1
300030,20260325,1
300033,20260325,1
300036,20260325,1
300039,20260325,1
300042,20260325,1
300043,20260325,1
300046,20260325,1
300049,20260325,1
300050,20260325,1
300051,20260325,1
300052,20260325,1
300055,20260325,1
300058,20260325,1
300061,20260325,1
300064,20260325,1
300065,20260325,1
300066,20260325,1
300069,20260325,1
300070,20260325,1
300073,20260325,1
300076,20260325,1
300079,20260325,1
300082,20260325,1
300083,20260325,1
300084,20260325,1
300085,20260325,1
300088,20260325,1
300089,20260325,1
300092,20260325,1
300095,20260325,1
300098,20260325,1
300099,20260325,1
300102,20260325,1
300105,20260325,1
300108,20260325,1
300111,20260325,1
300114,20260325,1
300115,20260325,1
300116,20260325,1
300117,20260325,1
300120,20260325,1
300123,20260325,1
300124,20260325,1
300125,20260325,1
300126,20260325,1
300127,20260325,1
300130,20260325,1
300137,20260325,1
300141,20260325,1
300145,20260325,1
300149,20260325,1
300153,20260325,1
300157,20260325,1
300161,20260325,1
300165,20260325,1
300169,20260325,1
300173,20260325,1
300177,20260325,1
300181,20260325,1
300185,20260325,1
300189,20260325,1
300193,20260325,1
300197,20260325,1
300201,20260325,1
300203,20260325,1
300207,20260325,1
300211,20260325,1
300215,20260325,1
300219,20260325,1
300223,20260325,1
300225,20260325,1
300227,20260325,1
300229,20260325,1
300233,20260325,1
300237,20260325,1
300241,20260325,1
300245,20260325,1
300249,20260325,1
300253,20260325,1
300257,20260325,1
300261,20260325,1
299773,20260326,1
299776,20260326,1
299779,20260326,1
299782,20260326,1
299785,20260326,1
299787,20260326,1
299790,20260326,1
299793,20260326,1
299796,20260326,1
299799,20260326,1
299802,20260326,1
299805,20260326,1
299808,20260326,1
299811,20260326,1
299814,20260326,1
299817,20260326,1
299820,20260326,1
299823,20260326,1
299826,20260326,1
299829,20260326,1
299832,20260326,1
299835,20260326,1
299838,20260326,1
299841,20260326,1
299844,20260326,1
299847,20260326,1
299850,20260326,1
299853,20260326,1
299856,20260326,1
299859,20260326,1
299862,20260326,1
299863,20260326,1
299864,20260326,1
299867,20260326,1
299870,20260326,1
299873,20260326,1
299876,20260326,1
299879,20260326,1
299882,20260326,1
299885,20260326,1
299888,20260326,1
299889,20260326,1
299890,20260326,1
299891,20260326,1
299897,20260326,1
299900,20260326,1
299901,20260326,1
299902,20260326,1
299903,20260326,1
299905,20260326,1
299908,20260326,1
299911,20260326,1
299914,20260326,1
299917,20260326,1
299920,20260326,1
299923,20260326,1
299926,20260326,1
299929,20260326,1
299932,20260326,1
299934,20260326,1
299937,20260326,1
299938,20260326,1
299941,20260326,1
299946,20260326,1
299949,20260326,1
299953,20260326,1
299956,20260326,1
299959,20260326,1
299962,20260326,1
299965,20260326,1
299969,20260326,1
299972,20260326,1
299975,20260326,1
299978,20260326,1
299981,20260326,1
299984,20260326,1
299987,20260326,1
299990,20260326,1
299993,20260326,1
299996,20260326,1
299999,20260326,1
300002,20260326,1
300005,20260326,1
300008,20260326,1
300009,20260326,1
300012,20260326,1
300015,20260326,1
300018,20260326,1
300021,20260326,1
300024,20260326,1
300027,20260326,1
300030,20260326,1
300033,20260326,1
300036,20260326,1
300039,20260326,1
300042,20260326,1
300043,20260326,1
300046,20260326,1
300049,20260326,1
300050,20260326,1
300051,20260326,1
300052,20260326,1
300055,20260326,1
300058,20260326,1
300061,20260326,1
300064,20260326,1
300065,20260326,1
300066,20260326,1
300069,20260326,1
300070,20260326,1
300073,20260326,1
300076,20260326,1
300079,20260326,1
300082,20260326,1
300083,20260326,1
300084,20260326,1
300085,20260326,1
300088,20260326,1
300089,20260326,1
300092,20260326,1
300095,20260326,1
300098,20260326,1
300099,20260326,1
300102,20260326,1
300105,20260326,1
300108,20260326,1
300111,20260326,1
300114,20260326,1
300115,20260326,1
300116,20260326,1
300117,20260326,1
300120,20260326,1
300123,20260326,1
300124,20260326,1
300125,20260326,1
300126,20260326,1
300127,20260326,1
300130,20260326,1
300137,20260326,1
300141,20260326,1
300145,20260326,1
300149,20260326,1
300153,20260326,1
300157,20260326,1
300161,20260326,1
300165,20260326,1
300169,20260326,1
300173,20260326,1
300177,20260326,1
300181,20260326,1
300185,20260326,1
300189,20260326,1
300193,20260326,1
300197,20260326,1
300201,20260326,1
300203,20260326,1
300207,20260326,1
300211,20260326,1
300215,20260326,1
300219,20260326,1
300223,20260326,1
300225,20260326,1
300227,20260326,1
300229,20260326,1
300233,20260326,1
300237,20260326,1
300241,20260326,1
300245,20260326,1
300249,20260326,1
300253,20260326,1
300257,20260326,1
300261,20260326,1
299773,20260327,1
299776,20260327,1
299779,20260327,1
299782,20260327,1
299785,20260327,1
299787,20260327,1
299790,20260327,1
299793,20260327,1
299796,20260327,1
299799,20260327,1
299802,20260327,1
299805,20260327,1
299808,20260327,1
299811,20260327,1
299814,20260327,1
299817,20260327,1
299820,20260327,1
299823,20260327,1
299826,20260327,1
299829,20260327,1
299832,20260327,1
299835,20260327,1
299838,20260327,1
299841,20260327,1
299844,20260327,1
299847,20260327,1
299850,20260327,1
299853,20260327,1
299856,20260327,1
299859,20260327,1
299862,20260327,1
299863,20260327,1
299864,20260327,1
299867,20260327,1
299870,20260327,1
299873,20260327,1
299876,20260327,1
299879,20260327,1
299882,20260327,1
299885,20260327,1
299888,20260327,1
299889,20260327,1
299890,20260327,1
299891,20260327,1
299897,20260327,1
299900,20260327,1
299901,20260327,1
299902,20260327,1
299903,20260327,1
299905,20260327,1
299908,20260327,1
299911,20260327,1
299914,20260327,1
299917,20260327,1
299920,20260327,1
299923,20260327,1
299926,20260327,1
299929,20260327,1
299932,20260327,1
299934,20260327,1
299937,20260327,1
299938,20260327,1
299941,20260327,1
299946,20260327,1
299949,20260327,1
299953,20260327,1
299956,20260327,1
299959,20260327,1
299962,20260327,1
299965,20260327,1
299969,20260327,1
299972,20260327,1
299975,20260327,1
299978,20260327,1
299981,20260327,1
299984,20260327,1
299987,20260327,1
299990,20260327,1
299993,20260327,1
299996,20260327,1
299999,20260327,1
300002,20260327,1
300005,20260327,1
300008,20260327,1
300009,20260327,1
300012,20260327,1
300015,20260327,1
300018,20260327,1
300021,20260327,1
300024,20260327,1
300027,20260327,1
300030,20260327,1
300033,20260327,1
300036,20260327,1
300039,20260327,1
300042,20260327,1
300043,20260327,1
300046,20260327,1
300049,20260327,1
300050,20260327,1
300051,20260327,1
300052,20260327,1
300055,20260327,1
300058,20260327,1
300061,20260327,1
300064,20260327,1
300065,20260327,1
300066,20260327,1
300069,20260327,1
300070,20260327,1
300073,20260327,1
300076,20260327,1
300079,20260327,1
300082,20260327,1
300083,20260327,1
300084,20260327,1
300085,20260327,1
300088,20260327,1
300089,20260327,1
300092,20260327,1
300095,20260327,1
300098,20260327,1
300099,20260327,1
300102,20260327,1
300105,20260327,1
300108,20260327,1
300111,20260327,1
300114,20260327,1
300115,20260327,1
300116,20260327,1
300117,20260327,1
300120,20260327,1
300123,20260327,1
300124,20260327,1
300125,20260327,1
300126,20260327,1
300127,20260327,1
300130,20260327,1
300136,20260327,1
300140,20260327,1
300144,20260327,1
300148,20260327,1
300152,20260327,1
300156,20260327,1
300160,20260327,1
300164,20260327,1
300168,20260327,1
300172,20260327,1
300176,20260327,1
300180,20260327,1
300184,20260327,1
300188,20260327,1
300192,20260327,1
300196,20260327,1
300200,20260327,1
300202,20260327,1
300206,20260327,1
300210,20260327,1
300214,20260327,1
300218,20260327,1
300222,20260327,1
300224,20260327,1
300226,20260327,1
300228,20260327,1
300232,20260327,1
300236,20260327,1
300240,20260327,1
300244,20260327,1
300248,20260327,1
300252,20260327,1
300256,20260327,1
300260,20260327,1
299772,20260328,1
299775,20260328,1
299778,20260328,1
299781,20260328,1
299784,20260328,1
299786,20260328,1
299789,20260328,1
299792,20260328,1
299795,20260328,1
299798,20260328,1
299801,20260328,1
299804,20260328,1
299807,20260328,1
299810,20260328,1
299813,20260328,1
299816,20260328,1
299819,20260328,1
299822,20260328,1
299825,20260328,1
299828,20260328,1
299831,20260328,1
299834,20260328,1
299837,20260328,1
299840,20260328,1
299843,20260328,1
299846,20260328,1
299849,20260328,1
299852,20260328,1
299855,20260328,1
299858,20260328,1
299861,20260328,1
299866,20260328,1
299869,20260328,1
299872,20260328,1
299875,20260328,1
299878,20260328,1
299881,20260328,1
299884,20260328,1
299887,20260328,1
299896,20260328,1
299899,20260328,1
299904,20260328,1
299907,20260328,1
299910,20260328,1
299913,20260328,1
299916,20260328,1
299919,20260328,1
299922,20260328,1
299925,20260328,1
299928,20260328,1
299931,20260328,1
299933,20260328,1
299936,20260328,1
299940,20260328,1
299943,20260328,1
299945,20260328,1
299948,20260328,1
299952,20260328,1
299955,20260328,1
299958,20260328,1
299961,20260328,1
299964,20260328,1
299968,20260328,1
299971,20260328,1
299974,20260328,1
299977,20260328,1
299980,20260328,1
299983,20260328,1
299986,20260328,1
299989,20260328,1
299992,20260328,1
299995,20260328,1
299998,20260328,1
300001,20260328,1
300004,20260328,1
300007,20260328,1
300011,20260328,1
300014,20260328,1
300017,20260328,1
300020,20260328,1
300023,20260328,1
300026,20260328,1
300029,20260328,1
300032,20260328,1
300035,20260328,1
300038,20260328,1
300041,20260328,1
300045,20260328,1
300048,20260328,1
300054,20260328,1
300057,20260328,1
300060,20260328,1
300063,20260328,1
300068,20260328,1
300072,20260328,1
300075,20260328,1
300078,20260328,1
300081,20260328,1
300087,20260328,1
300091,20260328,1
300094,20260328,1
300097,20260328,1
300101,20260328,1
300104,20260328,1
300107,20260328,1
300110,20260328,1
300113,20260328,1
300119,20260328,1
300122,20260328,1
300129,20260328,1
300139,20260328,1
300143,20260328,1
300147,20260328,1
300151,20260328,1
300155,20260328,1
300159,20260328,1
300163,20260328,1
300167,20260328,1
300171,20260328,1
300175,20260328,1
300179,20260328,1
300183,20260328,1
300187,20260328,1
300191,20260328,1
300195,20260328,1
300199,20260328,1
300205,20260328,1
300209,20260328,1
300213,20260328,1
300217,20260328,1
300221,20260328,1
300231,20260328,1
300235,20260328,1
300239,20260328,1
300243,20260328,1
300247,20260328,1
300251,20260328,1
300255,20260328,1
300259,20260328,1
299771,20260329,1
299774,20260329,1
299777,20260329,1
299780,20260329,1
299783,20260329,1
299788,20260329,1
299791,20260329,1
299794,20260329,1
299797,20260329,1
299800,20260329,1
299803,20260329,1
299806,20260329,1
299809,20260329,1
299812,20260329,1
299815,20260329,1
299818,20260329,1
299821,20260329,1
299824,20260329,1
299827,20260329,1
299830,20260329,1
299833,20260329,1
299836,20260329,1
299839,20260329,1
299842,20260329,1
299845,20260329,1
299848,20260329,1
299851,20260329,1
299854,20260329,1
299857,20260329,1
299860,20260329,1
299865,20260329,1
299868,20260329,1
299871,20260329,1
299874,20260329,1
299877,20260329,1
299880,20260329,1
299883,20260329,1
299886,20260329,1
299895,20260329,1
299898,20260329,1
299906,20260329,1
299909,20260329,1
299912,20260329,1
299915,20260329,1
299918,20260329,1
299921,20260329,1
299924,20260329,1
299927,20260329,1
299930,20260329,1
299935,20260329,1
299939,20260329,1
299942,20260329,1
299944,20260329,1
299947,20260329,1
299951,20260329,1
299954,20260329,1
299957,20260329,1
299960,20260329,1
299963,20260329,1
299967,20260329,1
299970,20260329,1
299973,20260329,1
299976,20260329,1
299979,20260329,1
299982,20260329,1
299985,20260329,1
299988,20260329,1
299991,20260329,1
299994,20260329,1
299997,20260329,1
300000,20260329,1
300003,20260329,1
300006,20260329,1
300010,20260329,1
300013,20260329,1
300016,20260329,1
300019,20260329,1
300022,20260329,1
300025,20260329,1
300028,20260329,1
300031,20260329,1
300034,20260329,1
300037,20260329,1
300040,20260329,1
300044,20260329,1
300047,20260329,1
300053,20260329,1
300056,20260329,1
300059,20260329,1
300062,20260329,1
300067,20260329,1
300071,20260329,1
300074,20260329,1
300077,20260329,1
300080,20260329,1
300086,20260329,1
300090,20260329,1
300093,20260329,1
300096,20260329,1
300100,20260329,1
300103,20260329,1
300106,20260329,1
300109,20260329,1
300112,20260329,1
300118,20260329,1
300121,20260329,1
300128,20260329,1
300138,20260329,1
300142,20260329,1
300146,20260329,1
300150,20260329,1
300154,20260329,1
300158,20260329,1
300162,20260329,1
300166,20260329,1
300170,20260329,1
300174,20260329,1
300178,20260329,1
300182,20260329,1
300186,20260329,1
300190,20260329,1
300194,20260329,1
300198,20260329,1
300204,20260329,1
300208,20260329,1
300212,20260329,1
300216,20260329,1
300220,20260329,1
300230,20260329,1
300234,20260329,1
300238,20260329,1
300242,20260329,1
300246,20260329,1
300250,20260329,1
300254,20260329,1
300258,20260329,1
299773,20260330,1
299776,20260330,1
299779,20260330,1
299782,20260330,1
299785,20260330,1
299787,20260330,1
299790,20260330,1
299793,20260330,1
299796,20260330,1
299799,20260330,1
299802,20260330,1
299805,20260330,1
299808,20260330,1
299811,20260330,1
299814,20260330,1
299817,20260330,1
299820,20260330,1
299823,20260330,1
299826,20260330,1
299829,20260330,1
299832,20260330,1
299835,20260330,1
299838,20260330,1
299841,20260330,1
299844,20260330,1
299847,20260330,1
299850,20260330,1
299853,20260330,1
299856,20260330,1
299859,20260330,1
299862,20260330,1
299863,20260330,1
299864,20260330,1
299867,20260330,1
299870,20260330,1
299873,20260330,1
299876,20260330,1
299879,20260330,1
299882,20260330,1
299885,20260330,1
299888,20260330,1
299889,20260330,1
299890,20260330,1
299891,20260330,1
299897,20260330,1
299900,20260330,1
299901,20260330,1
299902,20260330,1
299903,20260330,1
299905,20260330,1
299908,20260330,1
299911,20260330,1
299914,20260330,1
299917,20260330,1
299920,20260330,1
299923,20260330,1
299926,20260330,1
299929,20260330,1
299932,20260330,1
299934,20260330,1
299937,20260330,1
299938,20260330,1
299941,20260330,1
299946,20260330,1
299949,20260330,1
299953,20260330,1
299956,20260330,1
299959,20260330,1
299962,20260330,1
299965,20260330,1
299969,20260330,1
299972,20260330,1
299975,20260330,1
299978,20260330,1
299981,20260330,1
299984,20260330,1
299987,20260330,1
299990,20260330,1
299993,20260330,1
299996,20260330,1
299999,20260330,1
300002,20260330,1
300005,20260330,1
300008,20260330,1
300009,20260330,1
300012,20260330,1
300015,20260330,1
300018,20260330,1
300021,20260330,1
300024,20260330,1
300027,20260330,1
300030,20260330,1
300033,20260330,1
300036,20260330,1
300039,20260330,1
300042,20260330,1
300043,20260330,1
300046,20260330,1
300049,20260330,1
300050,20260330,1
300051,20260330,1
300052,20260330,1
300055,20260330,1
300058,20260330,1
300061,20260330,1
300064,20260330,1
300065,20260330,1
300066,20260330,1
300069,20260330,1
300070,20260330,1
300073,20260330,1
300076,20260330,1
300079,20260330,1
300082,20260330,1
300083,20260330,1
300084,20260330,1
300085,20260330,1
300088,20260330,1
300089,20260330,1
300092,20260330,1
300095,20260330,1
300098,20260330,1
300099,20260330,1
300102,20260330,1
300105,20260330,1
300108,20260330,1
300111,20260330,1
300114,20260330,1
300115,20260330,1
300116,20260330,1
300117,20260330,1
300120,20260330,1
300123,20260330,1
300124,20260330,1
300125,20260330,1
300126,20260330,1
300127,20260330,1
300130,20260330,1
300137,20260330,1
300141,20260330,1
300145,20260330,1
300149,20260330,1
300153,20260330,1
300157,20260330,1
300161,20260330,1
300165,20260330,1
300169,20260330,1
300173,20260330,1
300177,20260330,1
300181,20260330,1
300185,20260330,1
300189,20260330,1
300193,20260330,1
300197,20260330,1
300201,20260330,1
300203,20260330,1
300207,20260330,1
300211,20260330,1
300215,20260330,1
300219,20260330,1
300223,20260330,1
300225,20260330,1
300227,20260330,1
300229,20260330,1
300233,20260330,1
300237,20260330,1
300241,20260330,1
300245,20260330,1
300249,20260330,1
300253,20260330,1
300257,20260330,1
300261,20260330,1
299773,20260331,1
299776,20260331,1
299779,20260331,1
299782,20260331,1
299785,20260331,1
299787,20260331,1
299790,20260331,1
299793,20260331,1
299796,20260331,1
299799,20260331,1
299802,20260331,1
299805,20260331,1
299808,20260331,1
299811,20260331,1
299814,20260331,1
299817,20260331,1
299820,20260331,1
299823,20260331,1
299826,20260331,1
299829,20260331,1
299832,20260331,1
299835,20260331,1
299838,20260331,1
299841,20260331,1
299844,20260331,1
299847,20260331,1
299850,20260331,1
299853,20260331,1
299856,20260331,1
299859,20260331,1
299862,20260331,1
299863,20260331,1
299864,20260331,1
299867,20260331,1
299870,20260331,1
299873,20260331,1
299876,20260331,1
299879,20260331,1
299882,20260331,1
299885,20260331,1
299888,20260331,1
299889,20260331,1
299890,20260331,1
299891,20260331,1
299897,20260331,1
299900,20260331,1
299901,20260331,1
299902,20260331,1
299903,20260331,1
299905,20260331,1
299908,20260331,1
299911,20260331,1
299914,20260331,1
299917,20260331,1
299920,20260331,1
299923,20260331,1
299926,20260331,1
299929,20260331,1
299932,20260331,1
299934,20260331,1
299937,20260331,1
299938,20260331,1
299941,20260331,1
299946,20260331,1
299949,20260331,1
299953,20260331,1
299956,20260331,1
299959,20260331,1
299962,20260331,1
299965,20260331,1
299969,20260331,1
299972,20260331,1
299975,20260331,1
299978,20260331,1
299981,20260331,1
299984,20260331,1
299987,20260331,1
299990,20260331,1
299993,20260331,1
299996,20260331,1
299999,20260331,1
300002,20260331,1
300005,20260331,1
300008,20260331,1
300009,20260331,1
300012,20260331,1
300015,20260331,1
300018,20260331,1
300021,20260331,1
300024,20260331,1
300027,20260331,1
300030,20260331,1
300033,20260331,1
300036,20260331,1
300039,20260331,1
300042,20260331,1
300043,20260331,1
300046,20260331,1
300049,20260331,1
300050,20260331,1
300051,20260331,1
300052,20260331,1
300055,20260331,1
300058,20260331,1
300061,20260331,1
300064,20260331,1
300065,20260331,1
300066,20260331,1
300069,20260331,1
300070,20260331,1
300073,20260331,1
300076,20260331,1
300079,20260331,1
300082,20260331,1
300083,20260331,1
300084,20260331,1
300085,20260331,1
300088,20260331,1
300089,20260331,1
300092,20260331,1
300095,20260331,1
300098,20260331,1
300099,20260331,1
300102,20260331,1
300105,20260331,1
300108,20260331,1
300111,20260331,1
300114,20260331,1
300115,20260331,1
300116,20260331,1
300117,20260331,1
300120,20260331,1
300123,20260331,1
300124,20260331,1
300125,20260331,1
300126,20260331,1
300127,20260331,1
300130,20260331,1
300137,20260331,1
300141,20260331,1
300145,20260331,1
300149,20260331,1
300153,20260331,1
300157,20260331,1
300161,20260331,1
300165,20260331,1
300169,20260331,1
300173,20260331,1
300177,20260331,1
300181,20260331,1
300185,20260331,1
300189,20260331,1
300193,20260331,1
300197,20260331,1
300201,20260331,1
300203,20260331,1
300207,20260331,1
300211,20260331,1
300215,20260331,1
300219,20260331,1
300223,20260331,1
300225,20260331,1
300227,20260331,1
300229,20260331,1
300233,20260331,1
300237,20260331,1
300241,20260331,1
300245,20260331,1
300249,20260331,1
300253,20260331,1
300257,20260331,1
300261,20260331,1
299773,20260401,1
299776,20260401,1
299779,20260401,1
299782,20260401,1
299785,20260401,1
299787,20260401,1
299790,20260401,1
299793,20260401,1
299796,20260401,1
299799,20260401,1
299802,20260401,1
299805,20260401,1
299808,20260401,1
299811,20260401,1
299814,20260401,1
299817,20260401,1
299820,20260401,1
299823,20260401,1
299826,20260401,1
299829,20260401,1
299832,20260401,1
299835,20260401,1
299838,20260401,1
299841,20260401,1
299844,20260401,1
299847,20260401,1
299850,20260401,1
299853,20260401,1
299856,20260401,1
299859,20260401,1
299862,20260401,1
299863,20260401,1
299864,20260401,1
299867,20260401,1
299870,20260401,1
299873,20260401,1
299876,20260401,1
299879,20260401,1
299882,20260401,1
299885,20260401,1
299888,20260401,1
299889,20260401,1
299890,20260401,1
299891,20260401,1
299897,20260401,1
299900,20260401,1
299901,20260401,1
299902,20260401,1
299903,20260401,1
299905,20260401,1
299908,20260401,1
299911,20260401,1
299914,20260401,1
299917,20260401,1
299920,20260401,1
299923,20260401,1
299926,20260401,1
299929,20260401,1
299932,20260401,1
299934,20260401,1
299937,20260401,1
299938,20260401,1
299941,20260401,1
299946,20260401,1
299949,20260401,1
299953,20260401,1
299956,20260401,1
299959,20260401,1
299962,20260401,1
299965,20260401,1
299969,20260401,1
299972,20260401,1
299975,20260401,1
299978,20260401,1
299981,20260401,1
299984,20260401,1
299987,20260401,1
299990,20260401,1
299993,20260401,1
299996,20260401,1
299999,20260401,1
300002,20260401,1
300005,20260401,1
300008,20260401,1
300009,20260401,1
300012,20260401,1
300015,20260401,1
300018,20260401,1
300021,20260401,1
300024,20260401,1
300027,20260401,1
300030,20260401,1
300033,20260401,1
300036,20260401,1
300039,20260401,1
300042,20260401,1
300043,20260401,1
300046,20260401,1
300049,20260401,1
300050,20260401,1
300051,20260401,1
300052,20260401,1
300055,20260401,1
300058,20260401,1
300061,20260401,1
300064,20260401,1
300065,20260401,1
300066,20260401,1
300069,20260401,1
300070,20260401,1
300073,20260401,1
300076,20260401,1
300079,20260401,1
300082,20260401,1
300083,20260401,1
300084,20260401,1
300085,20260401,1
300088,20260401,1
300089,20260401,1
300092,20260401,1
300095,20260401,1
300098,20260401,1
300099,20260401,1
300102,20260401,1
300105,20260401,1
300108,20260401,1
300111,20260401,1
300114,20260401,1
300115,20260401,1
300116,20260401,1
300117,20260401,1
300120,20260401,1
300123,20260401,1
300124,20260401,1
300125,20260401,1
300126,20260401,1
300127,20260401,1
300130,20260401,1
300137,20260401,1
300141,20260401,1
300145,20260401,1
300149,20260401,1
300153,20260401,1
300157,20260401,1
300161,20260401,1
300165,20260401,1
300169,20260401,1
300173,20260401,1
300177,20260401,1
300181,20260401,1
300185,20260401,1
300189,20260401,1
300193,20260401,1
300197,20260401,1
300201,20260401,1
300203,20260401,1
300207,20260401,1
300211,20260401,1
300215,20260401,1
300219,20260401,1
300223,20260401,1
300225,20260401,1
300227,20260401,1
300229,20260401,1
300233,20260401,1
300237,20260401,1
300241,20260401,1
300245,20260401,1
300249,20260401,1
300253,20260401,1
300257,20260401,1
300261,20260401,1
299771,20260402,1
299774,20260402,1
299777,20260402,1
299780,20260402,1
299783,20260402,1
299788,20260402,1
299791,20260402,1
299794,20260402,1
299797,20260402,1
299800,20260402,1
299803,20260402,1
299806,20260402,1
299809,20260402,1
299812,20260402,1
299815,20260402,1
299818,20260402,1
299821,20260402,1
299824,20260402,1
299827,20260402,1
299830,20260402,1
299833,20260402,1
299836,20260402,1
299839,20260402,1
299842,20260402,1
299845,20260402,1
299848,20260402,1
299851,20260402,1
299854,20260402,1
299857,20260402,1
299860,20260402,1
299865,20260402,1
299868,20260402,1
299871,20260402,1
299874,20260402,1
299877,20260402,1
299880,20260402,1
299883,20260402,1
299886,20260402,1
299895,20260402,1
299898,20260402,1
299906,20260402,1
299909,20260402,1
299912,20260402,1
299915,20260402,1
299918,20260402,1
299921,20260402,1
299924,20260402,1
299927,20260402,1
299930,20260402,1
299935,20260402,1
299939,20260402,1
299942,20260402,1
299944,20260402,1
299947,20260402,1
299951,20260402,1
299954,20260402,1
299957,20260402,1
299960,20260402,1
299963,20260402,1
299967,20260402,1
299970,20260402,1
299973,20260402,1
299976,20260402,1
299979,20260402,1
299982,20260402,1
299985,20260402,1
299988,20260402,1
299991,20260402,1
299994,20260402,1
299997,20260402,1
300000,20260402,1
300003,20260402,1
300006,20260402,1
300010,20260402,1
300013,20260402,1
300016,20260402,1
300019,20260402,1
300022,20260402,1
300025,20260402,1
300028,20260402,1
300031,20260402,1
300034,20260402,1
300037,20260402,1
300040,20260402,1
300044,20260402,1
300047,20260402,1
300053,20260402,1
300056,20260402,1
300059,20260402,1
300062,20260402,1
300067,20260402,1
300071,20260402,1
300074,20260402,1
300077,20260402,1
300080,20260402,1
300086,20260402,1
300090,20260402,1
300093,20260402,1
300096,20260402,1
300100,20260402,1
300103,20260402,1
300106,20260402,1
300109,20260402,1
300112,20260402,1
300118,20260402,1
300121,20260402,1
300128,20260402,1
300138,20260402,1
300142,20260402,1
300146,20260402,1
300150,20260402,1
300154,20260402,1
300158,20260402,1
300162,20260402,1
300166,20260402,1
300170,20260402,1
300174,20260402,1
300178,20260402,1
300182,20260402,1
300186,20260402,1
300190,20260402,1
300194,20260402,1
300198,20260402,1
300204,20260402,1
300208,20260402,1
300212,20260402,1
300216,20260402,1
300220,20260402,1
300230,20260402,1
300234,20260402,1
300238,20260402,1
300242,20260402,1
300246,20260402,1
300250,20260402,1
300254,20260402,1
300258,20260402,1
299771,20260403,1
299774,20260403,1
299777,20260403,1
299780,20260403,1
299783,20260403,1
299788,20260403,1
299791,20260403,1
299794,20260403,1
299797,20260403,1
299800,20260403,1
299803,20260403,1
299806,20260403,1
299809,20260403,1
299812,20260403,1
299815,20260403,1
299818,20260403,1
299821,20260403,1
299824,20260403,1
299827,20260403,1
299830,20260403,1
299833,20260403,1
299836,20260403,1
299839,20260403,1
299842,20260403,1
299845,20260403,1
299848,20260403,1
299851,20260403,1
299854,20260403,1
299857,20260403,1
299860,20260403,1
299865,20260403,1
299868,20260403,1
299871,20260403,1
299874,20260403,1
299877,20260403,1
299880,20260403,1
299883,20260403,1
299886,20260403,1
299895,20260403,1
299898,20260403,1
299906,20260403,1
299909,20260403,1
299912,20260403,1
299915,20260403,1
299918,20260403,1
299921,20260403,1
299924,20260403,1
299927,20260403,1
299930,20260403,1
299935,20260403,1
299939,20260403,1
299942,20260403,1
299944,20260403,1
299947,20260403,1
299951,20260403,1
299954,20260403,1
299957,20260403,1
299960,20260403,1
299963,20260403,1
299967,20260403,1
299970,20260403,1
299973,20260403,1
299976,20260403,1
299979,20260403,1
299982,20260403,1
299985,20260403,1
299988,20260403,1
299991,20260403,1
299994,20260403,1
299997,20260403,1
300000,20260403,1
300003,20260403,1
300006,20260403,1
300010,20260403,1
300013,20260403,1
300016,20260403,1
300019,20260403,1
300022,20260403,1
300025,20260403,1
300028,20260403,1
300031,20260403,1
300034,20260403,1
300037,20260403,1
300040,20260403,1
300044,20260403,1
300047,20260403,1
300053,20260403,1
300056,20260403,1
300059,20260403,1
300062,20260403,1
300067,20260403,1
300071,20260403,1
300074,20260403,1
300077,20260403,1
300080,20260403,1
300086,20260403,1
300090,20260403,1
300093,20260403,1
300096,20260403,1
300100,20260403,1
300103,20260403,1
300106,20260403,1
300109,20260403,1
300112,20260403,1
300118,20260403,1
300121,20260403,1
300128,20260403,1
300138,20260403,1
300142,20260403,1
300146,20260403,1
300150,20260403,1
300154,20260403,1
300158,20260403,1
300162,20260403,1
300166,20260403,1
300170,20260403,1
300174,20260403,1
300178,20260403,1
300182,20260403,1
300186,20260403,1
300190,20260403,1
300194,20260403,1
300198,20260403,1
300204,20260403,1
300208,20260403,1
300212,20260403,1
300216,20260403,1
300220,20260403,1
300230,20260403,1
300234,20260403,1
300238,20260403,1
300242,20260403,1
300246,20260403,1
300250,20260403,1
300254,20260403,1
300258,20260403,1
299772,20260404,1
299775,20260404,1
299778,20260404,1
299781,20260404,1
299784,20260404,1
299786,20260404,1
299789,20260404,1
299792,20260404,1
299795,20260404,1
299798,20260404,1
299801,20260404,1
299804,20260404,1
299807,20260404,1
299810,20260404,1
299813,20260404,1
299816,20260404,1
299819,20260404,1
299822,20260404,1
299825,20260404,1
299828,20260404,1
299831,20260404,1
299834,20260404,1
299837,20260404,1
299840,20260404,1
299843,20260404,1
299846,20260404,1
299849,20260404,1
299852,20260404,1
299855,20260404,1
299858,20260404,1
299861,20260404,1
299866,20260404,1
299869,20260404,1
299872,20260404,1
299875,20260404,1
299878,20260404,1
299881,20260404,1
299884,20260404,1
299887,20260404,1
299896,20260404,1
299899,20260404,1
299904,20260404,1
299907,20260404,1
299910,20260404,1
299913,20260404,1
299916,20260404,1
299919,20260404,1
299922,20260404,1
299925,20260404,1
299928,20260404,1
299931,20260404,1
299933,20260404,1
299936,20260404,1
299940,20260404,1
299943,20260404,1
299945,20260404,1
299948,20260404,1
299952,20260404,1
299955,20260404,1
299958,20260404,1
299961,20260404,1
299964,20260404,1
299968,20260404,1
299971,20260404,1
299974,20260404,1
299977,20260404,1
299980,20260404,1
299983,20260404,1
299986,20260404,1
299989,20260404,1
299992,20260404,1
299995,20260404,1
299998,20260404,1
300001,20260404,1
300004,20260404,1
300007,20260404,1
300011,20260404,1
300014,20260404,1
300017,20260404,1
300020,20260404,1
300023,20260404,1
300026,20260404,1
300029,20260404,1
300032,20260404,1
300035,20260404,1
300038,20260404,1
300041,20260404,1
300045,20260404,1
300048,20260404,1
300054,20260404,1
300057,20260404,1
300060,20260404,1
300063,20260404,1
300068,20260404,1
300072,20260404,1
300075,20260404,1
300078,20260404,1
300081,20260404,1
300087,20260404,1
300091,20260404,1
300094,20260404,1
300097,20260404,1
300101,20260404,1
300104,20260404,1
300107,20260404,1
300110,20260404,1
300113,20260404,1
300119,20260404,1
300122,20260404,1
300129,20260404,1
300139,20260404,1
300143,20260404,1
300147,20260404,1
300151,20260404,1
300155,20260404,1
300159,20260404,1
300163,20260404,1
300167,20260404,1
300171,20260404,1
300175,20260404,1
300179,20260404,1
300183,20260404,1
300187,20260404,1
300191,20260404,1
300195,20260404,1
300199,20260404,1
300205,20260404,1
300209,20260404,1
300213,20260404,1
300217,20260404,1
300221,20260404,1
300231,20260404,1
300235,20260404,1
300239,20260404,1
300243,20260404,1
300247,20260404,1
300251,20260404,1
300255,20260404,1
300259,20260404,1
299771,20260405,1
299774,20260405,1
299777,20260405,1
299780,20260405,1
299783,20260405,1
299788,20260405,1
299791,20260405,1
299794,20260405,1
299797,20260405,1
299800,20260405,1
299803,20260405,1
299806,20260405,1
299809,20260405,1
299812,20260405,1
299815,20260405,1
299818,20260405,1
299821,20260405,1
299824,20260405,1
299827,20260405,1
299830,20260405,1
299833,20260405,1
299836,20260405,1
299839,20260405,1
299842,20260405,1
299845,20260405,1
299848,20260405,1
299851,20260405,1
299854,20260405,1
299857,20260405,1
299860,20260405,1
299865,20260405,1
299868,20260405,1
299871,20260405,1
299874,20260405,1
299877,20260405,1
299880,20260405,1
299883,20260405,1
299886,20260405,1
299895,20260405,1
299898,20260405,1
299906,20260405,1
299909,20260405,1
299912,20260405,1
299915,20260405,1
299918,20260405,1
299921,20260405,1
299924,20260405,1
299927,20260405,1
299930,20260405,1
299935,20260405,1
299939,20260405,1
299942,20260405,1
299944,20260405,1
299947,20260405,1
299951,20260405,1
299954,20260405,1
299957,20260405,1
299960,20260405,1
299963,20260405,1
299967,20260405,1
299970,20260405,1
299973,20260405,1
299976,20260405,1
299979,20260405,1
299982,20260405,1
299985,20260405,1
299988,20260405,1
299991,20260405,1
299994,20260405,1
299997,20260405,1
300000,20260405,1
300003,20260405,1
300006,20260405,1
300010,20260405,1
300013,20260405,1
300016,20260405,1
300019,20260405,1
300022,20260405,1
300025,20260405,1
300028,20260405,1
300031,20260405,1
300034,20260405,1
300037,20260405,1
300040,20260405,1
300044,20260405,1
300047,20260405,1
300053,20260405,1
300056,20260405,1
300059,20260405,1
300062,20260405,1
300067,20260405,1
300071,20260405,1
300074,20260405,1
300077,20260405,1
300080,20260405,1
300086,20260405,1
300090,20260405,1
300093,20260405,1
300096,20260405,1
300100,20260405,1
300103,20260405,1
300106,20260405,1
300109,20260405,1
300112,20260405,1
300118,20260405,1
300121,20260405,1
300128,20260405,1
300138,20260405,1
300142,20260405,1
300146,20260405,1
300150,20260405,1
300154,20260405,1
300158,20260405,1
300162,20260405,1
300166,20260405,1
300170,20260405,1
300174,20260405,1
300178,20260405,1
300182,20260405,1
300186,20260405,1
300190,20260405,1
300194,20260405,1
300198,20260405,1
300204,20260405,1
300208,20260405,1
300212,20260405,1
300216,20260405,1
300220,20260405,1
300230,20260405,1
300234,20260405,1
300238,20260405,1
300242,20260405,1
300246,20260405,1
300250,20260405,1
300254,20260405,1
300258,20260405,1
299773,20260406,1
299776,20260406,1
299779,20260406,1
299782,20260406,1
299785,20260406,1
299787,20260406,1
299790,20260406,1
299793,20260406,1
299796,20260406,1
299799,20260406,1
299802,20260406,1
299805,20260406,1
299808,20260406,1
299811,20260406,1
299814,20260406,1
299817,20260406,1
299820,20260406,1
299823,20260406,1
299826,20260406,1
299829,20260406,1
299832,20260406,1
299835,20260406,1
299838,20260406,1
299841,20260406,1
299844,20260406,1
299847,20260406,1
299850,20260406,1
299853,20260406,1
299856,20260406,1
299859,20260406,1
299862,20260406,1
299863,20260406,1
299864,20260406,1
299867,20260406,1
299870,20260406,1
299873,20260406,1
299876,20260406,1
299879,20260406,1
299882,20260406,1
299885,20260406,1
299888,20260406,1
299889,20260406,1
299890,20260406,1
299891,20260406,1
299897,20260406,1
299900,20260406,1
299901,20260406,1
299902,20260406,1
299903,20260406,1
299905,20260406,1
299908,20260406,1
299911,20260406,1
299914,20260406,1
299917,20260406,1
299920,20260406,1
299923,20260406,1
299926,20260406,1
299929,20260406,1
299932,20260406,1
299934,20260406,1
299937,20260406,1
299938,20260406,1
299941,20260406,1
299946,20260406,1
299949,20260406,1
299953,20260406,1
299956,20260406,1
299959,20260406,1
299962,20260406,1
299965,20260406,1
299969,20260406,1
299972,20260406,1
299975,20260406,1
299978,20260406,1
299981,20260406,1
299984,20260406,1
299987,20260406,1
299990,20260406,1
299993,20260406,1
299996,20260406,1
299999,20260406,1
300002,20260406,1
300005,20260406,1
300008,20260406,1
300009,20260406,1
300012,20260406,1
300015,20260406,1
300018,20260406,1
300021,20260406,1
300024,20260406,1
300027,20260406,1
300030,20260406,1
300033,20260406,1
300036,20260406,1
300039,20260406,1
300042,20260406,1
300043,20260406,1
300046,20260406,1
300049,20260406,1
300050,20260406,1
300051,20260406,1
300052,20260406,1
300055,20260406,1
300058,20260406,1
300061,20260406,1
300064,20260406,1
300065,20260406,1
300066,20260406,1
300069,20260406,1
300070,20260406,1
300073,20260406,1
300076,20260406,1
300079,20260406,1
300082,20260406,1
300083,20260406,1
300084,20260406,1
300085,20260406,1
300088,20260406,1
300089,20260406,1
300092,20260406,1
300095,20260406,1
300098,20260406,1
300099,20260406,1
300102,20260406,1
300105,20260406,1
300108,20260406,1
300111,20260406,1
300114,20260406,1
300115,20260406,1
300116,20260406,1
300117,20260406,1
300120,20260406,1
300123,20260406,1
300124,20260406,1
300125,20260406,1
300126,20260406,1
300127,20260406,1
300130,20260406,1
300137,20260406,1
300141,20260406,1
300145,20260406,1
300149,20260406,1
300153,20260406,1
300157,20260406,1
300161,20260406,1
300165,20260406,1
300169,20260406,1
300173,20260406,1
300177,20260406,1
300181,20260406,1
300185,20260406,1
300189,20260406,1
300193,20260406,1
300197,20260406,1
300201,20260406,1
300203,20260406,1
300207,20260406,1
300211,20260406,1
300215,20260406,1
300219,20260406,1
300223,20260406,1
300225,20260406,1
300227,20260406,1
300229,20260406,1
300233,20260406,1
300237,20260406,1
300241,20260406,1
300245,20260406,1
300249,20260406,1
300253,20260406,1
300257,20260406,1
300261,20260406,1
299773,20260407,1
299776,20260407,1
299779,20260407,1
299782,20260407,1
299785,20260407,1
299787,20260407,1
299790,20260407,1
299793,20260407,1
299796,20260407,1
299799,20260407,1
299802,20260407,1
299805,20260407,1
299808,20260407,1
299811,20260407,1
299814,20260407,1
299817,20260407,1
299820,20260407,1
299823,20260407,1
299826,20260407,1
299829,20260407,1
299832,20260407,1
299835,20260407,1
299838,20260407,1
299841,20260407,1
299844,20260407,1
299847,20260407,1
299850,20260407,1
299853,20260407,1
299856,20260407,1
299859,20260407,1
299862,20260407,1
299863,20260407,1
299864,20260407,1
299867,20260407,1
299870,20260407,1
299873,20260407,1
299876,20260407,1
299879,20260407,1
299882,20260407,1
299885,20260407,1
299888,20260407,1
299889,20260407,1
299890,20260407,1
299891,20260407,1
299897,20260407,1
299900,20260407,1
299901,20260407,1
299902,20260407,1
299903,20260407,1
299905,20260407,1
299908,20260407,1
299911,20260407,1
299914,20260407,1
299917,20260407,1
299920,20260407,1
299923,20260407,1
299926,20260407,1
299929,20260407,1
299932,20260407,1
299934,20260407,1
299937,20260407,1
299938,20260407,1
299941,20260407,1
299946,20260407,1
299949,20260407,1
299953,20260407,1
299956,20260407,1
299959,20260407,1
299962,20260407,1
299965,20260407,1
299969,20260407,1
299972,20260407,1
299975,20260407,1
299978,20260407,1
299981,20260407,1
299984,20260407,1
299987,20260407,1
299990,20260407,1
299993,20260407,1
299996,20260407,1
299999,20260407,1
300002,20260407,1
300005,20260407,1
300008,20260407,1
300009,20260407,1
300012,20260407,1
300015,20260407,1
300018,20260407,1
300021,20260407,1
300024,20260407,1
300027,20260407,1
300030,20260407,1
300033,20260407,1
300036,20260407,1
300039,20260407,1
300042,20260407,1
300043,20260407,1
300046,20260407,1
300049,20260407,1
300050,20260407,1
300051,20260407,1
300052,20260407,1
300055,20260407,1
300058,20260407,1
300061,20260407,1
300064,20260407,1
300065,20260407,1
300066,20260407,1
300069,20260407,1
300070,20260407,1
300073,20260407,1
300076,20260407,1
300079,20260407,1
300082,20260407,1
300083,20260407,1
300084,20260407,1
300085,20260407,1
300088,20260407,1
300089,20260407,1
300092,20260407,1
300095,20260407,1
300098,20260407,1
300099,20260407,1
300102,20260407,1
300105,20260407,1
300108,20260407,1
300111,20260407,1
300114,20260407,1
300115,20260407,1
300116,20260407,1
300117,20260407,1
300120,20260407,1
300123,20260407,1
300124,20260407,1
300125,20260407,1
300126,20260407,1
300127,20260407,1
300130,20260407,1
300137,20260407,1
300141,20260407,1
300145,20260407,1
300149,20260407,1
300153,20260407,1
300157,20260407,1
300161,20260407,1
300165,20260407,1
300169,20260407,1
300173,20260407,1
300177,20260407,1
300181,20260407,1
300185,20260407,1
300189,20260407,1
300193,20260407,1
300197,20260407,1
300201,20260407,1
300203,20260407,1
300207,20260407,1
300211,20260407,1
300215,20260407,1
300219,20260407,1
300223,20260407,1
300225,20260407,1
300227,20260407,1
300229,20260407,1
300233,20260407,1
300237,20260407,1
300241,20260407,1
300245,20260407,1
300249,20260407,1
300253,20260407,1
300257,20260407,1
300261,20260407,1
299773,20260408,1
299776,20260408,1
299779,20260408,1
299782,20260408,1
299785,20260408,1
299787,20260408,1
299790,20260408,1
299793,20260408,1
299796,20260408,1
299799,20260408,1
299802,20260408,1
299805,20260408,1
299808,20260408,1
299811,20260408,1
299814,20260408,1
299817,20260408,1
299820,20260408,1
299823,20260408,1
299826,20260408,1
299829,20260408,1
299832,20260408,1
299835,20260408,1
299838,20260408,1
299841,20260408,1
299844,20260408,1
299847,20260408,1
299850,20260408,1
299853,20260408,1
299856,20260408,1
299859,20260408,1
299862,20260408,1
299863,20260408,1
299864,20260408,1
299867,20260408,1
299870,20260408,1
299873,20260408,1
299876,20260408,1
299879,20260408,1
299882,20260408,1
299885,20260408,1
299888,20260408,1
299889,20260408,1
299890,20260408,1
299891,20260408,1
299897,20260408,1
299900,20260408,1
299901,20260408,1
299902,20260408,1
299903,20260408,1
299905,20260408,1
299908,20260408,1
299911,20260408,1
299914,20260408,1
299917,20260408,1
299920,20260408,1
299923,20260408,1
299926,20260408,1
299929,20260408,1
299932,20260408,1
299934,20260408,1
299937,20260408,1
299938,20260408,1
299941,20260408,1
299946,20260408,1
299949,20260408,1
299953,20260408,1
299956,20260408,1
299959,20260408,1
299962,20260408,1
299965,20260408,1
299969,20260408,1
299972,20260408,1
299975,20260408,1
299978,20260408,1
299981,20260408,1
299984,20260408,1
299987,20260408,1
299990,20260408,1
299993,20260408,1
299996,20260408,1
299999,20260408,1
300002,20260408,1
300005,20260408,1
300008,20260408,1
300009,20260408,1
300012,20260408,1
300015,20260408,1
300018,20260408,1
300021,20260408,1
300024,20260408,1
300027,20260408,1
300030,20260408,1
300033,20260408,1
300036,20260408,1
300039,20260408,1
300042,20260408,1
300043,20260408,1
300046,20260408,1
300049,20260408,1
300050,20260408,1
300051,20260408,1
300052,20260408,1
300055,20260408,1
300058,20260408,1
300061,20260408,1
300064,20260408,1
300065,20260408,1
300066,20260408,1
300069,20260408,1
300070,20260408,1
300073,20260408,1
300076,20260408,1
300079,20260408,1
300082,20260408,1
300083,20260408,1
300084,20260408,1
300085,20260408,1
300088,20260408,1
300089,20260408,1
300092,20260408,1
300095,20260408,1
300098,20260408,1
300099,20260408,1
300102,20260408,1
300105,20260408,1
300108,20260408,1
300111,20260408,1
300114,20260408,1
300115,20260408,1
300116,20260408,1
300117,20260408,1
300120,20260408,1
300123,20260408,1
300124,20260408,1
300125,20260408,1
300126,20260408,1
300127,20260408,1
300130,20260408,1
300137,20260408,1
300141,20260408,1
300145,20260408,1
300149,20260408,1
300153,20260408,1
300157,20260408,1
300161,20260408,1
300165,20260408,1
300169,20260408,1
300173,20260408,1
300177,20260408,1
300181,20260408,1
300185,20260408,1
300189,20260408,1
300193,20260408,1
300197,20260408,1
300201,20260408,1
300203,20260408,1
300207,20260408,1
300211,20260408,1
300215,20260408,1
300219,20260408,1
300223,20260408,1
300225,20260408,1
300227,20260408,1
300229,20260408,1
300233,20260408,1
300237,20260408,1
300241,20260408,1
300245,20260408,1
300249,20260408,1
300253,20260408,1
300257,20260408,1
300261,20260408,1
299773,20260409,1
299776,20260409,1
299779,20260409,1
299782,20260409,1
299785,20260409,1
299787,20260409,1
299790,20260409,1
299793,20260409,1
299796,20260409,1
299799,20260409,1
299802,20260409,1
299805,20260409,1
299808,20260409,1
299811,20260409,1
299814,20260409,1
299817,20260409,1
299820,20260409,1
299823,20260409,1
299826,20260409,1
299829,20260409,1
299832,20260409,1
299835,20260409,1
299838,20260409,1
299841,20260409,1
299844,20260409,1
299847,20260409,1
299850,20260409,1
299853,20260409,1
299856,20260409,1
299859,20260409,1
299862,20260409,1
299863,20260409,1
299864,20260409,1
299867,20260409,1
299870,20260409,1
299873,20260409,1
299876,20260409,1
299879,20260409,1
299882,20260409,1
299885,20260409,1
299888,20260409,1
299889,20260409,1
299890,20260409,1
299891,20260409,1
299897,20260409,1
299900,20260409,1
299901,20260409,1
299902,20260409,1
299903,20260409,1
299905,20260409,1
299908,20260409,1
299911,20260409,1
299914,20260409,1
299917,20260409,1
299920,20260409,1
299923,20260409,1
299926,20260409,1
299929,20260409,1
299932,20260409,1
299934,20260409,1
299937,20260409,1
299938,20260409,1
299941,20260409,1
299946,20260409,1
299949,20260409,1
299953,20260409,1
299956,20260409,1
299959,20260409,1
299962,20260409,1
299965,20260409,1
299969,20260409,1
299972,20260409,1
299975,20260409,1
299978,20260409,1
299981,20260409,1
299984,20260409,1
299987,20260409,1
299990,20260409,1
299993,20260409,1
299996,20260409,1
299999,20260409,1
300002,20260409,1
300005,20260409,1
300008,20260409,1
300009,20260409,1
300012,20260409,1
300015,20260409,1
300018,20260409,1
300021,20260409,1
300024,20260409,1
300027,20260409,1
300030,20260409,1
300033,20260409,1
300036,20260409,1
300039,20260409,1
300042,20260409,1
300043,20260409,1
300046,20260409,1
300049,20260409,1
300050,20260409,1
300051,20260409,1
300052,20260409,1
300055,20260409,1
300058,20260409,1
300061,20260409,1
300064,20260409,1
300065,20260409,1
300066,20260409,1
300069,20260409,1
300070,20260409,1
300073,20260409,1
300076,20260409,1
300079,20260409,1
300082,20260409,1
300083,20260409,1
300084,20260409,1
300085,20260409,1
300088,20260409,1
300089,20260409,1
300092,20260409,1
300095,20260409,1
300098,20260409,1
300099,20260409,1
300102,20260409,1
300105,20260409,1
300108,20260409,1
300111,20260409,1
300114,20260409,1
300115,20260409,1
300116,20260409,1
300117,20260409,1
300120,20260409,1
300123,20260409,1
300124,20260409,1
300125,20260409,1
300126,20260409,1
300127,20260409,1
300130,20260409,1
300137,20260409,1
300141,20260409,1
300145,20260409,1
300149,20260409,1
300153,20260409,1
300157,20260409,1
300161,20260409,1
300165,20260409,1
300169,20260409,1
300173,20260409,1
300177,20260409,1
300181,20260409,1
300185,20260409,1
300189,20260409,1
300193,20260409,1
300197,20260409,1
300201,20260409,1
300203,20260409,1
300207,20260409,1
300211,20260409,1
300215,20260409,1
300219,20260409,1
300223,20260409,1
300225,20260409,1
300227,20260409,1
300229,20260409,1
300233,20260409,1
300237,20260409,1
300241,20260409,1
300245,20260409,1
300249,20260409,1
300253,20260409,1
300257,20260409,1
300261,20260409,1
299773,20260410,1
299776,20260410,1
299779,20260410,1
299782,20260410,1
299785,20260410,1
299787,20260410,1
299790,20260410,1
299793,20260410,1
299796,20260410,1
299799,20260410,1
299802,20260410,1
299805,20260410,1
299808,20260410,1
299811,20260410,1
299814,20260410,1
299817,20260410,1
299820,20260410,1
299823,20260410,1
299826,20260410,1
299829,20260410,1
299832,20260410,1
299835,20260410,1
299838,20260410,1
299841,20260410,1
299844,20260410,1
299847,20260410,1
299850,20260410,1
299853,20260410,1
299856,20260410,1
299859,20260410,1
299862,20260410,1
299863,20260410,1
299864,20260410,1
299867,20260410,1
299870,20260410,1
299873,20260410,1
299876,20260410,1
299879,20260410,1
299882,20260410,1
299885,20260410,1
299888,20260410,1
299889,20260410,1
299890,20260410,1
299891,20260410,1
299897,20260410,1
299900,20260410,1
299901,20260410,1
299902,20260410,1
299903,20260410,1
299905,20260410,1
299908,20260410,1
299911,20260410,1
299914,20260410,1
299917,20260410,1
299920,20260410,1
299923,20260410,1
299926,20260410,1
299929,20260410,1
299932,20260410,1
299934,20260410,1
299937,20260410,1
299938,20260410,1
299941,20260410,1
299946,20260410,1
299949,20260410,1
299953,20260410,1
299956,20260410,1
299959,20260410,1
299962,20260410,1
299965,20260410,1
299969,20260410,1
299972,20260410,1
299975,20260410,1
299978,20260410,1
299981,20260410,1
299984,20260410,1
299987,20260410,1
299990,20260410,1
299993,20260410,1
299996,20260410,1
299999,20260410,1
300002,20260410,1
300005,20260410,1
300008,20260410,1
300009,20260410,1
300012,20260410,1
300015,20260410,1
300018,20260410,1
300021,20260410,1
300024,20260410,1
300027,20260410,1
300030,20260410,1
300033,20260410,1
300036,20260410,1
300039,20260410,1
300042,20260410,1
300043,20260410,1
300046,20260410,1
300049,20260410,1
300050,20260410,1
300051,20260410,1
300052,20260410,1
300055,20260410,1
300058,20260410,1
300061,20260410,1
300064,20260410,1
300065,20260410,1
300066,20260410,1
300069,20260410,1
300070,20260410,1
300073,20260410,1
300076,20260410,1
300079,20260410,1
300082,20260410,1
300083,20260410,1
300084,20260410,1
300085,20260410,1
300088,20260410,1
300089,20260410,1
300092,20260410,1
300095,20260410,1
300098,20260410,1
300099,20260410,1
300102,20260410,1
300105,20260410,1
300108,20260410,1
300111,20260410,1
300114,20260410,1
300115,20260410,1
300116,20260410,1
300117,20260410,1
300120,20260410,1
300123,20260410,1
300124,20260410,1
300125,20260410,1
300126,20260410,1
300127,20260410,1
300130,20260410,1
300136,20260410,1
300140,20260410,1
300144,20260410,1
300148,20260410,1
300152,20260410,1
300156,20260410,1
300160,20260410,1
300164,20260410,1
300168,20260410,1
300172,20260410,1
300176,20260410,1
300180,20260410,1
300184,20260410,1
300188,20260410,1
300192,20260410,1
300196,20260410,1
300200,20260410,1
300202,20260410,1
300206,20260410,1
300210,20260410,1
300214,20260410,1
300218,20260410,1
300222,20260410,1
300224,20260410,1
300226,20260410,1
300228,20260410,1
300232,20260410,1
300236,20260410,1
300240,20260410,1
300244,20260410,1
300248,20260410,1
300252,20260410,1
300256,20260410,1
300260,20260410,1
299772,20260411,1
299775,20260411,1
299778,20260411,1
299781,20260411,1
299784,20260411,1
299786,20260411,1
299789,20260411,1
299792,20260411,1
299795,20260411,1
299798,20260411,1
299801,20260411,1
299804,20260411,1
299807,20260411,1
299810,20260411,1
299813,20260411,1
299816,20260411,1
299819,20260411,1
299822,20260411,1
299825,20260411,1
299828,20260411,1
299831,20260411,1
299834,20260411,1
299837,20260411,1
299840,20260411,1
299843,20260411,1
299846,20260411,1
299849,20260411,1
299852,20260411,1
299855,20260411,1
299858,20260411,1
299861,20260411,1
299866,20260411,1
299869,20260411,1
299872,20260411,1
299875,20260411,1
299878,20260411,1
299881,20260411,1
299884,20260411,1
299887,20260411,1
299896,20260411,1
299899,20260411,1
299904,20260411,1
299907,20260411,1
299910,20260411,1
299913,20260411,1
299916,20260411,1
299919,20260411,1
299922,20260411,1
299925,20260411,1
299928,20260411,1
299931,20260411,1
299933,20260411,1
299936,20260411,1
299940,20260411,1
299943,20260411,1
299945,20260411,1
299948,20260411,1
299952,20260411,1
299955,20260411,1
299958,20260411,1
299961,20260411,1
299964,20260411,1
299968,20260411,1
299971,20260411,1
299974,20260411,1
299977,20260411,1
299980,20260411,1
299983,20260411,1
299986,20260411,1
299989,20260411,1
299992,20260411,1
299995,20260411,1
299998,20260411,1
300001,20260411,1
300004,20260411,1
300007,20260411,1
300011,20260411,1
300014,20260411,1
300017,20260411,1
300020,20260411,1
300023,20260411,1
300026,20260411,1
300029,20260411,1
300032,20260411,1
300035,20260411,1
300038,20260411,1
300041,20260411,1
300045,20260411,1
300048,20260411,1
300054,20260411,1
300057,20260411,1
300060,20260411,1
300063,20260411,1
300068,20260411,1
300072,20260411,1
300075,20260411,1
300078,20260411,1
300081,20260411,1
300087,20260411,1
300091,20260411,1
300094,20260411,1
300097,20260411,1
300101,20260411,1
300104,20260411,1
300107,20260411,1
300110,20260411,1
300113,20260411,1
300119,20260411,1
300122,20260411,1
300129,20260411,1
300139,20260411,1
300143,20260411,1
300147,20260411,1
300151,20260411,1
300155,20260411,1
300159,20260411,1
300163,20260411,1
300167,20260411,1
300171,20260411,1
300175,20260411,1
300179,20260411,1
300183,20260411,1
300187,20260411,1
300191,20260411,1
300195,20260411,1
300199,20260411,1
300205,20260411,1
300209,20260411,1
300213,20260411,1
300217,20260411,1
300221,20260411,1
300231,20260411,1
300235,20260411,1
300239,20260411,1
300243,20260411,1
300247,20260411,1
300251,20260411,1
300255,20260411,1
300259,20260411,1
299771,20260412,1
299774,20260412,1
299777,20260412,1
299780,20260412,1
299783,20260412,1
299788,20260412,1
299791,20260412,1
299794,20260412,1
299797,20260412,1
299800,20260412,1
299803,20260412,1
299806,20260412,1
299809,20260412,1
299812,20260412,1
299815,20260412,1
299818,20260412,1
299821,20260412,1
299824,20260412,1
299827,20260412,1
299830,20260412,1
299833,20260412,1
299836,20260412,1
299839,20260412,1
299842,20260412,1
299845,20260412,1
299848,20260412,1
299851,20260412,1
299854,20260412,1
299857,20260412,1
299860,20260412,1
299865,20260412,1
299868,20260412,1
299871,20260412,1
299874,20260412,1
299877,20260412,1
299880,20260412,1
299883,20260412,1
299886,20260412,1
299895,20260412,1
299898,20260412,1
299906,20260412,1
299909,20260412,1
299912,20260412,1
299915,20260412,1
299918,20260412,1
299921,20260412,1
299924,20260412,1
299927,20260412,1
299930,20260412,1
299935,20260412,1
299939,20260412,1
299942,20260412,1
299944,20260412,1
299947,20260412,1
299951,20260412,1
299954,20260412,1
299957,20260412,1
299960,20260412,1
299963,20260412,1
299967,20260412,1
299970,20260412,1
299973,20260412,1
299976,20260412,1
299979,20260412,1
299982,20260412,1
299985,20260412,1
299988,20260412,1
299991,20260412,1
299994,20260412,1
299997,20260412,1
300000,20260412,1
300003,20260412,1
300006,20260412,1
300010,20260412,1
300013,20260412,1
300016,20260412,1
300019,20260412,1
300022,20260412,1
300025,20260412,1
300028,20260412,1
300031,20260412,1
300034,20260412,1
300037,20260412,1
300040,20260412,1
300044,20260412,1
300047,20260412,1
300053,20260412,1
300056,20260412,1
300059,20260412,1
300062,20260412,1
300067,20260412,1
300071,20260412,1
300074,20260412,1
300077,20260412,1
300080,20260412,1
300086,20260412,1
300090,20260412,1
300093,20260412,1
300096,20260412,1
300100,20260412,1
300103,20260412,1
300106,20260412,1
300109,20260412,1
300112,20260412,1
300118,20260412,1
300121,20260412,1
300128,20260412,1
300138,20260412,1
300142,20260412,1
300146,20260412,1
300150,20260412,1
300154,20260412,1
300158,20260412,1
300162,20260412,1
300166,20260412,1
300170,20260412,1
300174,20260412,1
300178,20260412,1
300182,20260412,1
300186,20260412,1
300190,20260412,1
300194,20260412,1
300198,20260412,1
300204,20260412,1
300208,20260412,1
300212,20260412,1
300216,20260412,1
300220,20260412,1
300230,20260412,1
300234,20260412,1
300238,20260412,1
300242,20260412,1
300246,20260412,1
300250,20260412,1
300254,20260412,1
300258,20260412,1
299773,20260413,1
299776,20260413,1
299779,20260413,1
299782,20260413,1
299785,20260413,1
299787,20260413,1
299790,20260413,1
299793,20260413,1
299796,20260413,1
299799,20260413,1
299802,20260413,1
299805,20260413,1
299808,20260413,1
299811,20260413,1
299814,20260413,1
299817,20260413,1
299820,20260413,1
299823,20260413,1
299826,20260413,1
299829,20260413,1
299832,20260413,1
299835,20260413,1
299838,20260413,1
299841,20260413,1
299844,20260413,1
299847,20260413,1
299850,20260413,1
299853,20260413,1
299856,20260413,1
299859,20260413,1
299862,20260413,1
299863,20260413,1
299864,20260413,1
299867,20260413,1
299870,20260413,1
299873,20260413,1
299876,20260413,1
299879,20260413,1
299882,20260413,1
299885,20260413,1
299888,20260413,1
299889,20260413,1
299890,20260413,1
299891,20260413,1
299897,20260413,1
299900,20260413,1
299901,20260413,1
299902,20260413,1
299903,20260413,1
299905,20260413,1
299908,20260413,1
299911,20260413,1
299914,20260413,1
299917,20260413,1
299920,20260413,1
299923,20260413,1
299926,20260413,1
299929,20260413,1
299932,20260413,1
299934,20260413,1
299937,20260413,1
299938,20260413,1
299941,20260413,1
299946,20260413,1
299949,20260413,1
299953,20260413,1
299956,20260413,1
299959,20260413,1
299962,20260413,1
299965,20260413,1
299969,20260413,1
299972,20260413,1
299975,20260413,1
299978,20260413,1
299981,20260413,1
299984,20260413,1
299987,20260413,1
299990,20260413,1
299993,20260413,1
299996,20260413,1
299999,20260413,1
300002,20260413,1
300005,20260413,1
300008,20260413,1
300009,20260413,1
300012,20260413,1
300015,20260413,1
300018,20260413,1
300021,20260413,1
300024,20260413,1
300027,20260413,1
300030,20260413,1
300033,20260413,1
300036,20260413,1
300039,20260413,1
300042,20260413,1
300043,20260413,1
300046,20260413,1
300049,20260413,1
300050,20260413,1
300051,20260413,1
300052,20260413,1
300055,20260413,1
300058,20260413,1
300061,20260413,1
300064,20260413,1
300065,20260413,1
300066,20260413,1
300069,20260413,1
300070,20260413,1
300073,20260413,1
300076,20260413,1
300079,20260413,1
300082,20260413,1
300083,20260413,1
300084,20260413,1
300085,20260413,1
300088,20260413,1
300089,20260413,1
300092,20260413,1
300095,20260413,1
300098,20260413,1
300099,20260413,1
300102,20260413,1
300105,20260413,1
300108,20260413,1
300111,20260413,1
300114,20260413,1
300115,20260413,1
300116,20260413,1
300117,20260413,1
300120,20260413,1
300123,20260413,1
300124,20260413,1
300125,20260413,1
300126,20260413,1
300127,20260413,1
300130,20260413,1
300137,20260413,1
300141,20260413,1
300145,20260413,1
300149,20260413,1
300153,20260413,1
300157,20260413,1
300161,20260413,1
300165,20260413,1
300169,20260413,1
300173,20260413,1
300177,20260413,1
300181,20260413,1
300185,20260413,1
300189,20260413,1
300193,20260413,1
300197,20260413,1
300201,20260413,1
300203,20260413,1
300207,20260413,1
300211,20260413,1
300215,20260413,1
300219,20260413,1
300223,20260413,1
300225,20260413,1
300227,20260413,1
300229,20260413,1
300233,20260413,1
300237,20260413,1
300241,20260413,1
300245,20260413,1
300249,20260413,1
300253,20260413,1
300257,20260413,1
300261,20260413,1
299773,20260414,1
299776,20260414,1
299779,20260414,1
299782,20260414,1
299785,20260414,1
299787,20260414,1
299790,20260414,1
299793,20260414,1
299796,20260414,1
299799,20260414,1
299802,20260414,1
299805,20260414,1
299808,20260414,1
299811,20260414,1
299814,20260414,1
299817,20260414,1
299820,20260414,1
299823,20260414,1
299826,20260414,1
299829,20260414,1
299832,20260414,1
299835,20260414,1
299838,20260414,1
299841,20260414,1
299844,20260414,1
299847,20260414,1
299850,20260414,1
299853,20260414,1
299856,20260414,1
299859,20260414,1
299862,20260414,1
299863,20260414,1
299864,20260414,1
299867,20260414,1
299870,20260414,1
299873,20260414,1
299876,20260414,1
299879,20260414,1
299882,20260414,1
299885,20260414,1
299888,20260414,1
299889,20260414,1
299890,20260414,1
299891,20260414,1
299897,20260414,1
299900,20260414,1
299901,20260414,1
299902,20260414,1
299903,20260414,1
299905,20260414,1
299908,20260414,1
299911,20260414,1
299914,20260414,1
299917,20260414,1
299920,20260414,1
299923,20260414,1
299926,20260414,1
299929,20260414,1
299932,20260414,1
299934,20260414,1
299937,20260414,1
299938,20260414,1
299941,20260414,1
299946,20260414,1
299949,20260414,1
299953,20260414,1
299956,20260414,1
299959,20260414,1
299962,20260414,1
299965,20260414,1
299969,20260414,1
299972,20260414,1
299975,20260414,1
299978,20260414,1
299981,20260414,1
299984,20260414,1
299987,20260414,1
299990,20260414,1
299993,20260414,1
299996,20260414,1
299999,20260414,1
300002,20260414,1
300005,20260414,1
300008,20260414,1
300009,20260414,1
300012,20260414,1
300015,20260414,1
300018,20260414,1
300021,20260414,1
300024,20260414,1
300027,20260414,1
300030,20260414,1
300033,20260414,1
300036,20260414,1
300039,20260414,1
300042,20260414,1
300043,20260414,1
300046,20260414,1
300049,20260414,1
300050,20260414,1
300051,20260414,1
300052,20260414,1
300055,20260414,1
300058,20260414,1
300061,20260414,1
300064,20260414,1
300065,20260414,1
300066,20260414,1
300069,20260414,1
300070,20260414,1
300073,20260414,1
300076,20260414,1
300079,20260414,1
300082,20260414,1
300083,20260414,1
300084,20260414,1
300085,20260414,1
300088,20260414,1
300089,20260414,1
300092,20260414,1
300095,20260414,1
300098,20260414,1
300099,20260414,1
300102,20260414,1
300105,20260414,1
300108,20260414,1
300111,20260414,1
300114,20260414,1
300115,20260414,1
300116,20260414,1
300117,20260414,1
300120,20260414,1
300123,20260414,1
300124,20260414,1
300125,20260414,1
300126,20260414,1
300127,20260414,1
300130,20260414,1
300137,20260414,1
300141,20260414,1
300145,20260414,1
300149,20260414,1
300153,20260414,1
300157,20260414,1
300161,20260414,1
300165,20260414,1
300169,20260414,1
300173,20260414,1
300177,20260414,1
300181,20260414,1
300185,20260414,1
300189,20260414,1
300193,20260414,1
300197,20260414,1
300201,20260414,1
300203,20260414,1
300207,20260414,1
300211,20260414,1
300215,20260414,1
300219,20260414,1
300223,20260414,1
300225,20260414,1
300227,20260414,1
300229,20260414,1
300233,20260414,1
300237,20260414,1
300241,20260414,1
300245,20260414,1
300249,20260414,1
300253,20260414,1
300257,20260414,1
300261,20260414,1
299773,20260415,1
299776,20260415,1
299779,20260415,1
299782,20260415,1
299785,20260415,1
299787,20260415,1
299790,20260415,1
299793,20260415,1
299796,20260415,1
299799,20260415,1
299802,20260415,1
299805,20260415,1
299808,20260415,1
299811,20260415,1
299814,20260415,1
299817,20260415,1
299820,20260415,1
299823,20260415,1
299826,20260415,1
299829,20260415,1
299832,20260415,1
299835,20260415,1
299838,20260415,1
299841,20260415,1
299844,20260415,1
299847,20260415,1
299850,20260415,1
299853,20260415,1
299856,20260415,1
299859,20260415,1
299862,20260415,1
299863,20260415,1
299864,20260415,1
299867,20260415,1
299870,20260415,1
299873,20260415,1
299876,20260415,1
299879,20260415,1
299882,20260415,1
299885,20260415,1
299888,20260415,1
299889,20260415,1
299890,20260415,1
299891,20260415,1
299897,20260415,1
299900,20260415,1
299901,20260415,1
299902,20260415,1
299903,20260415,1
299905,20260415,1
299908,20260415,1
299911,20260415,1
299914,20260415,1
299917,20260415,1
299920,20260415,1
299923,20260415,1
299926,20260415,1
299929,20260415,1
299932,20260415,1
299934,20260415,1
299937,20260415,1
299938,20260415,1
299941,20260415,1
299946,20260415,1
299949,20260415,1
299953,20260415,1
299956,20260415,1
299959,20260415,1
299962,20260415,1
299965,20260415,1
299969,20260415,1
299972,20260415,1
299975,20260415,1
299978,20260415,1
299981,20260415,1
299984,20260415,1
299987,20260415,1
299990,20260415,1
299993,20260415,1
299996,20260415,1
299999,20260415,1
300002,20260415,1
300005,20260415,1
300008,20260415,1
300009,20260415,1
300012,20260415,1
300015,20260415,1
300018,20260415,1
300021,20260415,1
300024,20260415,1
300027,20260415,1
300030,20260415,1
300033,20260415,1
300036,20260415,1
300039,20260415,1
300042,20260415,1
300043,20260415,1
300046,20260415,1
300049,20260415,1
300050,20260415,1
300051,20260415,1
300052,20260415,1
300055,20260415,1
300058,20260415,1
300061,20260415,1
300064,20260415,1
300065,20260415,1
300066,20260415,1
300069,20260415,1
300070,20260415,1
300073,20260415,1
300076,20260415,1
300079,20260415,1
300082,20260415,1
300083,20260415,1
300084,20260415,1
300085,20260415,1
300088,20260415,1
300089,20260415,1
300092,20260415,1
300095,20260415,1
300098,20260415,1
300099,20260415,1
300102,20260415,1
300105,20260415,1
300108,20260415,1
300111,20260415,1
300114,20260415,1
300115,20260415,1
300116,20260415,1
300117,20260415,1
300120,20260415,1
300123,20260415,1
300124,20260415,1
300125,20260415,1
300126,20260415,1
300127,20260415,1
300130,20260415,1
300137,20260415,1
300141,20260415,1
300145,20260415,1
300149,20260415,1
300153,20260415,1
300157,20260415,1
300161,20260415,1
300165,20260415,1
300169,20260415,1
300173,20260415,1
300177,20260415,1
300181,20260415,1
300185,20260415,1
300189,20260415,1
300193,20260415,1
300197,20260415,1
300201,20260415,1
300203,20260415,1
300207,20260415,1
300211,20260415,1
300215,20260415,1
300219,20260415,1
300223,20260415,1
300225,20260415,1
300227,20260415,1
300229,20260415,1
300233,20260415,1
300237,20260415,1
300241,20260415,1
300245,20260415,1
300249,20260415,1
300253,20260415,1
300257,20260415,1
300261,20260415,1
299773,20260416,1
299776,20260416,1
299779,20260416,1
299782,20260416,1
299785,20260416,1
299787,20260416,1
299790,20260416,1
299793,20260416,1
299796,20260416,1
299799,20260416,1
299802,20260416,1
299805,20260416,1
299808,20260416,1
299811,20260416,1
299814,20260416,1
299817,20260416,1
299820,20260416,1
299823,20260416,1
299826,20260416,1
299829,20260416,1
299832,20260416,1
299835,20260416,1
299838,20260416,1
299841,20260416,1
299844,20260416,1
299847,20260416,1
299850,20260416,1
299853,20260416,1
299856,20260416,1
299859,20260416,1
299862,20260416,1
299863,20260416,1
299864,20260416,1
299867,20260416,1
299870,20260416,1
299873,20260416,1
299876,20260416,1
299879,20260416,1
299882,20260416,1
299885,20260416,1
299888,20260416,1
299889,20260416,1
299890,20260416,1
299891,20260416,1
299897,20260416,1
299900,20260416,1
299901,20260416,1
299902,20260416,1
299903,20260416,1
299905,20260416,1
299908,20260416,1
299911,20260416,1
299914,20260416,1
299917,20260416,1
299920,20260416,1
299923,20260416,1
299926,20260416,1
299929,20260416,1
299932,20260416,1
299934,20260416,1
299937,20260416,1
299938,20260416,1
299941,20260416,1
299946,20260416,1
299949,20260416,1
299953,20260416,1
299956,20260416,1
299959,20260416,1
299962,20260416,1
299965,20260416,1
299969,20260416,1
299972,20260416,1
299975,20260416,1
299978,20260416,1
299981,20260416,1
299984,20260416,1
299987,20260416,1
299990,20260416,1
299993,20260416,1
299996,20260416,1
299999,20260416,1
300002,20260416,1
300005,20260416,1
300008,20260416,1
300009,20260416,1
300012,20260416,1
300015,20260416,1
300018,20260416,1
300021,20260416,1
300024,20260416,1
300027,20260416,1
300030,20260416,1
300033,20260416,1
300036,20260416,1
300039,20260416,1
300042,20260416,1
300043,20260416,1
300046,20260416,1
300049,20260416,1
300050,20260416,1
300051,20260416,1
300052,20260416,1
300055,20260416,1
300058,20260416,1
300061,20260416,1
300064,20260416,1
300065,20260416,1
300066,20260416,1
300069,20260416,1
300070,20260416,1
300073,20260416,1
300076,20260416,1
300079,20260416,1
300082,20260416,1
300083,20260416,1
300084,20260416,1
300085,20260416,1
300088,20260416,1
300089,20260416,1
300092,20260416,1
300095,20260416,1
300098,20260416,1
300099,20260416,1
300102,20260416,1
300105,20260416,1
300108,20260416,1
300111,20260416,1
300114,20260416,1
300115,20260416,1
300116,20260416,1
300117,20260416,1
300120,20260416,1
300123,20260416,1
300124,20260416,1
300125,20260416,1
300126,20260416,1
300127,20260416,1
300130,20260416,1
300137,20260416,1
300141,20260416,1
300145,20260416,1
300149,20260416,1
300153,20260416,1
300157,20260416,1
300161,20260416,1
300165,20260416,1
300169,20260416,1
300173,20260416,1
300177,20260416,1
300181,20260416,1
300185,20260416,1
300189,20260416,1
300193,20260416,1
300197,20260416,1
300201,20260416,1
300203,20260416,1
300207,20260416,1
300211,20260416,1
300215,20260416,1
300219,20260416,1
300223,20260416,1
300225,20260416,1
300227,20260416,1
300229,20260416,1
300233,20260416,1
300237,20260416,1
300241,20260416,1
300245,20260416,1
300249,20260416,1
300253,20260416,1
300257,20260416,1
300261,20260416,1
299773,20260417,1
299776,20260417,1
299779,20260417,1
299782,20260417,1
299785,20260417,1
299787,20260417,1
299790,20260417,1
299793,20260417,1
299796,20260417,1
299799,20260417,1
299802,20260417,1
299805,20260417,1
299808,20260417,1
299811,20260417,1
299814,20260417,1
299817,20260417,1
299820,20260417,1
299823,20260417,1
299826,20260417,1
299829,20260417,1
299832,20260417,1
299835,20260417,1
299838,20260417,1
299841,20260417,1
299844,20260417,1
299847,20260417,1
299850,20260417,1
299853,20260417,1
299856,20260417,1
299859,20260417,1
299862,20260417,1
299863,20260417,1
299864,20260417,1
299867,20260417,1
299870,20260417,1
299873,20260417,1
299876,20260417,1
299879,20260417,1
299882,20260417,1
299885,20260417,1
299888,20260417,1
299889,20260417,1
299890,20260417,1
299891,20260417,1
299897,20260417,1
299900,20260417,1
299901,20260417,1
299902,20260417,1
299903,20260417,1
299905,20260417,1
299908,20260417,1
299911,20260417,1
299914,20260417,1
299917,20260417,1
299920,20260417,1
299923,20260417,1
299926,20260417,1
299929,20260417,1
299932,20260417,1
299934,20260417,1
299937,20260417,1
299938,20260417,1
299941,20260417,1
299946,20260417,1
299949,20260417,1
299953,20260417,1
299956,20260417,1
299959,20260417,1
299962,20260417,1
299965,20260417,1
299969,20260417,1
299972,20260417,1
299975,20260417,1
299978,20260417,1
299981,20260417,1
299984,20260417,1
299987,20260417,1
299990,20260417,1
299993,20260417,1
299996,20260417,1
299999,20260417,1
300002,20260417,1
300005,20260417,1
300008,20260417,1
300009,20260417,1
300012,20260417,1
300015,20260417,1
300018,20260417,1
300021,20260417,1
300024,20260417,1
300027,20260417,1
300030,20260417,1
300033,20260417,1
300036,20260417,1
300039,20260417,1
300042,20260417,1
300043,20260417,1
300046,20260417,1
300049,20260417,1
300050,20260417,1
300051,20260417,1
300052,20260417,1
300055,20260417,1
300058,20260417,1
300061,20260417,1
300064,20260417,1
300065,20260417,1
300066,20260417,1
300069,20260417,1
300070,20260417,1
300073,20260417,1
300076,20260417,1
300079,20260417,1
300082,20260417,1
300083,20260417,1
300084,20260417,1
300085,20260417,1
300088,20260417,1
300089,20260417,1
300092,20260417,1
300095,20260417,1
300098,20260417,1
300099,20260417,1
300102,20260417,1
300105,20260417,1
300108,20260417,1
300111,20260417,1
300114,20260417,1
300115,20260417,1
300116,20260417,1
300117,20260417,1
300120,20260417,1
300123,20260417,1
300124,20260417,1
300125,20260417,1
300126,20260417,1
300127,20260417,1
300130,20260417,1
300136,20260417,1
300140,20260417,1
300144,20260417,1
300148,20260417,1
300152,20260417,1
300156,20260417,1
300160,20260417,1
300164,20260417,1
300168,20260417,1
300172,20260417,1
300176,20260417,1
300180,20260417,1
300184,20260417,1
300188,20260417,1
300192,20260417,1
300196,20260417,1
300200,20260417,1
300202,20260417,1
300206,20260417,1
300210,20260417,1
300214,20260417,1
300218,20260417,1
300222,20260417,1
300224,20260417,1
300226,20260417,1
300228,20260417,1
300232,20260417,1
300236,20260417,1
300240,20260417,1
300244,20260417,1
300248,20260417,1
300252,20260417,1
300256,20260417,1
300260,20260417,1
299772,20260418,1
299775,20260418,1
299778,20260418,1
299781,20260418,1
299784,20260418,1
299786,20260418,1
299789,20260418,1
299792,20260418,1
299795,20260418,1
299798,20260418,1
299801,20260418,1
299804,20260418,1
299807,20260418,1
299810,20260418,1
299813,20260418,1
299816,20260418,1
299819,20260418,1
299822,20260418,1
299825,20260418,1
299828,20260418,1
299831,20260418,1
299834,20260418,1
299837,20260418,1
299840,20260418,1
299843,20260418,1
299846,20260418,1
299849,20260418,1
299852,20260418,1
299855,20260418,1
299858,20260418,1
299861,20260418,1
299866,20260418,1
299869,20260418,1
299872,20260418,1
299875,20260418,1
299878,20260418,1
299881,20260418,1
299884,20260418,1
299887,20260418,1
299896,20260418,1
299899,20260418,1
299904,20260418,1
299907,20260418,1
299910,20260418,1
299913,20260418,1
299916,20260418,1
299919,20260418,1
299922,20260418,1
299925,20260418,1
299928,20260418,1
299931,20260418,1
299933,20260418,1
299936,20260418,1
299940,20260418,1
299943,20260418,1
299945,20260418,1
299948,20260418,1
299952,20260418,1
299955,20260418,1
299958,20260418,1
299961,20260418,1
299964,20260418,1
299968,20260418,1
299971,20260418,1
299974,20260418,1
299977,20260418,1
299980,20260418,1
299983,20260418,1
299986,20260418,1
299989,20260418,1
299992,20260418,1
299995,20260418,1
299998,20260418,1
300001,20260418,1
300004,20260418,1
300007,20260418,1
300011,20260418,1
300014,20260418,1
300017,20260418,1
300020,20260418,1
300023,20260418,1
300026,20260418,1
300029,20260418,1
300032,20260418,1
300035,20260418,1
300038,20260418,1
300041,20260418,1
300045,20260418,1
300048,20260418,1
300054,20260418,1
300057,20260418,1
300060,20260418,1
300063,20260418,1
300068,20260418,1
300072,20260418,1
300075,20260418,1
300078,20260418,1
300081,20260418,1
300087,20260418,1
300091,20260418,1
300094,20260418,1
300097,20260418,1
300101,20260418,1
300104,20260418,1
300107,20260418,1
300110,20260418,1
300113,20260418,1
300119,20260418,1
300122,20260418,1
300129,20260418,1
300139,20260418,1
300143,20260418,1
300147,20260418,1
300151,20260418,1
300155,20260418,1
300159,20260418,1
300163,20260418,1
300167,20260418,1
300171,20260418,1
300175,20260418,1
300179,20260418,1
300183,20260418,1
300187,20260418,1
300191,20260418,1
300195,20260418,1
300199,20260418,1
300205,20260418,1
300209,20260418,1
300213,20260418,1
300217,20260418,1
300221,20260418,1
300231,20260418,1
300235,20260418,1
300239,20260418,1
300243,20260418,1
300247,20260418,1
300251,20260418,1
300255,20260418,1
300259,20260418,1
299771,20260419,1
299774,20260419,1
299777,20260419,1
299780,20260419,1
299783,20260419,1
299788,20260419,1
299791,20260419,1
299794,20260419,1
299797,20260419,1
299800,20260419,1
299803,20260419,1
299806,20260419,1
299809,20260419,1
299812,20260419,1
299815,20260419,1
299818,20260419,1
299821,20260419,1
299824,20260419,1
299827,20260419,1
299830,20260419,1
299833,20260419,1
299836,20260419,1
299839,20260419,1
299842,20260419,1
299845,20260419,1
299848,20260419,1
299851,20260419,1
299854,20260419,1
299857,20260419,1
299860,20260419,1
299865,20260419,1
299868,20260419,1
299871,20260419,1
299874,20260419,1
299877,20260419,1
299880,20260419,1
299883,20260419,1
299886,20260419,1
299895,20260419,1
299898,20260419,1
299906,20260419,1
299909,20260419,1
299912,20260419,1
299915,20260419,1
299918,20260419,1
299921,20260419,1
299924,20260419,1
299927,20260419,1
299930,20260419,1
299935,20260419,1
299939,20260419,1
299942,20260419,1
299944,20260419,1
299947,20260419,1
299951,20260419,1
299954,20260419,1
299957,20260419,1
299960,20260419,1
299963,20260419,1
299967,20260419,1
299970,20260419,1
299973,20260419,1
299976,20260419,1
299979,20260419,1
299982,20260419,1
299985,20260419,1
299988,20260419,1
299991,20260419,1
299994,20260419,1
299997,20260419,1
300000,20260419,1
300003,20260419,1
300006,20260419,1
300010,20260419,1
300013,20260419,1
300016,20260419,1
300019,20260419,1
300022,20260419,1
300025,20260419,1
300028,20260419,1
300031,20260419,1
300034,20260419,1
300037,20260419,1
300040,20260419,1
300044,20260419,1
300047,20260419,1
300053,20260419,1
300056,20260419,1
300059,20260419,1
300062,20260419,1
300067,20260419,1
300071,20260419,1
300074,20260419,1
300077,20260419,1
300080,20260419,1
300086,20260419,1
300090,20260419,1
300093,20260419,1
300096,20260419,1
300100,20260419,1
300103,20260419,1
300106,20260419,1
300109,20260419,1
300112,20260419,1
300118,20260419,1
300121,20260419,1
300128,20260419,1
300138,20260419,1
300142,20260419,1
300146,20260419,1
300150,20260419,1
300154,20260419,1
300158,20260419,1
300162,20260419,1
300166,20260419,1
300170,20260419,1
300174,20260419,1
300178,20260419,1
300182,20260419,1
300186,20260419,1
300190,20260419,1
300194,20260419,1
300198,20260419,1
300204,20260419,1
300208,20260419,1
300212,20260419,1
300216,20260419,1
300220,20260419,1
300230,20260419,1
300234,20260419,1
300238,20260419,1
300242,20260419,1
300246,20260419,1
300250,20260419,1
300254,20260419,1
300258,20260419,1
299773,20260420,1
299776,20260420,1
299779,20260420,1
299782,20260420,1
299785,20260420,1
299787,20260420,1
299790,20260420,1
299793,20260420,1
299796,20260420,1
299799,20260420,1
299802,20260420,1
299805,20260420,1
299808,20260420,1
299811,20260420,1
299814,20260420,1
299817,20260420,1
299820,20260420,1
299823,20260420,1
299826,20260420,1
299829,20260420,1
299832,20260420,1
299835,20260420,1
299838,20260420,1
299841,20260420,1
299844,20260420,1
299847,20260420,1
299850,20260420,1
299853,20260420,1
299856,20260420,1
299859,20260420,1
299862,20260420,1
299863,20260420,1
299864,20260420,1
299867,20260420,1
299870,20260420,1
299873,20260420,1
299876,20260420,1
299879,20260420,1
299882,20260420,1
299885,20260420,1
299888,20260420,1
299889,20260420,1
299890,20260420,1
299891,20260420,1
299897,20260420,1
299900,20260420,1
299901,20260420,1
299902,20260420,1
299903,20260420,1
299905,20260420,1
299908,20260420,1
299911,20260420,1
299914,20260420,1
299917,20260420,1
299920,20260420,1
299923,20260420,1
299926,20260420,1
299929,20260420,1
299932,20260420,1
299934,20260420,1
299937,20260420,1
299938,20260420,1
299941,20260420,1
299946,20260420,1
299949,20260420,1
299953,20260420,1
299956,20260420,1
299959,20260420,1
299962,20260420,1
299965,20260420,1
299969,20260420,1
299972,20260420,1
299975,20260420,1
299978,20260420,1
299981,20260420,1
299984,20260420,1
299987,20260420,1
299990,20260420,1
299993,20260420,1
299996,20260420,1
299999,20260420,1
300002,20260420,1
300005,20260420,1
300008,20260420,1
300009,20260420,1
300012,20260420,1
300015,20260420,1
300018,20260420,1
300021,20260420,1
300024,20260420,1
300027,20260420,1
300030,20260420,1
300033,20260420,1
300036,20260420,1
300039,20260420,1
300042,20260420,1
300043,20260420,1
300046,20260420,1
300049,20260420,1
300050,20260420,1
300051,20260420,1
300052,20260420,1
300055,20260420,1
300058,20260420,1
300061,20260420,1
300064,20260420,1
300065,20260420,1
300066,20260420,1
300069,20260420,1
300070,20260420,1
300073,20260420,1
300076,20260420,1
300079,20260420,1
300082,20260420,1
300083,20260420,1
300084,20260420,1
300085,20260420,1
300088,20260420,1
300089,20260420,1
300092,20260420,1
300095,20260420,1
300098,20260420,1
300099,20260420,1
300102,20260420,1
300105,20260420,1
300108,20260420,1
300111,20260420,1
300114,20260420,1
300115,20260420,1
300116,20260420,1
300117,20260420,1
300120,20260420,1
300123,20260420,1
300124,20260420,1
300125,20260420,1
300126,20260420,1
300127,20260420,1
300130,20260420,1
300137,20260420,1
300141,20260420,1
300145,20260420,1
300149,20260420,1
300153,20260420,1
300157,20260420,1
300161,20260420,1
300165,20260420,1
300169,20260420,1
300173,20260420,1
300177,20260420,1
300181,20260420,1
300185,20260420,1
300189,20260420,1
300193,20260420,1
300197,20260420,1
300201,20260420,1
300203,20260420,1
300207,20260420,1
300211,20260420,1
300215,20260420,1
300219,20260420,1
300223,20260420,1
300225,20260420,1
300227,20260420,1
300229,20260420,1
300233,20260420,1
300237,20260420,1
300241,20260420,1
300245,20260420,1
300249,20260420,1
300253,20260420,1
300257,20260420,1
300261,20260420,1
299773,20260421,1
299776,20260421,1
299779,20260421,1
299782,20260421,1
299785,20260421,1
299787,20260421,1
299790,20260421,1
299793,20260421,1
299796,20260421,1
299799,20260421,1
299802,20260421,1
299805,20260421,1
299808,20260421,1
299811,20260421,1
299814,20260421,1
299817,20260421,1
299820,20260421,1
299823,20260421,1
299826,20260421,1
299829,20260421,1
299832,20260421,1
299835,20260421,1
299838,20260421,1
299841,20260421,1
299844,20260421,1
299847,20260421,1
299850,20260421,1
299853,20260421,1
299856,20260421,1
299859,20260421,1
299862,20260421,1
299863,20260421,1
299864,20260421,1
299867,20260421,1
299870,20260421,1
299873,20260421,1
299876,20260421,1
299879,20260421,1
299882,20260421,1
299885,20260421,1
299888,20260421,1
299889,20260421,1
299890,20260421,1
299891,20260421,1
299897,20260421,1
299900,20260421,1
299901,20260421,1
299902,20260421,1
299903,20260421,1
299905,20260421,1
299908,20260421,1
299911,20260421,1
299914,20260421,1
299917,20260421,1
299920,20260421,1
299923,20260421,1
299926,20260421,1
299929,20260421,1
299932,20260421,1
299934,20260421,1
299937,20260421,1
299938,20260421,1
299941,20260421,1
299946,20260421,1
299949,20260421,1
299953,20260421,1
299956,20260421,1
299959,20260421,1
299962,20260421,1
299965,20260421,1
299969,20260421,1
299972,20260421,1
299975,20260421,1
299978,20260421,1
299981,20260421,1
299984,20260421,1
299987,20260421,1
299990,20260421,1
299993,20260421,1
299996,20260421,1
299999,20260421,1
300002,20260421,1
300005,20260421,1
300008,20260421,1
300009,20260421,1
300012,20260421,1
300015,20260421,1
300018,20260421,1
300021,20260421,1
300024,20260421,1
300027,20260421,1
300030,20260421,1
300033,20260421,1
300036,20260421,1
300039,20260421,1
300042,20260421,1
300043,20260421,1
300046,20260421,1
300049,20260421,1
300050,20260421,1
300051,20260421,1
300052,20260421,1
300055,20260421,1
300058,20260421,1
300061,20260421,1
300064,20260421,1
300065,20260421,1
300066,20260421,1
300069,20260421,1
300070,20260421,1
300073,20260421,1
300076,20260421,1
300079,20260421,1
300082,20260421,1
300083,20260421,1
300084,20260421,1
300085,20260421,1
300088,20260421,1
300089,20260421,1
300092,20260421,1
300095,20260421,1
300098,20260421,1
300099,20260421,1
300102,20260421,1
300105,20260421,1
300108,20260421,1
300111,20260421,1
300114,20260421,1
300115,20260421,1
300116,20260421,1
300117,20260421,1
300120,20260421,1
300123,20260421,1
300124,20260421,1
300125,20260421,1
300126,20260421,1
300127,20260421,1
300130,20260421,1
300137,20260421,1
300141,20260421,1
300145,20260421,1
300149,20260421,1
300153,20260421,1
300157,20260421,1
300161,20260421,1
300165,20260421,1
300169,20260421,1
300173,20260421,1
300177,20260421,1
300181,20260421,1
300185,20260421,1
300189,20260421,1
300193,20260421,1
300197,20260421,1
300201,20260421,1
300203,20260421,1
300207,20260421,1
300211,20260421,1
300215,20260421,1
300219,20260421,1
300223,20260421,1
300225,20260421,1
300227,20260421,1
300229,20260421,1
300233,20260421,1
300237,20260421,1
300241,20260421,1
300245,20260421,1
300249,20260421,1
300253,20260421,1
300257,20260421,1
300261,20260421,1
299773,20260422,1
299776,20260422,1
299779,20260422,1
299782,20260422,1
299785,20260422,1
299787,20260422,1
299790,20260422,1
299793,20260422,1
299796,20260422,1
299799,20260422,1
299802,20260422,1
299805,20260422,1
299808,20260422,1
299811,20260422,1
299814,20260422,1
299817,20260422,1
299820,20260422,1
299823,20260422,1
299826,20260422,1
299829,20260422,1
299832,20260422,1
299835,20260422,1
299838,20260422,1
299841,20260422,1
299844,20260422,1
299847,20260422,1
299850,20260422,1
299853,20260422,1
299856,20260422,1
299859,20260422,1
299862,20260422,1
299863,20260422,1
299864,20260422,1
299867,20260422,1
299870,20260422,1
299873,20260422,1
299876,20260422,1
299879,20260422,1
299882,20260422,1
299885,20260422,1
299888,20260422,1
299889,20260422,1
299890,20260422,1
299891,20260422,1
299897,20260422,1
299900,20260422,1
299901,20260422,1
299902,20260422,1
299903,20260422,1
299905,20260422,1
299908,20260422,1
299911,20260422,1
299914,20260422,1
299917,20260422,1
299920,20260422,1
299923,20260422,1
299926,20260422,1
299929,20260422,1
299932,20260422,1
299934,20260422,1
299937,20260422,1
299938,20260422,1
299941,20260422,1
299946,20260422,1
299949,20260422,1
299953,20260422,1
299956,20260422,1
299959,20260422,1
299962,20260422,1
299965,20260422,1
299969,20260422,1
299972,20260422,1
299975,20260422,1
299978,20260422,1
299981,20260422,1
299984,20260422,1
299987,20260422,1
299990,20260422,1
299993,20260422,1
299996,20260422,1
299999,20260422,1
300002,20260422,1
300005,20260422,1
300008,20260422,1
300009,20260422,1
300012,20260422,1
300015,20260422,1
300018,20260422,1
300021,20260422,1
300024,20260422,1
300027,20260422,1
300030,20260422,1
300033,20260422,1
300036,20260422,1
300039,20260422,1
300042,20260422,1
300043,20260422,1
300046,20260422,1
300049,20260422,1
300050,20260422,1
300051,20260422,1
300052,20260422,1
300055,20260422,1
300058,20260422,1
300061,20260422,1
300064,20260422,1
300065,20260422,1
300066,20260422,1
300069,20260422,1
300070,20260422,1
300073,20260422,1
300076,20260422,1
300079,20260422,1
300082,20260422,1
300083,20260422,1
300084,20260422,1
300085,20260422,1
300088,20260422,1
300089,20260422,1
300092,20260422,1
300095,20260422,1
300098,20260422,1
300099,20260422,1
300102,20260422,1
300105,20260422,1
300108,20260422,1
300111,20260422,1
300114,20260422,1
300115,20260422,1
300116,20260422,1
300117,20260422,1
300120,20260422,1
300123,20260422,1
300124,20260422,1
300125,20260422,1
300126,20260422,1
300127,20260422,1
300130,20260422,1
300137,20260422,1
300141,20260422,1
300145,20260422,1
300149,20260422,1
300153,20260422,1
300157,20260422,1
300161,20260422,1
300165,20260422,1
300169,20260422,1
300173,20260422,1
300177,20260422,1
300181,20260422,1
300185,20260422,1
300189,20260422,1
300193,20260422,1
300197,20260422,1
300201,20260422,1
300203,20260422,1
300207,20260422,1
300211,20260422,1
300215,20260422,1
300219,20260422,1
300223,20260422,1
300225,20260422,1
300227,20260422,1
300229,20260422,1
300233,20260422,1
300237,20260422,1
300241,20260422,1
300245,20260422,1
300249,20260422,1
300253,20260422,1
300257,20260422,1
300261,20260422,1
299773,20260423,1
299776,20260423,1
299779,20260423,1
299782,20260423,1
299785,20260423,1
299787,20260423,1
299790,20260423,1
299793,20260423,1
299796,20260423,1
299799,20260423,1
299802,20260423,1
299805,20260423,1
299808,20260423,1
299811,20260423,1
299814,20260423,1
299817,20260423,1
299820,20260423,1
299823,20260423,1
299826,20260423,1
299829,20260423,1
299832,20260423,1
299835,20260423,1
299838,20260423,1
299841,20260423,1
299844,20260423,1
299847,20260423,1
299850,20260423,1
299853,20260423,1
299856,20260423,1
299859,20260423,1
299862,20260423,1
299863,20260423,1
299864,20260423,1
299867,20260423,1
299870,20260423,1
299873,20260423,1
299876,20260423,1
299879,20260423,1
299882,20260423,1
299885,20260423,1
299888,20260423,1
299889,20260423,1
299890,20260423,1
299891,20260423,1
299897,20260423,1
299900,20260423,1
299901,20260423,1
299902,20260423,1
299903,20260423,1
299905,20260423,1
299908,20260423,1
299911,20260423,1
299914,20260423,1
299917,20260423,1
299920,20260423,1
299923,20260423,1
299926,20260423,1
299929,20260423,1
299932,20260423,1
299934,20260423,1
299937,20260423,1
299938,20260423,1
299941,20260423,1
299946,20260423,1
299949,20260423,1
299953,20260423,1
299956,20260423,1
299959,20260423,1
299962,20260423,1
299965,20260423,1
299969,20260423,1
299972,20260423,1
299975,20260423,1
299978,20260423,1
299981,20260423,1
299984,20260423,1
299987,20260423,1
299990,20260423,1
299993,20260423,1
299996,20260423,1
299999,20260423,1
300002,20260423,1
300005,20260423,1
300008,20260423,1
300009,20260423,1
300012,20260423,1
300015,20260423,1
300018,20260423,1
300021,20260423,1
300024,20260423,1
300027,20260423,1
300030,20260423,1
300033,20260423,1
300036,20260423,1
300039,20260423,1
300042,20260423,1
300043,20260423,1
300046,20260423,1
300049,20260423,1
300050,20260423,1
300051,20260423,1
300052,20260423,1
300055,20260423,1
300058,20260423,1
300061,20260423,1
300064,20260423,1
300065,20260423,1
300066,20260423,1
300069,20260423,1
300070,20260423,1
300073,20260423,1
300076,20260423,1
300079,20260423,1
300082,20260423,1
300083,20260423,1
300084,20260423,1
300085,20260423,1
300088,20260423,1
300089,20260423,1
300092,20260423,1
300095,20260423,1
300098,20260423,1
300099,20260423,1
300102,20260423,1
300105,20260423,1
300108,20260423,1
300111,20260423,1
300114,20260423,1
300115,20260423,1
300116,20260423,1
300117,20260423,1
300120,20260423,1
300123,20260423,1
300124,20260423,1
300125,20260423,1
300126,20260423,1
300127,20260423,1
300130,20260423,1
300137,20260423,1
300141,20260423,1
300145,20260423,1
300149,20260423,1
300153,20260423,1
300157,20260423,1
300161,20260423,1
300165,20260423,1
300169,20260423,1
300173,20260423,1
300177,20260423,1
300181,20260423,1
300185,20260423,1
300189,20260423,1
300193,20260423,1
300197,20260423,1
300201,20260423,1
300203,20260423,1
300207,20260423,1
300211,20260423,1
300215,20260423,1
300219,20260423,1
300223,20260423,1
300225,20260423,1
300227,20260423,1
300229,20260423,1
300233,20260423,1
300237,20260423,1
300241,20260423,1
300245,20260423,1
300249,20260423,1
300253,20260423,1
300257,20260423,1
300261,20260423,1
299773,20260424,1
299776,20260424,1
299779,20260424,1
299782,20260424,1
299785,20260424,1
299787,20260424,1
299790,20260424,1
299793,20260424,1
299796,20260424,1
299799,20260424,1
299802,20260424,1
299805,20260424,1
299808,20260424,1
299811,20260424,1
299814,20260424,1
299817,20260424,1
299820,20260424,1
299823,20260424,1
299826,20260424,1
299829,20260424,1
299832,20260424,1
299835,20260424,1
299838,20260424,1
299841,20260424,1
299844,20260424,1
299847,20260424,1
299850,20260424,1
299853,20260424,1
299856,20260424,1
299859,20260424,1
299862,20260424,1
299863,20260424,1
299864,20260424,1
299867,20260424,1
299870,20260424,1
299873,20260424,1
299876,20260424,1
299879,20260424,1
299882,20260424,1
299885,20260424,1
299888,20260424,1
299889,20260424,1
299890,20260424,1
299891,20260424,1
299897,20260424,1
299900,20260424,1
299901,20260424,1
299902,20260424,1
299903,20260424,1
299905,20260424,1
299908,20260424,1
299911,20260424,1
299914,20260424,1
299917,20260424,1
299920,20260424,1
299923,20260424,1
299926,20260424,1
299929,20260424,1
299932,20260424,1
299934,20260424,1
299937,20260424,1
299938,20260424,1
299941,20260424,1
299946,20260424,1
299949,20260424,1
299953,20260424,1
299956,20260424,1
299959,20260424,1
299962,20260424,1
299965,20260424,1
299969,20260424,1
299972,20260424,1
299975,20260424,1
299978,20260424,1
299981,20260424,1
299984,20260424,1
299987,20260424,1
299990,20260424,1
299993,20260424,1
299996,20260424,1
299999,20260424,1
300002,20260424,1
300005,20260424,1
300008,20260424,1
300009,20260424,1
300012,20260424,1
300015,20260424,1
300018,20260424,1
300021,20260424,1
300024,20260424,1
300027,20260424,1
300030,20260424,1
300033,20260424,1
300036,20260424,1
300039,20260424,1
300042,20260424,1
300043,20260424,1
300046,20260424,1
300049,20260424,1
300050,20260424,1
300051,20260424,1
300052,20260424,1
300055,20260424,1
300058,20260424,1
300061,20260424,1
300064,20260424,1
300065,20260424,1
300066,20260424,1
300069,20260424,1
300070,20260424,1
300073,20260424,1
300076,20260424,1
300079,20260424,1
300082,20260424,1
300083,20260424,1
300084,20260424,1
300085,20260424,1
300088,20260424,1
300089,20260424,1
300092,20260424,1
300095,20260424,1
300098,20260424,1
300099,20260424,1
300102,20260424,1
300105,20260424,1
300108,20260424,1
300111,20260424,1
300114,20260424,1
300115,20260424,1
300116,20260424,1
300117,20260424,1
300120,20260424,1
300123,20260424,1
300124,20260424,1
300125,20260424,1
300126,20260424,1
300127,20260424,1
300130,20260424,1
300136,20260424,1
300140,20260424,1
300144,20260424,1
300148,20260424,1
300152,20260424,1
300156,20260424,1
300160,20260424,1
300164,20260424,1
300168,20260424,1
300172,20260424,1
300176,20260424,1
300180,20260424,1
300184,20260424,1
300188,20260424,1
300192,20260424,1
300196,20260424,1
300200,20260424,1
300202,20260424,1
300206,20260424,1
300210,20260424,1
300214,20260424,1
300218,20260424,1
300222,20260424,1
300224,20260424,1
300226,20260424,1
300228,20260424,1
300232,20260424,1
300236,20260424,1
300240,20260424,1
300244,20260424,1
300248,20260424,1
300252,20260424,1
300256,20260424,1
300260,20260424,1
299772,20260425,1
299775,20260425,1
299778,20260425,1
299781,20260425,1
299784,20260425,1
299786,20260425,1
299789,20260425,1
299792,20260425,1
299795,20260425,1
299798,20260425,1
299801,20260425,1
299804,20260425,1
299807,20260425,1
299810,20260425,1
299813,20260425,1
299816,20260425,1
299819,20260425,1
299822,20260425,1
299825,20260425,1
299828,20260425,1
299831,20260425,1
299834,20260425,1
299837,20260425,1
299840,20260425,1
299843,20260425,1
299846,20260425,1
299849,20260425,1
299852,20260425,1
299855,20260425,1
299858,20260425,1
299861,20260425,1
299866,20260425,1
299869,20260425,1
299872,20260425,1
299875,20260425,1
299878,20260425,1
299881,20260425,1
299884,20260425,1
299887,20260425,1
299896,20260425,1
299899,20260425,1
299904,20260425,1
299907,20260425,1
299910,20260425,1
299913,20260425,1
299916,20260425,1
299919,20260425,1
299922,20260425,1
299925,20260425,1
299928,20260425,1
299931,20260425,1
299933,20260425,1
299936,20260425,1
299940,20260425,1
299943,20260425,1
299945,20260425,1
299948,20260425,1
299952,20260425,1
299955,20260425,1
299958,20260425,1
299961,20260425,1
299964,20260425,1
299968,20260425,1
299971,20260425,1
299974,20260425,1
299977,20260425,1
299980,20260425,1
299983,20260425,1
299986,20260425,1
299989,20260425,1
299992,20260425,1
299995,20260425,1
299998,20260425,1
300001,20260425,1
300004,20260425,1
300007,20260425,1
300011,20260425,1
300014,20260425,1
300017,20260425,1
300020,20260425,1
300023,20260425,1
300026,20260425,1
300029,20260425,1
300032,20260425,1
300035,20260425,1
300038,20260425,1
300041,20260425,1
300045,20260425,1
300048,20260425,1
300054,20260425,1
300057,20260425,1
300060,20260425,1
300063,20260425,1
300068,20260425,1
300072,20260425,1
300075,20260425,1
300078,20260425,1
300081,20260425,1
300087,20260425,1
300091,20260425,1
300094,20260425,1
300097,20260425,1
300101,20260425,1
300104,20260425,1
300107,20260425,1
300110,20260425,1
300113,20260425,1
300119,20260425,1
300122,20260425,1
300129,20260425,1
300139,20260425,1
300143,20260425,1
300147,20260425,1
300151,20260425,1
300155,20260425,1
300159,20260425,1
300163,20260425,1
300167,20260425,1
300171,20260425,1
300175,20260425,1
300179,20260425,1
300183,20260425,1
300187,20260425,1
300191,20260425,1
300195,20260425,1
300199,20260425,1
300205,20260425,1
300209,20260425,1
300213,20260425,1
300217,20260425,1
300221,20260425,1
300231,20260425,1
300235,20260425,1
300239,20260425,1
300243,20260425,1
300247,20260425,1
300251,20260425,1
300255,20260425,1
300259,20260425,1
299771,20260426,1
299774,20260426,1
299777,20260426,1
299780,20260426,1
299783,20260426,1
299788,20260426,1
299791,20260426,1
299794,20260426,1
299797,20260426,1
299800,20260426,1
299803,20260426,1
299806,20260426,1
299809,20260426,1
299812,20260426,1
299815,20260426,1
299818,20260426,1
299821,20260426,1
299824,20260426,1
299827,20260426,1
299830,20260426,1
299833,20260426,1
299836,20260426,1
299839,20260426,1
299842,20260426,1
299845,20260426,1
299848,20260426,1
299851,20260426,1
299854,20260426,1
299857,20260426,1
299860,20260426,1
299865,20260426,1
299868,20260426,1
299871,20260426,1
299874,20260426,1
299877,20260426,1
299880,20260426,1
299883,20260426,1
299886,20260426,1
299895,20260426,1
299898,20260426,1
299906,20260426,1
299909,20260426,1
299912,20260426,1
299915,20260426,1
299918,20260426,1
299921,20260426,1
299924,20260426,1
299927,20260426,1
299930,20260426,1
299935,20260426,1
299939,20260426,1
299942,20260426,1
299944,20260426,1
299947,20260426,1
299951,20260426,1
299954,20260426,1
299957,20260426,1
299960,20260426,1
299963,20260426,1
299967,20260426,1
299970,20260426,1
299973,20260426,1
299976,20260426,1
299979,20260426,1
299982,20260426,1
299985,20260426,1
299988,20260426,1
299991,20260426,1
299994,20260426,1
299997,20260426,1
300000,20260426,1
300003,20260426,1
300006,20260426,1
300010,20260426,1
300013,20260426,1
300016,20260426,1
300019,20260426,1
300022,20260426,1
300025,20260426,1
300028,20260426,1
300031,20260426,1
300034,20260426,1
300037,20260426,1
300040,20260426,1
300044,20260426,1
300047,20260426,1
300053,20260426,1
300056,20260426,1
300059,20260426,1
300062,20260426,1
300067,20260426,1
300071,20260426,1
300074,20260426,1
300077,20260426,1
300080,20260426,1
300086,20260426,1
300090,20260426,1
300093,20260426,1
300096,20260426,1
300100,20260426,1
300103,20260426,1
300106,20260426,1
300109,20260426,1
300112,20260426,1
300118,20260426,1
300121,20260426,1
300128,20260426,1
300138,20260426,1
300142,20260426,1
300146,20260426,1
300150,20260426,1
300154,20260426,1
300158,20260426,1
300162,20260426,1
300166,20260426,1
300170,20260426,1
300174,20260426,1
300178,20260426,1
300182,20260426,1
300186,20260426,1
300190,20260426,1
300194,20260426,1
300198,20260426,1
300204,20260426,1
300208,20260426,1
300212,20260426,1
300216,20260426,1
300220,20260426,1
300230,20260426,1
300234,20260426,1
300238,20260426,1
300242,20260426,1
300246,20260426,1
300250,20260426,1
300254,20260426,1
300258,20260426,1
299773,20260427,1
299776,20260427,1
299779,20260427,1
299782,20260427,1
299785,20260427,1
299787,20260427,1
299790,20260427,1
299793,20260427,1
299796,20260427,1
299799,20260427,1
299802,20260427,1
299805,20260427,1
299808,20260427,1
299811,20260427,1
299814,20260427,1
299817,20260427,1
299820,20260427,1
299823,20260427,1
299826,20260427,1
299829,20260427,1
299832,20260427,1
299835,20260427,1
299838,20260427,1
299841,20260427,1
299844,20260427,1
299847,20260427,1
299850,20260427,1
299853,20260427,1
299856,20260427,1
299859,20260427,1
299862,20260427,1
299863,20260427,1
299864,20260427,1
299867,20260427,1
299870,20260427,1
299873,20260427,1
299876,20260427,1
299879,20260427,1
299882,20260427,1
299885,20260427,1
299888,20260427,1
299889,20260427,1
299890,20260427,1
299891,20260427,1
299897,20260427,1
299900,20260427,1
299901,20260427,1
299902,20260427,1
299903,20260427,1
299905,20260427,1
299908,20260427,1
299911,20260427,1
299914,20260427,1
299917,20260427,1
299920,20260427,1
299923,20260427,1
299926,20260427,1
299929,20260427,1
299932,20260427,1
299934,20260427,1
299937,20260427,1
299938,20260427,1
299941,20260427,1
299946,20260427,1
299949,20260427,1
299953,20260427,1
299956,20260427,1
299959,20260427,1
299962,20260427,1
299965,20260427,1
299969,20260427,1
299972,20260427,1
299975,20260427,1
299978,20260427,1
299981,20260427,1
299984,20260427,1
299987,20260427,1
299990,20260427,1
299993,20260427,1
299996,20260427,1
299999,20260427,1
300002,20260427,1
300005,20260427,1
300008,20260427,1
300009,20260427,1
300012,20260427,1
300015,20260427,1
300018,20260427,1
300021,20260427,1
300024,20260427,1
300027,20260427,1
300030,20260427,1
300033,20260427,1
300036,20260427,1
300039,20260427,1
300042,20260427,1
300043,20260427,1
300046,20260427,1
300049,20260427,1
300050,20260427,1
300051,20260427,1
300052,20260427,1
300055,20260427,1
300058,20260427,1
300061,20260427,1
300064,20260427,1
300065,20260427,1
300066,20260427,1
300069,20260427,1
300070,20260427,1
300073,20260427,1
300076,20260427,1
300079,20260427,1
300082,20260427,1
300083,20260427,1
300084,20260427,1
300085,20260427,1
300088,20260427,1
300089,20260427,1
300092,20260427,1
300095,20260427,1
300098,20260427,1
300099,20260427,1
300102,20260427,1
300105,20260427,1
300108,20260427,1
300111,20260427,1
300114,20260427,1
300115,20260427,1
300116,20260427,1
300117,20260427,1
300120,20260427,1
300123,20260427,1
300124,20260427,1
300125,20260427,1
300126,20260427,1
300127,20260427,1
300130,20260427,1
300137,20260427,1
300141,20260427,1
300145,20260427,1
300149,20260427,1
300153,20260427,1
300157,20260427,1
300161,20260427,1
300165,20260427,1
300169,20260427,1
300173,20260427,1
300177,20260427,1
300181,20260427,1
300185,20260427,1
300189,20260427,1
300193,20260427,1
300197,20260427,1
300201,20260427,1
300203,20260427,1
300207,20260427,1
300211,20260427,1
300215,20260427,1
300219,20260427,1
300223,20260427,1
300225,20260427,1
300227,20260427,1
300229,20260427,1
300233,20260427,1
300237,20260427,1
300241,20260427,1
300245,20260427,1
300249,20260427,1
300253,20260427,1
300257,20260427,1
300261,20260427,1
299773,20260428,1
299776,20260428,1
299779,20260428,1
299782,20260428,1
299785,20260428,1
299787,20260428,1
299790,20260428,1
299793,20260428,1
299796,20260428,1
299799,20260428,1
299802,20260428,1
299805,20260428,1
299808,20260428,1
299811,20260428,1
299814,20260428,1
299817,20260428,1
299820,20260428,1
299823,20260428,1
299826,20260428,1
299829,20260428,1
299832,20260428,1
299835,20260428,1
299838,20260428,1
299841,20260428,1
299844,20260428,1
299847,20260428,1
299850,20260428,1
299853,20260428,1
299856,20260428,1
299859,20260428,1
299862,20260428,1
299863,20260428,1
299864,20260428,1
299867,20260428,1
299870,20260428,1
299873,20260428,1
299876,20260428,1
299879,20260428,1
299882,20260428,1
299885,20260428,1
299888,20260428,1
299889,20260428,1
299890,20260428,1
299891,20260428,1
299897,20260428,1
299900,20260428,1
299901,20260428,1
299902,20260428,1
299903,20260428,1
299905,20260428,1
299908,20260428,1
299911,20260428,1
299914,20260428,1
299917,20260428,1
299920,20260428,1
299923,20260428,1
299926,20260428,1
299929,20260428,1
299932,20260428,1
299934,20260428,1
299937,20260428,1
299938,20260428,1
299941,20260428,1
299946,20260428,1
299949,20260428,1
299953,20260428,1
299956,20260428,1
299959,20260428,1
299962,20260428,1
299965,20260428,1
299969,20260428,1
299972,20260428,1
299975,20260428,1
299978,20260428,1
299981,20260428,1
299984,20260428,1
299987,20260428,1
299990,20260428,1
299993,20260428,1
299996,20260428,1
299999,20260428,1
300002,20260428,1
300005,20260428,1
300008,20260428,1
300009,20260428,1
300012,20260428,1
300015,20260428,1
300018,20260428,1
300021,20260428,1
300024,20260428,1
300027,20260428,1
300030,20260428,1
300033,20260428,1
300036,20260428,1
300039,20260428,1
300042,20260428,1
300043,20260428,1
300046,20260428,1
300049,20260428,1
300050,20260428,1
300051,20260428,1
300052,20260428,1
300055,20260428,1
300058,20260428,1
300061,20260428,1
300064,20260428,1
300065,20260428,1
300066,20260428,1
300069,20260428,1
300070,20260428,1
300073,20260428,1
300076,20260428,1
300079,20260428,1
300082,20260428,1
300083,20260428,1
300084,20260428,1
300085,20260428,1
300088,20260428,1
300089,20260428,1
300092,20260428,1
300095,20260428,1
300098,20260428,1
300099,20260428,1
300102,20260428,1
300105,20260428,1
300108,20260428,1
300111,20260428,1
300114,20260428,1
300115,20260428,1
300116,20260428,1
300117,20260428,1
300120,20260428,1
300123,20260428,1
300124,20260428,1
300125,20260428,1
300126,20260428,1
300127,20260428,1
300130,20260428,1
300137,20260428,1
300141,20260428,1
300145,20260428,1
300149,20260428,1
300153,20260428,1
300157,20260428,1
300161,20260428,1
300165,20260428,1
300169,20260428,1
300173,20260428,1
300177,20260428,1
300181,20260428,1
300185,20260428,1
300189,20260428,1
300193,20260428,1
300197,20260428,1
300201,20260428,1
300203,20260428,1
300207,20260428,1
300211,20260428,1
300215,20260428,1
300219,20260428,1
300223,20260428,1
300225,20260428,1
300227,20260428,1
300229,20260428,1
300233,20260428,1
300237,20260428,1
300241,20260428,1
300245,20260428,1
300249,20260428,1
300253,20260428,1
300257,20260428,1
300261,20260428,1
299773,20260429,1
299776,20260429,1
299779,20260429,1
299782,20260429,1
299785,20260429,1
299787,20260429,1
299790,20260429,1
299793,20260429,1
299796,20260429,1
299799,20260429,1
299802,20260429,1
299805,20260429,1
299808,20260429,1
299811,20260429,1
299814,20260429,1
299817,20260429,1
299820,20260429,1
299823,20260429,1
299826,20260429,1
299829,20260429,1
299832,20260429,1
299835,20260429,1
299838,20260429,1
299841,20260429,1
299844,20260429,1
299847,20260429,1
299850,20260429,1
299853,20260429,1
299856,20260429,1
299859,20260429,1
299862,20260429,1
299863,20260429,1
299864,20260429,1
299867,20260429,1
299870,20260429,1
299873,20260429,1
299876,20260429,1
299879,20260429,1
299882,20260429,1
299885,20260429,1
299888,20260429,1
299889,20260429,1
299890,20260429,1
299891,20260429,1
299897,20260429,1
299900,20260429,1
299901,20260429,1
299902,20260429,1
299903,20260429,1
299905,20260429,1
299908,20260429,1
299911,20260429,1
299914,20260429,1
299917,20260429,1
299920,20260429,1
299923,20260429,1
299926,20260429,1
299929,20260429,1
299932,20260429,1
299934,20260429,1
299937,20260429,1
299938,20260429,1
299941,20260429,1
299946,20260429,1
299949,20260429,1
299953,20260429,1
299956,20260429,1
299959,20260429,1
299962,20260429,1
299965,20260429,1
299969,20260429,1
299972,20260429,1
299975,20260429,1
299978,20260429,1
299981,20260429,1
299984,20260429,1
299987,20260429,1
299990,20260429,1
299993,20260429,1
299996,20260429,1
299999,20260429,1
300002,20260429,1
300005,20260429,1
300008,20260429,1
300009,20260429,1
300012,20260429,1
300015,20260429,1
300018,20260429,1
300021,20260429,1
300024,20260429,1
300027,20260429,1
300030,20260429,1
300033,20260429,1
300036,20260429,1
300039,20260429,1
300042,20260429,1
300043,20260429,1
300046,20260429,1
300049,20260429,1
300050,20260429,1
300051,20260429,1
300052,20260429,1
300055,20260429,1
300058,20260429,1
300061,20260429,1
300064,20260429,1
300065,20260429,1
300066,20260429,1
300069,20260429,1
300070,20260429,1
300073,20260429,1
300076,20260429,1
300079,20260429,1
300082,20260429,1
300083,20260429,1
300084,20260429,1
300085,20260429,1
300088,20260429,1
300089,20260429,1
300092,20260429,1
300095,20260429,1
300098,20260429,1
300099,20260429,1
300102,20260429,1
300105,20260429,1
300108,20260429,1
300111,20260429,1
300114,20260429,1
300115,20260429,1
300116,20260429,1
300117,20260429,1
300120,20260429,1
300123,20260429,1
300124,20260429,1
300125,20260429,1
300126,20260429,1
300127,20260429,1
300130,20260429,1
300137,20260429,1
300141,20260429,1
300145,20260429,1
300149,20260429,1
300153,20260429,1
300157,20260429,1
300161,20260429,1
300165,20260429,1
300169,20260429,1
300173,20260429,1
300177,20260429,1
300181,20260429,1
300185,20260429,1
300189,20260429,1
300193,20260429,1
300197,20260429,1
300201,20260429,1
300203,20260429,1
300207,20260429,1
300211,20260429,1
300215,20260429,1
300219,20260429,1
300223,20260429,1
300225,20260429,1
300227,20260429,1
300229,20260429,1
300233,20260429,1
300237,20260429,1
300241,20260429,1
300245,20260429,1
300249,20260429,1
300253,20260429,1
300257,20260429,1
300261,20260429,1
299773,20260430,1
299776,20260430,1
299779,20260430,1
299782,20260430,1
299785,20260430,1
299787,20260430,1
299790,20260430,1
299793,20260430,1
299796,20260430,1
299799,20260430,1
299802,20260430,1
299805,20260430,1
299808,20260430,1
299811,20260430,1
299814,20260430,1
299817,20260430,1
299820,20260430,1
299823,20260430,1
299826,20260430,1
299829,20260430,1
299832,20260430,1
299835,20260430,1
299838,20260430,1
299841,20260430,1
299844,20260430,1
299847,20260430,1
299850,20260430,1
299853,20260430,1
299856,20260430,1
299859,20260430,1
299862,20260430,1
299863,20260430,1
299864,20260430,1
299867,20260430,1
299870,20260430,1
299873,20260430,1
299876,20260430,1
299879,20260430,1
299882,20260430,1
299885,20260430,1
299888,20260430,1
299889,20260430,1
299890,20260430,1
299891,20260430,1
299897,20260430,1
299900,20260430,1
299901,20260430,1
299902,20260430,1
299903,20260430,1
299905,20260430,1
299908,20260430,1
299911,20260430,1
299914,20260430,1
299917,20260430,1
299920,20260430,1
299923,20260430,1
299926,20260430,1
299929,20260430,1
299932,20260430,1
299934,20260430,1
299937,20260430,1
299938,20260430,1
299941,20260430,1
299946,20260430,1
299949,20260430,1
299953,20260430,1
299956,20260430,1
299959,20260430,1
299962,20260430,1
299965,20260430,1
299969,20260430,1
299972,20260430,1
299975,20260430,1
299978,20260430,1
299981,20260430,1
299984,20260430,1
299987,20260430,1
299990,20260430,1
299993,20260430,1
299996,20260430,1
299999,20260430,1
300002,20260430,1
300005,20260430,1
300008,20260430,1
300009,20260430,1
300012,20260430,1
300015,20260430,1
300018,20260430,1
300021,20260430,1
300024,20260430,1
300027,20260430,1
300030,20260430,1
300033,20260430,1
300036,20260430,1
300039,20260430,1
300042,20260430,1
300043,20260430,1
300046,20260430,1
300049,20260430,1
300050,20260430,1
300051,20260430,1
300052,20260430,1
300055,20260430,1
300058,20260430,1
300061,20260430,1
300064,20260430,1
300065,20260430,1
300066,20260430,1
300069,20260430,1
300070,20260430,1
300073,20260430,1
300076,20260430,1
300079,20260430,1
300082,20260430,1
300083,20260430,1
300084,20260430,1
300085,20260430,1
300088,20260430,1
300089,20260430,1
300092,20260430,1
300095,20260430,1
300098,20260430,1
300099,20260430,1
300102,20260430,1
300105,20260430,1
300108,20260430,1
300111,20260430,1
300114,20260430,1
300115,20260430,1
300116,20260430,1
300117,20260430,1
300120,20260430,1
300123,20260430,1
300124,20260430,1
300125,20260430,1
300126,20260430,1
300127,20260430,1
300130,20260430,1
300137,20260430,1
300141,20260430,1
300145,20260430,1
300149,20260430,1
300153,20260430,1
300157,20260430,1
300161,20260430,1
300165,20260430,1
300169,20260430,1
300173,20260430,1
300177,20260430,1
300181,20260430,1
300185,20260430,1
300189,20260430,1
300193,20260430,1
300197,20260430,1
300201,20260430,1
300203,20260430,1
300207,20260430,1
300211,20260430,1
300215,20260430,1
300219,20260430,1
300223,20260430,1
300225,20260430,1
300227,20260430,1
300229,20260430,1
300233,20260430,1
300237,20260430,1
300241,20260430,1
300245,20260430,1
300249,20260430,1
300253,20260430,1
300257,20260430,1
300261,20260430,1
299771,20260501,1
299774,20260501,1
299777,20260501,1
299780,20260501,1
299783,20260501,1
299788,20260501,1
299791,20260501,1
299794,20260501,1
299797,20260501,1
299800,20260501,1
299803,20260501,1
299806,20260501,1
299809,20260501,1
299812,20260501,1
299815,20260501,1
299818,20260501,1
299821,20260501,1
299824,20260501,1
299827,20260501,1
299830,20260501,1
299833,20260501,1
299836,20260501,1
299839,20260501,1
299842,20260501,1
299845,20260501,1
299848,20260501,1
299851,20260501,1
299854,20260501,1
299857,20260501,1
299860,20260501,1
299865,20260501,1
299868,20260501,1
299871,20260501,1
299874,20260501,1
299877,20260501,1
299880,20260501,1
299883,20260501,1
299886,20260501,1
299895,20260501,1
299898,20260501,1
299906,20260501,1
299909,20260501,1
299912,20260501,1
299915,20260501,1
299918,20260501,1
299921,20260501,1
299924,20260501,1
299927,20260501,1
299930,20260501,1
299935,20260501,1
299939,20260501,1
299942,20260501,1
299944,20260501,1
299947,20260501,1
299951,20260501,1
299954,20260501,1
299957,20260501,1
299960,20260501,1
299963,20260501,1
299967,20260501,1
299970,20260501,1
299973,20260501,1
299976,20260501,1
299979,20260501,1
299982,20260501,1
299985,20260501,1
299988,20260501,1
299991,20260501,1
299994,20260501,1
299997,20260501,1
300000,20260501,1
300003,20260501,1
300006,20260501,1
300010,20260501,1
300013,20260501,1
300016,20260501,1
300019,20260501,1
300022,20260501,1
300025,20260501,1
300028,20260501,1
300031,20260501,1
300034,20260501,1
300037,20260501,1
300040,20260501,1
300044,20260501,1
300047,20260501,1
300053,20260501,1
300056,20260501,1
300059,20260501,1
300062,20260501,1
300067,20260501,1
300071,20260501,1
300074,20260501,1
300077,20260501,1
300080,20260501,1
300086,20260501,1
300090,20260501,1
300093,20260501,1
300096,20260501,1
300100,20260501,1
300103,20260501,1
300106,20260501,1
300109,20260501,1
300112,20260501,1
300118,20260501,1
300121,20260501,1
300128,20260501,1
300138,20260501,1
300142,20260501,1
300146,20260501,1
300150,20260501,1
300154,20260501,1
300158,20260501,1
300162,20260501,1
300166,20260501,1
300170,20260501,1
300174,20260501,1
300178,20260501,1
300182,20260501,1
300186,20260501,1
300190,20260501,1
300194,20260501,1
300198,20260501,1
300204,20260501,1
300208,20260501,1
300212,20260501,1
300216,20260501,1
300220,20260501,1
300230,20260501,1
300234,20260501,1
300238,20260501,1
300242,20260501,1
300246,20260501,1
300250,20260501,1
300254,20260501,1
300258,20260501,1
299772,20260502,1
299775,20260502,1
299778,20260502,1
299781,20260502,1
299784,20260502,1
299786,20260502,1
299789,20260502,1
299792,20260502,1
299795,20260502,1
299798,20260502,1
299801,20260502,1
299804,20260502,1
299807,20260502,1
299810,20260502,1
299813,20260502,1
299816,20260502,1
299819,20260502,1
299822,20260502,1
299825,20260502,1
299828,20260502,1
299831,20260502,1
299834,20260502,1
299837,20260502,1
299840,20260502,1
299843,20260502,1
299846,20260502,1
299849,20260502,1
299852,20260502,1
299855,20260502,1
299858,20260502,1
299861,20260502,1
299866,20260502,1
299869,20260502,1
299872,20260502,1
299875,20260502,1
299878,20260502,1
299881,20260502,1
299884,20260502,1
299887,20260502,1
299896,20260502,1
299899,20260502,1
299904,20260502,1
299907,20260502,1
299910,20260502,1
299913,20260502,1
299916,20260502,1
299919,20260502,1
299922,20260502,1
299925,20260502,1
299928,20260502,1
299931,20260502,1
299933,20260502,1
299936,20260502,1
299940,20260502,1
299943,20260502,1
299945,20260502,1
299948,20260502,1
299952,20260502,1
299955,20260502,1
299958,20260502,1
299961,20260502,1
299964,20260502,1
299968,20260502,1
299971,20260502,1
299974,20260502,1
299977,20260502,1
299980,20260502,1
299983,20260502,1
299986,20260502,1
299989,20260502,1
299992,20260502,1
299995,20260502,1
299998,20260502,1
300001,20260502,1
300004,20260502,1
300007,20260502,1
300011,20260502,1
300014,20260502,1
300017,20260502,1
300020,20260502,1
300023,20260502,1
300026,20260502,1
300029,20260502,1
300032,20260502,1
300035,20260502,1
300038,20260502,1
300041,20260502,1
300045,20260502,1
300048,20260502,1
300054,20260502,1
300057,20260502,1
300060,20260502,1
300063,20260502,1
300068,20260502,1
300072,20260502,1
300075,20260502,1
300078,20260502,1
300081,20260502,1
300087,20260502,1
300091,20260502,1
300094,20260502,1
300097,20260502,1
300101,20260502,1
300104,20260502,1
300107,20260502,1
300110,20260502,1
300113,20260502,1
300119,20260502,1
300122,20260502,1
300129,20260502,1
300139,20260502,1
300143,20260502,1
300147,20260502,1
300151,20260502,1
300155,20260502,1
300159,20260502,1
300163,20260502,1
300167,20260502,1
300171,20260502,1
300175,20260502,1
300179,20260502,1
300183,20260502,1
300187,20260502,1
300191,20260502,1
300195,20260502,1
300199,20260502,1
300205,20260502,1
300209,20260502,1
300213,20260502,1
300217,20260502,1
300221,20260502,1
300231,20260502,1
300235,20260502,1
300239,20260502,1
300243,20260502,1
300247,20260502,1
300251,20260502,1
300255,20260502,1
300259,20260502,1
299771,20260503,1
299774,20260503,1
299777,20260503,1
299780,20260503,1
299783,20260503,1
299788,20260503,1
299791,20260503,1
299794,20260503,1
299797,20260503,1
299800,20260503,1
299803,20260503,1
299806,20260503,1
299809,20260503,1
299812,20260503,1
299815,20260503,1
299818,20260503,1
299821,20260503,1
299824,20260503,1
299827,20260503,1
299830,20260503,1
299833,20260503,1
299836,20260503,1
299839,20260503,1
299842,20260503,1
299845,20260503,1
299848,20260503,1
299851,20260503,1
299854,20260503,1
299857,20260503,1
299860,20260503,1
299865,20260503,1
299868,20260503,1
299871,20260503,1
299874,20260503,1
299877,20260503,1
299880,20260503,1
299883,20260503,1
299886,20260503,1
299895,20260503,1
299898,20260503,1
299906,20260503,1
299909,20260503,1
299912,20260503,1
299915,20260503,1
299918,20260503,1
299921,20260503,1
299924,20260503,1
299927,20260503,1
299930,20260503,1
299935,20260503,1
299939,20260503,1
299942,20260503,1
299944,20260503,1
299947,20260503,1
299951,20260503,1
299954,20260503,1
299957,20260503,1
299960,20260503,1
299963,20260503,1
299967,20260503,1
299970,20260503,1
299973,20260503,1
299976,20260503,1
299979,20260503,1
299982,20260503,1
299985,20260503,1
299988,20260503,1
299991,20260503,1
299994,20260503,1
299997,20260503,1
300000,20260503,1
300003,20260503,1
300006,20260503,1
300010,20260503,1
300013,20260503,1
300016,20260503,1
300019,20260503,1
300022,20260503,1
300025,20260503,1
300028,20260503,1
300031,20260503,1
300034,20260503,1
300037,20260503,1
300040,20260503,1
300044,20260503,1
300047,20260503,1
300053,20260503,1
300056,20260503,1
300059,20260503,1
300062,20260503,1
300067,20260503,1
300071,20260503,1
300074,20260503,1
300077,20260503,1
300080,20260503,1
300086,20260503,1
300090,20260503,1
300093,20260503,1
300096,20260503,1
300100,20260503,1
300103,20260503,1
300106,20260503,1
300109,20260503,1
300112,20260503,1
300118,20260503,1
300121,20260503,1
300128,20260503,1
300138,20260503,1
300142,20260503,1
300146,20260503,1
300150,20260503,1
300154,20260503,1
300158,20260503,1
300162,20260503,1
300166,20260503,1
300170,20260503,1
300174,20260503,1
300178,20260503,1
300182,20260503,1
300186,20260503,1
300190,20260503,1
300194,20260503,1
300198,20260503,1
300204,20260503,1
300208,20260503,1
300212,20260503,1
300216,20260503,1
300220,20260503,1
300230,20260503,1
300234,20260503,1
300238,20260503,1
300242,20260503,1
300246,20260503,1
300250,20260503,1
300254,20260503,1
300258,20260503,1
299773,20260504,1
299776,20260504,1
299779,20260504,1
299782,20260504,1
299785,20260504,1
299787,20260504,1
299790,20260504,1
299793,20260504,1
299796,20260504,1
299799,20260504,1
299802,20260504,1
299805,20260504,1
299808,20260504,1
299811,20260504,1
299814,20260504,1
299817,20260504,1
299820,20260504,1
299823,20260504,1
299826,20260504,1
299829,20260504,1
299832,20260504,1
299835,20260504,1
299838,20260504,1
299841,20260504,1
299844,20260504,1
299847,20260504,1
299850,20260504,1
299853,20260504,1
299856,20260504,1
299859,20260504,1
299862,20260504,1
299863,20260504,1
299864,20260504,1
299867,20260504,1
299870,20260504,1
299873,20260504,1
299876,20260504,1
299879,20260504,1
299882,20260504,1
299885,20260504,1
299888,20260504,1
299889,20260504,1
299890,20260504,1
299891,20260504,1
299897,20260504,1
299900,20260504,1
299901,20260504,1
299902,20260504,1
299903,20260504,1
299905,20260504,1
299908,20260504,1
299911,20260504,1
299914,20260504,1
299917,20260504,1
299920,20260504,1
299923,20260504,1
299926,20260504,1
299929,20260504,1
299932,20260504,1
299934,20260504,1
299937,20260504,1
299938,20260504,1
299941,20260504,1
299946,20260504,1
299949,20260504,1
299953,20260504,1
299956,20260504,1
299959,20260504,1
299962,20260504,1
299965,20260504,1
299969,20260504,1
299972,20260504,1
299975,20260504,1
299978,20260504,1
299981,20260504,1
299984,20260504,1
299987,20260504,1
299990,20260504,1
299993,20260504,1
299996,20260504,1
299999,20260504,1
300002,20260504,1
300005,20260504,1
300008,20260504,1
300009,20260504,1
300012,20260504,1
300015,20260504,1
300018,20260504,1
300021,20260504,1
300024,20260504,1
300027,20260504,1
300030,20260504,1
300033,20260504,1
300036,20260504,1
300039,20260504,1
300042,20260504,1
300043,20260504,1
300046,20260504,1
300049,20260504,1
300050,20260504,1
300051,20260504,1
300052,20260504,1
300055,20260504,1
300058,20260504,1
300061,20260504,1
300064,20260504,1
300065,20260504,1
300066,20260504,1
300069,20260504,1
300070,20260504,1
300073,20260504,1
300076,20260504,1
300079,20260504,1
300082,20260504,1
300083,20260504,1
300084,20260504,1
300085,20260504,1
300088,20260504,1
300089,20260504,1
300092,20260504,1
300095,20260504,1
300098,20260504,1
300099,20260504,1
300102,20260504,1
300105,20260504,1
300108,20260504,1
300111,20260504,1
300114,20260504,1
300115,20260504,1
300116,20260504,1
300117,20260504,1
300120,20260504,1
300123,20260504,1
300124,20260504,1
300125,20260504,1
300126,20260504,1
300127,20260504,1
300130,20260504,1
300137,20260504,1
300141,20260504,1
300145,20260504,1
300149,20260504,1
300153,20260504,1
300157,20260504,1
300161,20260504,1
300165,20260504,1
300169,20260504,1
300173,20260504,1
300177,20260504,1
300181,20260504,1
300185,20260504,1
300189,20260504,1
300193,20260504,1
300197,20260504,1
300201,20260504,1
300203,20260504,1
300207,20260504,1
300211,20260504,1
300215,20260504,1
300219,20260504,1
300223,20260504,1
300225,20260504,1
300227,20260504,1
300229,20260504,1
300233,20260504,1
300237,20260504,1
300241,20260504,1
300245,20260504,1
300249,20260504,1
300253,20260504,1
300257,20260504,1
300261,20260504,1
299773,20260505,1
299776,20260505,1
299779,20260505,1
299782,20260505,1
299785,20260505,1
299787,20260505,1
299790,20260505,1
299793,20260505,1
299796,20260505,1
299799,20260505,1
299802,20260505,1
299805,20260505,1
299808,20260505,1
299811,20260505,1
299814,20260505,1
299817,20260505,1
299820,20260505,1
299823,20260505,1
299826,20260505,1
299829,20260505,1
299832,20260505,1
299835,20260505,1
299838,20260505,1
299841,20260505,1
299844,20260505,1
299847,20260505,1
299850,20260505,1
299853,20260505,1
299856,20260505,1
299859,20260505,1
299862,20260505,1
299863,20260505,1
299864,20260505,1
299867,20260505,1
299870,20260505,1
299873,20260505,1
299876,20260505,1
299879,20260505,1
299882,20260505,1
299885,20260505,1
299888,20260505,1
299889,20260505,1
299890,20260505,1
299891,20260505,1
299897,20260505,1
299900,20260505,1
299901,20260505,1
299902,20260505,1
299903,20260505,1
299905,20260505,1
299908,20260505,1
299911,20260505,1
299914,20260505,1
299917,20260505,1
299920,20260505,1
299923,20260505,1
299926,20260505,1
299929,20260505,1
299932,20260505,1
299934,20260505,1
299937,20260505,1
299938,20260505,1
299941,20260505,1
299946,20260505,1
299949,20260505,1
299953,20260505,1
299956,20260505,1
299959,20260505,1
299962,20260505,1
299965,20260505,1
299969,20260505,1
299972,20260505,1
299975,20260505,1
299978,20260505,1
299981,20260505,1
299984,20260505,1
299987,20260505,1
299990,20260505,1
299993,20260505,1
299996,20260505,1
299999,20260505,1
300002,20260505,1
300005,20260505,1
300008,20260505,1
300009,20260505,1
300012,20260505,1
300015,20260505,1
300018,20260505,1
300021,20260505,1
300024,20260505,1
300027,20260505,1
300030,20260505,1
300033,20260505,1
300036,20260505,1
300039,20260505,1
300042,20260505,1
300043,20260505,1
300046,20260505,1
300049,20260505,1
300050,20260505,1
300051,20260505,1
300052,20260505,1
300055,20260505,1
300058,20260505,1
300061,20260505,1
300064,20260505,1
300065,20260505,1
300066,20260505,1
300069,20260505,1
300070,20260505,1
300073,20260505,1
300076,20260505,1
300079,20260505,1
300082,20260505,1
300083,20260505,1
300084,20260505,1
300085,20260505,1
300088,20260505,1
300089,20260505,1
300092,20260505,1
300095,20260505,1
300098,20260505,1
300099,20260505,1
300102,20260505,1
300105,20260505,1
300108,20260505,1
300111,20260505,1
300114,20260505,1
300115,20260505,1
300116,20260505,1
300117,20260505,1
300120,20260505,1
300123,20260505,1
300124,20260505,1
300125,20260505,1
300126,20260505,1
300127,20260505,1
300130,20260505,1
300137,20260505,1
300141,20260505,1
300145,20260505,1
300149,20260505,1
300153,20260505,1
300157,20260505,1
300161,20260505,1
300165,20260505,1
300169,20260505,1
300173,20260505,1
300177,20260505,1
300181,20260505,1
300185,20260505,1
300189,20260505,1
300193,20260505,1
300197,20260505,1
300201,20260505,1
300203,20260505,1
300207,20260505,1
300211,20260505,1
300215,20260505,1
300219,20260505,1
300223,20260505,1
300225,20260505,1
300227,20260505,1
300229,20260505,1
300233,20260505,1
300237,20260505,1
300241,20260505,1
300245,20260505,1
300249,20260505,1
300253,20260505,1
300257,20260505,1
300261,20260505,1
299773,20260506,1
299776,20260506,1
299779,20260506,1
299782,20260506,1
299785,20260506,1
299787,20260506,1
299790,20260506,1
299793,20260506,1
299796,20260506,1
299799,20260506,1
299802,20260506,1
299805,20260506,1
299808,20260506,1
299811,20260506,1
299814,20260506,1
299817,20260506,1
299820,20260506,1
299823,20260506,1
299826,20260506,1
299829,20260506,1
299832,20260506,1
299835,20260506,1
299838,20260506,1
299841,20260506,1
299844,20260506,1
299847,20260506,1
299850,20260506,1
299853,20260506,1
299856,20260506,1
299859,20260506,1
299862,20260506,1
299863,20260506,1
299864,20260506,1
299867,20260506,1
299870,20260506,1
299873,20260506,1
299876,20260506,1
299879,20260506,1
299882,20260506,1
299885,20260506,1
299888,20260506,1
299889,20260506,1
299890,20260506,1
299891,20260506,1
299897,20260506,1
299900,20260506,1
299901,20260506,1
299902,20260506,1
299903,20260506,1
299905,20260506,1
299908,20260506,1
299911,20260506,1
299914,20260506,1
299917,20260506,1
299920,20260506,1
299923,20260506,1
299926,20260506,1
299929,20260506,1
299932,20260506,1
299934,20260506,1
299937,20260506,1
299938,20260506,1
299941,20260506,1
299946,20260506,1
299949,20260506,1
299953,20260506,1
299956,20260506,1
299959,20260506,1
299962,20260506,1
299965,20260506,1
299969,20260506,1
299972,20260506,1
299975,20260506,1
299978,20260506,1
299981,20260506,1
299984,20260506,1
299987,20260506,1
299990,20260506,1
299993,20260506,1
299996,20260506,1
299999,20260506,1
300002,20260506,1
300005,20260506,1
300008,20260506,1
300009,20260506,1
300012,20260506,1
300015,20260506,1
300018,20260506,1
300021,20260506,1
300024,20260506,1
300027,20260506,1
300030,20260506,1
300033,20260506,1
300036,20260506,1
300039,20260506,1
300042,20260506,1
300043,20260506,1
300046,20260506,1
300049,20260506,1
300050,20260506,1
300051,20260506,1
300052,20260506,1
300055,20260506,1
300058,20260506,1
300061,20260506,1
300064,20260506,1
300065,20260506,1
300066,20260506,1
300069,20260506,1
300070,20260506,1
300073,20260506,1
300076,20260506,1
300079,20260506,1
300082,20260506,1
300083,20260506,1
300084,20260506,1
300085,20260506,1
300088,20260506,1
300089,20260506,1
300092,20260506,1
300095,20260506,1
300098,20260506,1
300099,20260506,1
300102,20260506,1
300105,20260506,1
300108,20260506,1
300111,20260506,1
300114,20260506,1
300115,20260506,1
300116,20260506,1
300117,20260506,1
300120,20260506,1
300123,20260506,1
300124,20260506,1
300125,20260506,1
300126,20260506,1
300127,20260506,1
300130,20260506,1
300137,20260506,1
300141,20260506,1
300145,20260506,1
300149,20260506,1
300153,20260506,1
300157,20260506,1
300161,20260506,1
300165,20260506,1
300169,20260506,1
300173,20260506,1
300177,20260506,1
300181,20260506,1
300185,20260506,1
300189,20260506,1
300193,20260506,1
300197,20260506,1
300201,20260506,1
300203,20260506,1
300207,20260506,1
300211,20260506,1
300215,20260506,1
300219,20260506,1
300223,20260506,1
300225,20260506,1
300227,20260506,1
300229,20260506,1
300233,20260506,1
300237,20260506,1
300241,20260506,1
300245,20260506,1
300249,20260506,1
300253,20260506,1
300257,20260506,1
300261,20260506,1
299773,20260507,1
299776,20260507,1
299779,20260507,1
299782,20260507,1
299785,20260507,1
299787,20260507,1
299790,20260507,1
299793,20260507,1
299796,20260507,1
299799,20260507,1
299802,20260507,1
299805,20260507,1
299808,20260507,1
299811,20260507,1
299814,20260507,1
299817,20260507,1
299820,20260507,1
299823,20260507,1
299826,20260507,1
299829,20260507,1
299832,20260507,1
299835,20260507,1
299838,20260507,1
299841,20260507,1
299844,20260507,1
299847,20260507,1
299850,20260507,1
299853,20260507,1
299856,20260507,1
299859,20260507,1
299862,20260507,1
299863,20260507,1
299864,20260507,1
299867,20260507,1
299870,20260507,1
299873,20260507,1
299876,20260507,1
299879,20260507,1
299882,20260507,1
299885,20260507,1
299888,20260507,1
299889,20260507,1
299890,20260507,1
299891,20260507,1
299897,20260507,1
299900,20260507,1
299901,20260507,1
299902,20260507,1
299903,20260507,1
299905,20260507,1
299908,20260507,1
299911,20260507,1
299914,20260507,1
299917,20260507,1
299920,20260507,1
299923,20260507,1
299926,20260507,1
299929,20260507,1
299932,20260507,1
299934,20260507,1
299937,20260507,1
299938,20260507,1
299941,20260507,1
299946,20260507,1
299949,20260507,1
299953,20260507,1
299956,20260507,1
299959,20260507,1
299962,20260507,1
299965,20260507,1
299969,20260507,1
299972,20260507,1
299975,20260507,1
299978,20260507,1
299981,20260507,1
299984,20260507,1
299987,20260507,1
299990,20260507,1
299993,20260507,1
299996,20260507,1
299999,20260507,1
300002,20260507,1
300005,20260507,1
300008,20260507,1
300009,20260507,1
300012,20260507,1
300015,20260507,1
300018,20260507,1
300021,20260507,1
300024,20260507,1
300027,20260507,1
300030,20260507,1
300033,20260507,1
300036,20260507,1
300039,20260507,1
300042,20260507,1
300043,20260507,1
300046,20260507,1
300049,20260507,1
300050,20260507,1
300051,20260507,1
300052,20260507,1
300055,20260507,1
300058,20260507,1
300061,20260507,1
300064,20260507,1
300065,20260507,1
300066,20260507,1
300069,20260507,1
300070,20260507,1
300073,20260507,1
300076,20260507,1
300079,20260507,1
300082,20260507,1
300083,20260507,1
300084,20260507,1
300085,20260507,1
300088,20260507,1
300089,20260507,1
300092,20260507,1
300095,20260507,1
300098,20260507,1
300099,20260507,1
300102,20260507,1
300105,20260507,1
300108,20260507,1
300111,20260507,1
300114,20260507,1
300115,20260507,1
300116,20260507,1
300117,20260507,1
300120,20260507,1
300123,20260507,1
300124,20260507,1
300125,20260507,1
300126,20260507,1
300127,20260507,1
300130,20260507,1
300137,20260507,1
300141,20260507,1
300145,20260507,1
300149,20260507,1
300153,20260507,1
300157,20260507,1
300161,20260507,1
300165,20260507,1
300169,20260507,1
300173,20260507,1
300177,20260507,1
300181,20260507,1
300185,20260507,1
300189,20260507,1
300193,20260507,1
300197,20260507,1
300201,20260507,1
300203,20260507,1
300207,20260507,1
300211,20260507,1
300215,20260507,1
300219,20260507,1
300223,20260507,1
300225,20260507,1
300227,20260507,1
300229,20260507,1
300233,20260507,1
300237,20260507,1
300241,20260507,1
300245,20260507,1
300249,20260507,1
300253,20260507,1
300257,20260507,1
300261,20260507,1
299773,20260508,1
299776,20260508,1
299779,20260508,1
299782,20260508,1
299785,20260508,1
299787,20260508,1
299790,20260508,1
299793,20260508,1
299796,20260508,1
299799,20260508,1
299802,20260508,1
299805,20260508,1
299808,20260508,1
299811,20260508,1
299814,20260508,1
299817,20260508,1
299820,20260508,1
299823,20260508,1
299826,20260508,1
299829,20260508,1
299832,20260508,1
299835,20260508,1
299838,20260508,1
299841,20260508,1
299844,20260508,1
299847,20260508,1
299850,20260508,1
299853,20260508,1
299856,20260508,1
299859,20260508,1
299862,20260508,1
299863,20260508,1
299864,20260508,1
299867,20260508,1
299870,20260508,1
299873,20260508,1
299876,20260508,1
299879,20260508,1
299882,20260508,1
299885,20260508,1
299888,20260508,1
299889,20260508,1
299890,20260508,1
299891,20260508,1
299897,20260508,1
299900,20260508,1
299901,20260508,1
299902,20260508,1
299903,20260508,1
299905,20260508,1
299908,20260508,1
299911,20260508,1
299914,20260508,1
299917,20260508,1
299920,20260508,1
299923,20260508,1
299926,20260508,1
299929,20260508,1
299932,20260508,1
299934,20260508,1
299937,20260508,1
299938,20260508,1
299941,20260508,1
299946,20260508,1
299949,20260508,1
299953,20260508,1
299956,20260508,1
299959,20260508,1
299962,20260508,1
299965,20260508,1
299969,20260508,1
299972,20260508,1
299975,20260508,1
299978,20260508,1
299981,20260508,1
299984,20260508,1
299987,20260508,1
299990,20260508,1
299993,20260508,1
299996,20260508,1
299999,20260508,1
300002,20260508,1
300005,20260508,1
300008,20260508,1
300009,20260508,1
300012,20260508,1
300015,20260508,1
300018,20260508,1
300021,20260508,1
300024,20260508,1
300027,20260508,1
300030,20260508,1
300033,20260508,1
300036,20260508,1
300039,20260508,1
300042,20260508,1
300043,20260508,1
300046,20260508,1
300049,20260508,1
300050,20260508,1
300051,20260508,1
300052,20260508,1
300055,20260508,1
300058,20260508,1
300061,20260508,1
300064,20260508,1
300065,20260508,1
300066,20260508,1
300069,20260508,1
300070,20260508,1
300073,20260508,1
300076,20260508,1
300079,20260508,1
300082,20260508,1
300083,20260508,1
300084,20260508,1
300085,20260508,1
300088,20260508,1
300089,20260508,1
300092,20260508,1
300095,20260508,1
300098,20260508,1
300099,20260508,1
300102,20260508,1
300105,20260508,1
300108,20260508,1
300111,20260508,1
300114,20260508,1
300115,20260508,1
300116,20260508,1
300117,20260508,1
300120,20260508,1
300123,20260508,1
300124,20260508,1
300125,20260508,1
300126,20260508,1
300127,20260508,1
300130,20260508,1
300136,20260508,1
300140,20260508,1
300144,20260508,1
300148,20260508,1
300152,20260508,1
300156,20260508,1
300160,20260508,1
300164,20260508,1
300168,20260508,1
300172,20260508,1
300176,20260508,1
300180,20260508,1
300184,20260508,1
300188,20260508,1
300192,20260508,1
300196,20260508,1
300200,20260508,1
300202,20260508,1
300206,20260508,1
300210,20260508,1
300214,20260508,1
300218,20260508,1
300222,20260508,1
300224,20260508,1
300226,20260508,1
300228,20260508,1
300232,20260508,1
300236,20260508,1
300240,20260508,1
300244,20260508,1
300248,20260508,1
300252,20260508,1
300256,20260508,1
300260,20260508,1
299772,20260509,1
299775,20260509,1
299778,20260509,1
299781,20260509,1
299784,20260509,1
299786,20260509,1
299789,20260509,1
299792,20260509,1
299795,20260509,1
299798,20260509,1
299801,20260509,1
299804,20260509,1
299807,20260509,1
299810,20260509,1
299813,20260509,1
299816,20260509,1
299819,20260509,1
299822,20260509,1
299825,20260509,1
299828,20260509,1
299831,20260509,1
299834,20260509,1
299837,20260509,1
299840,20260509,1
299843,20260509,1
299846,20260509,1
299849,20260509,1
299852,20260509,1
299855,20260509,1
299858,20260509,1
299861,20260509,1
299866,20260509,1
299869,20260509,1
299872,20260509,1
299875,20260509,1
299878,20260509,1
299881,20260509,1
299884,20260509,1
299887,20260509,1
299896,20260509,1
299899,20260509,1
299904,20260509,1
299907,20260509,1
299910,20260509,1
299913,20260509,1
299916,20260509,1
299919,20260509,1
299922,20260509,1
299925,20260509,1
299928,20260509,1
299931,20260509,1
299933,20260509,1
299936,20260509,1
299940,20260509,1
299943,20260509,1
299945,20260509,1
299948,20260509,1
299952,20260509,1
299955,20260509,1
299958,20260509,1
299961,20260509,1
299964,20260509,1
299968,20260509,1
299971,20260509,1
299974,20260509,1
299977,20260509,1
299980,20260509,1
299983,20260509,1
299986,20260509,1
299989,20260509,1
299992,20260509,1
299995,20260509,1
299998,20260509,1
300001,20260509,1
300004,20260509,1
300007,20260509,1
300011,20260509,1
300014,20260509,1
300017,20260509,1
300020,20260509,1
300023,20260509,1
300026,20260509,1
300029,20260509,1
300032,20260509,1
300035,20260509,1
300038,20260509,1
300041,20260509,1
300045,20260509,1
300048,20260509,1
300054,20260509,1
300057,20260509,1
300060,20260509,1
300063,20260509,1
300068,20260509,1
300072,20260509,1
300075,20260509,1
300078,20260509,1
300081,20260509,1
300087,20260509,1
300091,20260509,1
300094,20260509,1
300097,20260509,1
300101,20260509,1
300104,20260509,1
300107,20260509,1
300110,20260509,1
300113,20260509,1
300119,20260509,1
300122,20260509,1
300129,20260509,1
300139,20260509,1
300143,20260509,1
300147,20260509,1
300151,20260509,1
300155,20260509,1
300159,20260509,1
300163,20260509,1
300167,20260509,1
300171,20260509,1
300175,20260509,1
300179,20260509,1
300183,20260509,1
300187,20260509,1
300191,20260509,1
300195,20260509,1
300199,20260509,1
300205,20260509,1
300209,20260509,1
300213,20260509,1
300217,20260509,1
300221,20260509,1
300231,20260509,1
300235,20260509,1
300239,20260509,1
300243,20260509,1
300247,20260509,1
300251,20260509,1
300255,20260509,1
300259,20260509,1
299771,20260510,1
299774,20260510,1
299777,20260510,1
299780,20260510,1
299783,20260510,1
299788,20260510,1
299791,20260510,1
299794,20260510,1
299797,20260510,1
299800,20260510,1
299803,20260510,1
299806,20260510,1
299809,20260510,1
299812,20260510,1
299815,20260510,1
299818,20260510,1
299821,20260510,1
299824,20260510,1
299827,20260510,1
299830,20260510,1
299833,20260510,1
299836,20260510,1
299839,20260510,1
299842,20260510,1
299845,20260510,1
299848,20260510,1
299851,20260510,1
299854,20260510,1
299857,20260510,1
299860,20260510,1
299865,20260510,1
299868,20260510,1
299871,20260510,1
299874,20260510,1
299877,20260510,1
299880,20260510,1
299883,20260510,1
299886,20260510,1
299895,20260510,1
299898,20260510,1
299906,20260510,1
299909,20260510,1
299912,20260510,1
299915,20260510,1
299918,20260510,1
299921,20260510,1
299924,20260510,1
299927,20260510,1
299930,20260510,1
299935,20260510,1
299939,20260510,1
299942,20260510,1
299944,20260510,1
299947,20260510,1
299951,20260510,1
299954,20260510,1
299957,20260510,1
299960,20260510,1
299963,20260510,1
299967,20260510,1
299970,20260510,1
299973,20260510,1
299976,20260510,1
299979,20260510,1
299982,20260510,1
299985,20260510,1
299988,20260510,1
299991,20260510,1
299994,20260510,1
299997,20260510,1
300000,20260510,1
300003,20260510,1
300006,20260510,1
300010,20260510,1
300013,20260510,1
300016,20260510,1
300019,20260510,1
300022,20260510,1
300025,20260510,1
300028,20260510,1
300031,20260510,1
300034,20260510,1
300037,20260510,1
300040,20260510,1
300044,20260510,1
300047,20260510,1
300053,20260510,1
300056,20260510,1
300059,20260510,1
300062,20260510,1
300067,20260510,1
300071,20260510,1
300074,20260510,1
300077,20260510,1
300080,20260510,1
300086,20260510,1
300090,20260510,1
300093,20260510,1
300096,20260510,1
300100,20260510,1
300103,20260510,1
300106,20260510,1
300109,20260510,1
300112,20260510,1
300118,20260510,1
300121,20260510,1
300128,20260510,1
300138,20260510,1
300142,20260510,1
300146,20260510,1
300150,20260510,1
300154,20260510,1
300158,20260510,1
300162,20260510,1
300166,20260510,1
300170,20260510,1
300174,20260510,1
300178,20260510,1
300182,20260510,1
300186,20260510,1
300190,20260510,1
300194,20260510,1
300198,20260510,1
300204,20260510,1
300208,20260510,1
300212,20260510,1
300216,20260510,1
300220,20260510,1
300230,20260510,1
300234,20260510,1
300238,20260510,1
300242,20260510,1
300246,20260510,1
300250,20260510,1
300254,20260510,1
300258,20260510,1
299773,20260511,1
299776,20260511,1
299779,20260511,1
299782,20260511,1
299785,20260511,1
299787,20260511,1
299790,20260511,1
299793,20260511,1
299796,20260511,1
299799,20260511,1
299802,20260511,1
299805,20260511,1
299808,20260511,1
299811,20260511,1
299814,20260511,1
299817,20260511,1
299820,20260511,1
299823,20260511,1
299826,20260511,1
299829,20260511,1
299832,20260511,1
299835,20260511,1
299838,20260511,1
299841,20260511,1
299844,20260511,1
299847,20260511,1
299850,20260511,1
299853,20260511,1
299856,20260511,1
299859,20260511,1
299862,20260511,1
299863,20260511,1
299864,20260511,1
299867,20260511,1
299870,20260511,1
299873,20260511,1
299876,20260511,1
299879,20260511,1
299882,20260511,1
299885,20260511,1
299888,20260511,1
299889,20260511,1
299890,20260511,1
299891,20260511,1
299897,20260511,1
299900,20260511,1
299901,20260511,1
299902,20260511,1
299903,20260511,1
299905,20260511,1
299908,20260511,1
299911,20260511,1
299914,20260511,1
299917,20260511,1
299920,20260511,1
299923,20260511,1
299926,20260511,1
299929,20260511,1
299932,20260511,1
299934,20260511,1
299937,20260511,1
299938,20260511,1
299941,20260511,1
299946,20260511,1
299949,20260511,1
299953,20260511,1
299956,20260511,1
299959,20260511,1
299962,20260511,1
299965,20260511,1
299969,20260511,1
299972,20260511,1
299975,20260511,1
299978,20260511,1
299981,20260511,1
299984,20260511,1
299987,20260511,1
299990,20260511,1
299993,20260511,1
299996,20260511,1
299999,20260511,1
300002,20260511,1
300005,20260511,1
300008,20260511,1
300009,20260511,1
300012,20260511,1
300015,20260511,1
300018,20260511,1
300021,20260511,1
300024,20260511,1
300027,20260511,1
300030,20260511,1
300033,20260511,1
300036,20260511,1
300039,20260511,1
300042,20260511,1
300043,20260511,1
300046,20260511,1
300049,20260511,1
300050,20260511,1
300051,20260511,1
300052,20260511,1
300055,20260511,1
300058,20260511,1
300061,20260511,1
300064,20260511,1
300065,20260511,1
300066,20260511,1
300069,20260511,1
300070,20260511,1
300073,20260511,1
300076,20260511,1
300079,20260511,1
300082,20260511,1
300083,20260511,1
300084,20260511,1
300085,20260511,1
300088,20260511,1
300089,20260511,1
300092,20260511,1
300095,20260511,1
300098,20260511,1
300099,20260511,1
300102,20260511,1
300105,20260511,1
300108,20260511,1
300111,20260511,1
300114,20260511,1
300115,20260511,1
300116,20260511,1
300117,20260511,1
300120,20260511,1
300123,20260511,1
300124,20260511,1
300125,20260511,1
300126,20260511,1
300127,20260511,1
300130,20260511,1
300137,20260511,1
300141,20260511,1
300145,20260511,1
300149,20260511,1
300153,20260511,1
300157,20260511,1
300161,20260511,1
300165,20260511,1
300169,20260511,1
300173,20260511,1
300177,20260511,1
300181,20260511,1
300185,20260511,1
300189,20260511,1
300193,20260511,1
300197,20260511,1
300201,20260511,1
300203,20260511,1
300207,20260511,1
300211,20260511,1
300215,20260511,1
300219,20260511,1
300223,20260511,1
300225,20260511,1
300227,20260511,1
300229,20260511,1
300233,20260511,1
300237,20260511,1
300241,20260511,1
300245,20260511,1
300249,20260511,1
300253,20260511,1
300257,20260511,1
300261,20260511,1
299773,20260512,1
299776,20260512,1
299779,20260512,1
299782,20260512,1
299785,20260512,1
299787,20260512,1
299790,20260512,1
299793,20260512,1
299796,20260512,1
299799,20260512,1
299802,20260512,1
299805,20260512,1
299808,20260512,1
299811,20260512,1
299814,20260512,1
299817,20260512,1
299820,20260512,1
299823,20260512,1
299826,20260512,1
299829,20260512,1
299832,20260512,1
299835,20260512,1
299838,20260512,1
299841,20260512,1
299844,20260512,1
299847,20260512,1
299850,20260512,1
299853,20260512,1
299856,20260512,1
299859,20260512,1
299862,20260512,1
299863,20260512,1
299864,20260512,1
299867,20260512,1
299870,20260512,1
299873,20260512,1
299876,20260512,1
299879,20260512,1
299882,20260512,1
299885,20260512,1
299888,20260512,1
299889,20260512,1
299890,20260512,1
299891,20260512,1
299897,20260512,1
299900,20260512,1
299901,20260512,1
299902,20260512,1
299903,20260512,1
299905,20260512,1
299908,20260512,1
299911,20260512,1
299914,20260512,1
299917,20260512,1
299920,20260512,1
299923,20260512,1
299926,20260512,1
299929,20260512,1
299932,20260512,1
299934,20260512,1
299937,20260512,1
299938,20260512,1
299941,20260512,1
299946,20260512,1
299949,20260512,1
299953,20260512,1
299956,20260512,1
299959,20260512,1
299962,20260512,1
299965,20260512,1
299969,20260512,1
299972,20260512,1
299975,20260512,1
299978,20260512,1
299981,20260512,1
299984,20260512,1
299987,20260512,1
299990,20260512,1
299993,20260512,1
299996,20260512,1
299999,20260512,1
300002,20260512,1
300005,20260512,1
300008,20260512,1
300009,20260512,1
300012,20260512,1
300015,20260512,1
300018,20260512,1
300021,20260512,1
300024,20260512,1
300027,20260512,1
300030,20260512,1
300033,20260512,1
300036,20260512,1
300039,20260512,1
300042,20260512,1
300043,20260512,1
300046,20260512,1
300049,20260512,1
300050,20260512,1
300051,20260512,1
300052,20260512,1
300055,20260512,1
300058,20260512,1
300061,20260512,1
300064,20260512,1
300065,20260512,1
300066,20260512,1
300069,20260512,1
300070,20260512,1
300073,20260512,1
300076,20260512,1
300079,20260512,1
300082,20260512,1
300083,20260512,1
300084,20260512,1
300085,20260512,1
300088,20260512,1
300089,20260512,1
300092,20260512,1
300095,20260512,1
300098,20260512,1
300099,20260512,1
300102,20260512,1
300105,20260512,1
300108,20260512,1
300111,20260512,1
300114,20260512,1
300115,20260512,1
300116,20260512,1
300117,20260512,1
300120,20260512,1
300123,20260512,1
300124,20260512,1
300125,20260512,1
300126,20260512,1
300127,20260512,1
300130,20260512,1
300137,20260512,1
300141,20260512,1
300145,20260512,1
300149,20260512,1
300153,20260512,1
300157,20260512,1
300161,20260512,1
300165,20260512,1
300169,20260512,1
300173,20260512,1
300177,20260512,1
300181,20260512,1
300185,20260512,1
300189,20260512,1
300193,20260512,1
300197,20260512,1
300201,20260512,1
300203,20260512,1
300207,20260512,1
300211,20260512,1
300215,20260512,1
300219,20260512,1
300223,20260512,1
300225,20260512,1
300227,20260512,1
300229,20260512,1
300233,20260512,1
300237,20260512,1
300241,20260512,1
300245,20260512,1
300249,20260512,1
300253,20260512,1
300257,20260512,1
300261,20260512,1
299773,20260513,1
299776,20260513,1
299779,20260513,1
299782,20260513,1
299785,20260513,1
299787,20260513,1
299790,20260513,1
299793,20260513,1
299796,20260513,1
299799,20260513,1
299802,20260513,1
299805,20260513,1
299808,20260513,1
299811,20260513,1
299814,20260513,1
299817,20260513,1
299820,20260513,1
299823,20260513,1
299826,20260513,1
299829,20260513,1
299832,20260513,1
299835,20260513,1
299838,20260513,1
299841,20260513,1
299844,20260513,1
299847,20260513,1
299850,20260513,1
299853,20260513,1
299856,20260513,1
299859,20260513,1
299862,20260513,1
299863,20260513,1
299864,20260513,1
299867,20260513,1
299870,20260513,1
299873,20260513,1
299876,20260513,1
299879,20260513,1
299882,20260513,1
299885,20260513,1
299888,20260513,1
299889,20260513,1
299890,20260513,1
299891,20260513,1
299897,20260513,1
299900,20260513,1
299901,20260513,1
299902,20260513,1
299903,20260513,1
299905,20260513,1
299908,20260513,1
299911,20260513,1
299914,20260513,1
299917,20260513,1
299920,20260513,1
299923,20260513,1
299926,20260513,1
299929,20260513,1
299932,20260513,1
299934,20260513,1
299937,20260513,1
299938,20260513,1
299941,20260513,1
299946,20260513,1
299949,20260513,1
299953,20260513,1
299956,20260513,1
299959,20260513,1
299962,20260513,1
299965,20260513,1
299969,20260513,1
299972,20260513,1
299975,20260513,1
299978,20260513,1
299981,20260513,1
299984,20260513,1
299987,20260513,1
299990,20260513,1
299993,20260513,1
299996,20260513,1
299999,20260513,1
300002,20260513,1
300005,20260513,1
300008,20260513,1
300009,20260513,1
300012,20260513,1
300015,20260513,1
300018,20260513,1
300021,20260513,1
300024,20260513,1
300027,20260513,1
300030,20260513,1
300033,20260513,1
300036,20260513,1
300039,20260513,1
300042,20260513,1
300043,20260513,1
300046,20260513,1
300049,20260513,1
300050,20260513,1
300051,20260513,1
300052,20260513,1
300055,20260513,1
300058,20260513,1
300061,20260513,1
300064,20260513,1
300065,20260513,1
300066,20260513,1
300069,20260513,1
300070,20260513,1
300073,20260513,1
300076,20260513,1
300079,20260513,1
300082,20260513,1
300083,20260513,1
300084,20260513,1
300085,20260513,1
300088,20260513,1
300089,20260513,1
300092,20260513,1
300095,20260513,1
300098,20260513,1
300099,20260513,1
300102,20260513,1
300105,20260513,1
300108,20260513,1
300111,20260513,1
300114,20260513,1
300115,20260513,1
300116,20260513,1
300117,20260513,1
300120,20260513,1
300123,20260513,1
300124,20260513,1
300125,20260513,1
300126,20260513,1
300127,20260513,1
300130,20260513,1
300137,20260513,1
300141,20260513,1
300145,20260513,1
300149,20260513,1
300153,20260513,1
300157,20260513,1
300161,20260513,1
300165,20260513,1
300169,20260513,1
300173,20260513,1
300177,20260513,1
300181,20260513,1
300185,20260513,1
300189,20260513,1
300193,20260513,1
300197,20260513,1
300201,20260513,1
300203,20260513,1
300207,20260513,1
300211,20260513,1
300215,20260513,1
300219,20260513,1
300223,20260513,1
300225,20260513,1
300227,20260513,1
300229,20260513,1
300233,20260513,1
300237,20260513,1
300241,20260513,1
300245,20260513,1
300249,20260513,1
300253,20260513,1
300257,20260513,1
300261,20260513,1
299773,20260514,1
299776,20260514,1
299779,20260514,1
299782,20260514,1
299785,20260514,1
299787,20260514,1
299790,20260514,1
299793,20260514,1
299796,20260514,1
299799,20260514,1
299802,20260514,1
299805,20260514,1
299808,20260514,1
299811,20260514,1
299814,20260514,1
299817,20260514,1
299820,20260514,1
299823,20260514,1
299826,20260514,1
299829,20260514,1
299832,20260514,1
299835,20260514,1
299838,20260514,1
299841,20260514,1
299844,20260514,1
299847,20260514,1
299850,20260514,1
299853,20260514,1
299856,20260514,1
299859,20260514,1
299862,20260514,1
299863,20260514,1
299864,20260514,1
299867,20260514,1
299870,20260514,1
299873,20260514,1
299876,20260514,1
299879,20260514,1
299882,20260514,1
299885,20260514,1
299888,20260514,1
299889,20260514,1
299890,20260514,1
299891,20260514,1
299897,20260514,1
299900,20260514,1
299901,20260514,1
299902,20260514,1
299903,20260514,1
299905,20260514,1
299908,20260514,1
299911,20260514,1
299914,20260514,1
299917,20260514,1
299920,20260514,1
299923,20260514,1
299926,20260514,1
299929,20260514,1
299932,20260514,1
299934,20260514,1
299937,20260514,1
299938,20260514,1
299941,20260514,1
299946,20260514,1
299949,20260514,1
299953,20260514,1
299956,20260514,1
299959,20260514,1
299962,20260514,1
299965,20260514,1
299969,20260514,1
299972,20260514,1
299975,20260514,1
299978,20260514,1
299981,20260514,1
299984,20260514,1
299987,20260514,1
299990,20260514,1
299993,20260514,1
299996,20260514,1
299999,20260514,1
300002,20260514,1
300005,20260514,1
300008,20260514,1
300009,20260514,1
300012,20260514,1
300015,20260514,1
300018,20260514,1
300021,20260514,1
300024,20260514,1
300027,20260514,1
300030,20260514,1
300033,20260514,1
300036,20260514,1
300039,20260514,1
300042,20260514,1
300043,20260514,1
300046,20260514,1
300049,20260514,1
300050,20260514,1
300051,20260514,1
300052,20260514,1
300055,20260514,1
300058,20260514,1
300061,20260514,1
300064,20260514,1
300065,20260514,1
300066,20260514,1
300069,20260514,1
300070,20260514,1
300073,20260514,1
300076,20260514,1
300079,20260514,1
300082,20260514,1
300083,20260514,1
300084,20260514,1
300085,20260514,1
300088,20260514,1
300089,20260514,1
300092,20260514,1
300095,20260514,1
300098,20260514,1
300099,20260514,1
300102,20260514,1
300105,20260514,1
300108,20260514,1
300111,20260514,1
300114,20260514,1
300115,20260514,1
300116,20260514,1
300117,20260514,1
300120,20260514,1
300123,20260514,1
300124,20260514,1
300125,20260514,1
300126,20260514,1
300127,20260514,1
300130,20260514,1
300137,20260514,1
300141,20260514,1
300145,20260514,1
300149,20260514,1
300153,20260514,1
300157,20260514,1
300161,20260514,1
300165,20260514,1
300169,20260514,1
300173,20260514,1
300177,20260514,1
300181,20260514,1
300185,20260514,1
300189,20260514,1
300193,20260514,1
300197,20260514,1
300201,20260514,1
300203,20260514,1
300207,20260514,1
300211,20260514,1
300215,20260514,1
300219,20260514,1
300223,20260514,1
300225,20260514,1
300227,20260514,1
300229,20260514,1
300233,20260514,1
300237,20260514,1
300241,20260514,1
300245,20260514,1
300249,20260514,1
300253,20260514,1
300257,20260514,1
300261,20260514,1
299773,20260515,1
299776,20260515,1
299779,20260515,1
299782,20260515,1
299785,20260515,1
299787,20260515,1
299790,20260515,1
299793,20260515,1
299796,20260515,1
299799,20260515,1
299802,20260515,1
299805,20260515,1
299808,20260515,1
299811,20260515,1
299814,20260515,1
299817,20260515,1
299820,20260515,1
299823,20260515,1
299826,20260515,1
299829,20260515,1
299832,20260515,1
299835,20260515,1
299838,20260515,1
299841,20260515,1
299844,20260515,1
299847,20260515,1
299850,20260515,1
299853,20260515,1
299856,20260515,1
299859,20260515,1
299862,20260515,1
299863,20260515,1
299864,20260515,1
299867,20260515,1
299870,20260515,1
299873,20260515,1
299876,20260515,1
299879,20260515,1
299882,20260515,1
299885,20260515,1
299888,20260515,1
299889,20260515,1
299890,20260515,1
299891,20260515,1
299897,20260515,1
299900,20260515,1
299901,20260515,1
299902,20260515,1
299903,20260515,1
299905,20260515,1
299908,20260515,1
299911,20260515,1
299914,20260515,1
299917,20260515,1
299920,20260515,1
299923,20260515,1
299926,20260515,1
299929,20260515,1
299932,20260515,1
299934,20260515,1
299937,20260515,1
299938,20260515,1
299941,20260515,1
299946,20260515,1
299949,20260515,1
299953,20260515,1
299956,20260515,1
299959,20260515,1
299962,20260515,1
299965,20260515,1
299969,20260515,1
299972,20260515,1
299975,20260515,1
299978,20260515,1
299981,20260515,1
299984,20260515,1
299987,20260515,1
299990,20260515,1
299993,20260515,1
299996,20260515,1
299999,20260515,1
300002,20260515,1
300005,20260515,1
300008,20260515,1
300009,20260515,1
300012,20260515,1
300015,20260515,1
300018,20260515,1
300021,20260515,1
300024,20260515,1
300027,20260515,1
300030,20260515,1
300033,20260515,1
300036,20260515,1
300039,20260515,1
300042,20260515,1
300043,20260515,1
300046,20260515,1
300049,20260515,1
300050,20260515,1
300051,20260515,1
300052,20260515,1
300055,20260515,1
300058,20260515,1
300061,20260515,1
300064,20260515,1
300065,20260515,1
300066,20260515,1
300069,20260515,1
300070,20260515,1
300073,20260515,1
300076,20260515,1
300079,20260515,1
300082,20260515,1
300083,20260515,1
300084,20260515,1
300085,20260515,1
300088,20260515,1
300089,20260515,1
300092,20260515,1
300095,20260515,1
300098,20260515,1
300099,20260515,1
300102,20260515,1
300105,20260515,1
300108,20260515,1
300111,20260515,1
300114,20260515,1
300115,20260515,1
300116,20260515,1
300117,20260515,1
300120,20260515,1
300123,20260515,1
300124,20260515,1
300125,20260515,1
300126,20260515,1
300127,20260515,1
300130,20260515,1
300136,20260515,1
300140,20260515,1
300144,20260515,1
300148,20260515,1
300152,20260515,1
300156,20260515,1
300160,20260515,1
300164,20260515,1
300168,20260515,1
300172,20260515,1
300176,20260515,1
300180,20260515,1
300184,20260515,1
300188,20260515,1
300192,20260515,1
300196,20260515,1
300200,20260515,1
300202,20260515,1
300206,20260515,1
300210,20260515,1
300214,20260515,1
300218,20260515,1
300222,20260515,1
300224,20260515,1
300226,20260515,1
300228,20260515,1
300232,20260515,1
300236,20260515,1
300240,20260515,1
300244,20260515,1
300248,20260515,1
300252,20260515,1
300256,20260515,1
300260,20260515,1
299772,20260516,1
299775,20260516,1
299778,20260516,1
299781,20260516,1
299784,20260516,1
299786,20260516,1
299789,20260516,1
299792,20260516,1
299795,20260516,1
299798,20260516,1
299801,20260516,1
299804,20260516,1
299807,20260516,1
299810,20260516,1
299813,20260516,1
299816,20260516,1
299819,20260516,1
299822,20260516,1
299825,20260516,1
299828,20260516,1
299831,20260516,1
299834,20260516,1
299837,20260516,1
299840,20260516,1
299843,20260516,1
299846,20260516,1
299849,20260516,1
299852,20260516,1
299855,20260516,1
299858,20260516,1
299861,20260516,1
299866,20260516,1
299869,20260516,1
299872,20260516,1
299875,20260516,1
299878,20260516,1
299881,20260516,1
299884,20260516,1
299887,20260516,1
299896,20260516,1
299899,20260516,1
299904,20260516,1
299907,20260516,1
299910,20260516,1
299913,20260516,1
299916,20260516,1
299919,20260516,1
299922,20260516,1
299925,20260516,1
299928,20260516,1
299931,20260516,1
299933,20260516,1
299936,20260516,1
299940,20260516,1
299943,20260516,1
299945,20260516,1
299948,20260516,1
299952,20260516,1
299955,20260516,1
299958,20260516,1
299961,20260516,1
299964,20260516,1
299968,20260516,1
299971,20260516,1
299974,20260516,1
299977,20260516,1
299980,20260516,1
299983,20260516,1
299986,20260516,1
299989,20260516,1
299992,20260516,1
299995,20260516,1
299998,20260516,1
300001,20260516,1
300004,20260516,1
300007,20260516,1
300011,20260516,1
300014,20260516,1
300017,20260516,1
300020,20260516,1
300023,20260516,1
300026,20260516,1
300029,20260516,1
300032,20260516,1
300035,20260516,1
300038,20260516,1
300041,20260516,1
300045,20260516,1
300048,20260516,1
300054,20260516,1
300057,20260516,1
300060,20260516,1
300063,20260516,1
300068,20260516,1
300072,20260516,1
300075,20260516,1
300078,20260516,1
300081,20260516,1
300087,20260516,1
300091,20260516,1
300094,20260516,1
300097,20260516,1
300101,20260516,1
300104,20260516,1
300107,20260516,1
300110,20260516,1
300113,20260516,1
300119,20260516,1
300122,20260516,1
300129,20260516,1
300139,20260516,1
300143,20260516,1
300147,20260516,1
300151,20260516,1
300155,20260516,1
300159,20260516,1
300163,20260516,1
300167,20260516,1
300171,20260516,1
300175,20260516,1
300179,20260516,1
300183,20260516,1
300187,20260516,1
300191,20260516,1
300195,20260516,1
300199,20260516,1
300205,20260516,1
300209,20260516,1
300213,20260516,1
300217,20260516,1
300221,20260516,1
300231,20260516,1
300235,20260516,1
300239,20260516,1
300243,20260516,1
300247,20260516,1
300251,20260516,1
300255,20260516,1
300259,20260516,1
299771,20260517,1
299774,20260517,1
299777,20260517,1
299780,20260517,1
299783,20260517,1
299788,20260517,1
299791,20260517,1
299794,20260517,1
299797,20260517,1
299800,20260517,1
299803,20260517,1
299806,20260517,1
299809,20260517,1
299812,20260517,1
299815,20260517,1
299818,20260517,1
299821,20260517,1
299824,20260517,1
299827,20260517,1
299830,20260517,1
299833,20260517,1
299836,20260517,1
299839,20260517,1
299842,20260517,1
299845,20260517,1
299848,20260517,1
299851,20260517,1
299854,20260517,1
299857,20260517,1
299860,20260517,1
299865,20260517,1
299868,20260517,1
299871,20260517,1
299874,20260517,1
299877,20260517,1
299880,20260517,1
299883,20260517,1
299886,20260517,1
299895,20260517,1
299898,20260517,1
299906,20260517,1
299909,20260517,1
299912,20260517,1
299915,20260517,1
299918,20260517,1
299921,20260517,1
299924,20260517,1
299927,20260517,1
299930,20260517,1
299935,20260517,1
299939,20260517,1
299942,20260517,1
299944,20260517,1
299947,20260517,1
299951,20260517,1
299954,20260517,1
299957,20260517,1
299960,20260517,1
299963,20260517,1
299967,20260517,1
299970,20260517,1
299973,20260517,1
299976,20260517,1
299979,20260517,1
299982,20260517,1
299985,20260517,1
299988,20260517,1
299991,20260517,1
299994,20260517,1
299997,20260517,1
300000,20260517,1
300003,20260517,1
300006,20260517,1
300010,20260517,1
300013,20260517,1
300016,20260517,1
300019,20260517,1
300022,20260517,1
300025,20260517,1
300028,20260517,1
300031,20260517,1
300034,20260517,1
300037,20260517,1
300040,20260517,1
300044,20260517,1
300047,20260517,1
300053,20260517,1
300056,20260517,1
300059,20260517,1
300062,20260517,1
300067,20260517,1
300071,20260517,1
300074,20260517,1
300077,20260517,1
300080,20260517,1
300086,20260517,1
300090,20260517,1
300093,20260517,1
300096,20260517,1
300100,20260517,1
300103,20260517,1
300106,20260517,1
300109,20260517,1
300112,20260517,1
300118,20260517,1
300121,20260517,1
300128,20260517,1
300138,20260517,1
300142,20260517,1
300146,20260517,1
300150,20260517,1
300154,20260517,1
300158,20260517,1
300162,20260517,1
300166,20260517,1
300170,20260517,1
300174,20260517,1
300178,20260517,1
300182,20260517,1
300186,20260517,1
300190,20260517,1
300194,20260517,1
300198,20260517,1
300204,20260517,1
300208,20260517,1
300212,20260517,1
300216,20260517,1
300220,20260517,1
300230,20260517,1
300234,20260517,1
300238,20260517,1
300242,20260517,1
300246,20260517,1
300250,20260517,1
300254,20260517,1
300258,20260517,1
299773,20260518,1
299776,20260518,1
299779,20260518,1
299782,20260518,1
299785,20260518,1
299787,20260518,1
299790,20260518,1
299793,20260518,1
299796,20260518,1
299799,20260518,1
299802,20260518,1
299805,20260518,1
299808,20260518,1
299811,20260518,1
299814,20260518,1
299817,20260518,1
299820,20260518,1
299823,20260518,1
299826,20260518,1
299829,20260518,1
299832,20260518,1
299835,20260518,1
299838,20260518,1
299841,20260518,1
299844,20260518,1
299847,20260518,1
299850,20260518,1
299853,20260518,1
299856,20260518,1
299859,20260518,1
299862,20260518,1
299863,20260518,1
299864,20260518,1
299867,20260518,1
299870,20260518,1
299873,20260518,1
299876,20260518,1
299879,20260518,1
299882,20260518,1
299885,20260518,1
299888,20260518,1
299889,20260518,1
299890,20260518,1
299891,20260518,1
299897,20260518,1
299900,20260518,1
299901,20260518,1
299902,20260518,1
299903,20260518,1
299905,20260518,1
299908,20260518,1
299911,20260518,1
299914,20260518,1
299917,20260518,1
299920,20260518,1
299923,20260518,1
299926,20260518,1
299929,20260518,1
299932,20260518,1
299934,20260518,1
299937,20260518,1
299938,20260518,1
299941,20260518,1
299946,20260518,1
299949,20260518,1
299953,20260518,1
299956,20260518,1
299959,20260518,1
299962,20260518,1
299965,20260518,1
299969,20260518,1
299972,20260518,1
299975,20260518,1
299978,20260518,1
299981,20260518,1
299984,20260518,1
299987,20260518,1
299990,20260518,1
299993,20260518,1
299996,20260518,1
299999,20260518,1
300002,20260518,1
300005,20260518,1
300008,20260518,1
300009,20260518,1
300012,20260518,1
300015,20260518,1
300018,20260518,1
300021,20260518,1
300024,20260518,1
300027,20260518,1
300030,20260518,1
300033,20260518,1
300036,20260518,1
300039,20260518,1
300042,20260518,1
300043,20260518,1
300046,20260518,1
300049,20260518,1
300050,20260518,1
300051,20260518,1
300052,20260518,1
300055,20260518,1
300058,20260518,1
300061,20260518,1
300064,20260518,1
300065,20260518,1
300066,20260518,1
300069,20260518,1
300070,20260518,1
300073,20260518,1
300076,20260518,1
300079,20260518,1
300082,20260518,1
300083,20260518,1
300084,20260518,1
300085,20260518,1
300088,20260518,1
300089,20260518,1
300092,20260518,1
300095,20260518,1
300098,20260518,1
300099,20260518,1
300102,20260518,1
300105,20260518,1
300108,20260518,1
300111,20260518,1
300114,20260518,1
300115,20260518,1
300116,20260518,1
300117,20260518,1
300120,20260518,1
300123,20260518,1
300124,20260518,1
300125,20260518,1
300126,20260518,1
300127,20260518,1
300130,20260518,1
300137,20260518,1
300141,20260518,1
300145,20260518,1
300149,20260518,1
300153,20260518,1
300157,20260518,1
300161,20260518,1
300165,20260518,1
300169,20260518,1
300173,20260518,1
300177,20260518,1
300181,20260518,1
300185,20260518,1
300189,20260518,1
300193,20260518,1
300197,20260518,1
300201,20260518,1
300203,20260518,1
300207,20260518,1
300211,20260518,1
300215,20260518,1
300219,20260518,1
300223,20260518,1
300225,20260518,1
300227,20260518,1
300229,20260518,1
300233,20260518,1
300237,20260518,1
300241,20260518,1
300245,20260518,1
300249,20260518,1
300253,20260518,1
300257,20260518,1
300261,20260518,1
299773,20260519,1
299776,20260519,1
299779,20260519,1
299782,20260519,1
299785,20260519,1
299787,20260519,1
299790,20260519,1
299793,20260519,1
299796,20260519,1
299799,20260519,1
299802,20260519,1
299805,20260519,1
299808,20260519,1
299811,20260519,1
299814,20260519,1
299817,20260519,1
299820,20260519,1
299823,20260519,1
299826,20260519,1
299829,20260519,1
299832,20260519,1
299835,20260519,1
299838,20260519,1
299841,20260519,1
299844,20260519,1
299847,20260519,1
299850,20260519,1
299853,20260519,1
299856,20260519,1
299859,20260519,1
299862,20260519,1
299863,20260519,1
299864,20260519,1
299867,20260519,1
299870,20260519,1
299873,20260519,1
299876,20260519,1
299879,20260519,1
299882,20260519,1
299885,20260519,1
299888,20260519,1
299889,20260519,1
299890,20260519,1
299891,20260519,1
299897,20260519,1
299900,20260519,1
299901,20260519,1
299902,20260519,1
299903,20260519,1
299905,20260519,1
299908,20260519,1
299911,20260519,1
299914,20260519,1
299917,20260519,1
299920,20260519,1
299923,20260519,1
299926,20260519,1
299929,20260519,1
299932,20260519,1
299934,20260519,1
299937,20260519,1
299938,20260519,1
299941,20260519,1
299946,20260519,1
299949,20260519,1
299953,20260519,1
299956,20260519,1
299959,20260519,1
299962,20260519,1
299965,20260519,1
299969,20260519,1
299972,20260519,1
299975,20260519,1
299978,20260519,1
299981,20260519,1
299984,20260519,1
299987,20260519,1
299990,20260519,1
299993,20260519,1
299996,20260519,1
299999,20260519,1
300002,20260519,1
300005,20260519,1
300008,20260519,1
300009,20260519,1
300012,20260519,1
300015,20260519,1
300018,20260519,1
300021,20260519,1
300024,20260519,1
300027,20260519,1
300030,20260519,1
300033,20260519,1
300036,20260519,1
300039,20260519,1
300042,20260519,1
300043,20260519,1
300046,20260519,1
300049,20260519,1
300050,20260519,1
300051,20260519,1
300052,20260519,1
300055,20260519,1
300058,20260519,1
300061,20260519,1
300064,20260519,1
300065,20260519,1
300066,20260519,1
300069,20260519,1
300070,20260519,1
300073,20260519,1
300076,20260519,1
300079,20260519,1
300082,20260519,1
300083,20260519,1
300084,20260519,1
300085,20260519,1
300088,20260519,1
300089,20260519,1
300092,20260519,1
300095,20260519,1
300098,20260519,1
300099,20260519,1
300102,20260519,1
300105,20260519,1
300108,20260519,1
300111,20260519,1
300114,20260519,1
300115,20260519,1
300116,20260519,1
300117,20260519,1
300120,20260519,1
300123,20260519,1
300124,20260519,1
300125,20260519,1
300126,20260519,1
300127,20260519,1
300130,20260519,1
300137,20260519,1
300141,20260519,1
300145,20260519,1
300149,20260519,1
300153,20260519,1
300157,20260519,1
300161,20260519,1
300165,20260519,1
300169,20260519,1
300173,20260519,1
300177,20260519,1
300181,20260519,1
300185,20260519,1
300189,20260519,1
300193,20260519,1
300197,20260519,1
300201,20260519,1
300203,20260519,1
300207,20260519,1
300211,20260519,1
300215,20260519,1
300219,20260519,1
300223,20260519,1
300225,20260519,1
300227,20260519,1
300229,20260519,1
300233,20260519,1
300237,20260519,1
300241,20260519,1
300245,20260519,1
300249,20260519,1
300253,20260519,1
300257,20260519,1
300261,20260519,1
299773,20260520,1
299776,20260520,1
299779,20260520,1
299782,20260520,1
299785,20260520,1
299787,20260520,1
299790,20260520,1
299793,20260520,1
299796,20260520,1
299799,20260520,1
299802,20260520,1
299805,20260520,1
299808,20260520,1
299811,20260520,1
299814,20260520,1
299817,20260520,1
299820,20260520,1
299823,20260520,1
299826,20260520,1
299829,20260520,1
299832,20260520,1
299835,20260520,1
299838,20260520,1
299841,20260520,1
299844,20260520,1
299847,20260520,1
299850,20260520,1
299853,20260520,1
299856,20260520,1
299859,20260520,1
299862,20260520,1
299863,20260520,1
299864,20260520,1
299867,20260520,1
299870,20260520,1
299873,20260520,1
299876,20260520,1
299879,20260520,1
299882,20260520,1
299885,20260520,1
299888,20260520,1
299889,20260520,1
299890,20260520,1
299891,20260520,1
299897,20260520,1
299900,20260520,1
299901,20260520,1
299902,20260520,1
299903,20260520,1
299905,20260520,1
299908,20260520,1
299911,20260520,1
299914,20260520,1
299917,20260520,1
299920,20260520,1
299923,20260520,1
299926,20260520,1
299929,20260520,1
299932,20260520,1
299934,20260520,1
299937,20260520,1
299938,20260520,1
299941,20260520,1
299946,20260520,1
299949,20260520,1
299953,20260520,1
299956,20260520,1
299959,20260520,1
299962,20260520,1
299965,20260520,1
299969,20260520,1
299972,20260520,1
299975,20260520,1
299978,20260520,1
299981,20260520,1
299984,20260520,1
299987,20260520,1
299990,20260520,1
299993,20260520,1
299996,20260520,1
299999,20260520,1
300002,20260520,1
300005,20260520,1
300008,20260520,1
300009,20260520,1
300012,20260520,1
300015,20260520,1
300018,20260520,1
300021,20260520,1
300024,20260520,1
300027,20260520,1
300030,20260520,1
300033,20260520,1
300036,20260520,1
300039,20260520,1
300042,20260520,1
300043,20260520,1
300046,20260520,1
300049,20260520,1
300050,20260520,1
300051,20260520,1
300052,20260520,1
300055,20260520,1
300058,20260520,1
300061,20260520,1
300064,20260520,1
300065,20260520,1
300066,20260520,1
300069,20260520,1
300070,20260520,1
300073,20260520,1
300076,20260520,1
300079,20260520,1
300082,20260520,1
300083,20260520,1
300084,20260520,1
300085,20260520,1
300088,20260520,1
300089,20260520,1
300092,20260520,1
300095,20260520,1
300098,20260520,1
300099,20260520,1
300102,20260520,1
300105,20260520,1
300108,20260520,1
300111,20260520,1
300114,20260520,1
300115,20260520,1
300116,20260520,1
300117,20260520,1
300120,20260520,1
300123,20260520,1
300124,20260520,1
300125,20260520,1
300126,20260520,1
300127,20260520,1
300130,20260520,1
300137,20260520,1
300141,20260520,1
300145,20260520,1
300149,20260520,1
300153,20260520,1
300157,20260520,1
300161,20260520,1
300165,20260520,1
300169,20260520,1
300173,20260520,1
300177,20260520,1
300181,20260520,1
300185,20260520,1
300189,20260520,1
300193,20260520,1
300197,20260520,1
300201,20260520,1
300203,20260520,1
300207,20260520,1
300211,20260520,1
300215,20260520,1
300219,20260520,1
300223,20260520,1
300225,20260520,1
300227,20260520,1
300229,20260520,1
300233,20260520,1
300237,20260520,1
300241,20260520,1
300245,20260520,1
300249,20260520,1
300253,20260520,1
300257,20260520,1
300261,20260520,1
299773,20260521,1
299776,20260521,1
299779,20260521,1
299782,20260521,1
299785,20260521,1
299787,20260521,1
299790,20260521,1
299793,20260521,1
299796,20260521,1
299799,20260521,1
299802,20260521,1
299805,20260521,1
299808,20260521,1
299811,20260521,1
299814,20260521,1
299817,20260521,1
299820,20260521,1
299823,20260521,1
299826,20260521,1
299829,20260521,1
299832,20260521,1
299835,20260521,1
299838,20260521,1
299841,20260521,1
299844,20260521,1
299847,20260521,1
299850,20260521,1
299853,20260521,1
299856,20260521,1
299859,20260521,1
299862,20260521,1
299863,20260521,1
299864,20260521,1
299867,20260521,1
299870,20260521,1
299873,20260521,1
299876,20260521,1
299879,20260521,1
299882,20260521,1
299885,20260521,1
299888,20260521,1
299889,20260521,1
299890,20260521,1
299891,20260521,1
299897,20260521,1
299900,20260521,1
299901,20260521,1
299902,20260521,1
299903,20260521,1
299905,20260521,1
299908,20260521,1
299911,20260521,1
299914,20260521,1
299917,20260521,1
299920,20260521,1
299923,20260521,1
299926,20260521,1
299929,20260521,1
299932,20260521,1
299934,20260521,1
299937,20260521,1
299938,20260521,1
299941,20260521,1
299946,20260521,1
299949,20260521,1
299953,20260521,1
299956,20260521,1
299959,20260521,1
299962,20260521,1
299965,20260521,1
299969,20260521,1
299972,20260521,1
299975,20260521,1
299978,20260521,1
299981,20260521,1
299984,20260521,1
299987,20260521,1
299990,20260521,1
299993,20260521,1
299996,20260521,1
299999,20260521,1
300002,20260521,1
300005,20260521,1
300008,20260521,1
300009,20260521,1
300012,20260521,1
300015,20260521,1
300018,20260521,1
300021,20260521,1
300024,20260521,1
300027,20260521,1
300030,20260521,1
300033,20260521,1
300036,20260521,1
300039,20260521,1
300042,20260521,1
300043,20260521,1
300046,20260521,1
300049,20260521,1
300050,20260521,1
300051,20260521,1
300052,20260521,1
300055,20260521,1
300058,20260521,1
300061,20260521,1
300064,20260521,1
300065,20260521,1
300066,20260521,1
300069,20260521,1
300070,20260521,1
300073,20260521,1
300076,20260521,1
300079,20260521,1
300082,20260521,1
300083,20260521,1
300084,20260521,1
300085,20260521,1
300088,20260521,1
300089,20260521,1
300092,20260521,1
300095,20260521,1
300098,20260521,1
300099,20260521,1
300102,20260521,1
300105,20260521,1
300108,20260521,1
300111,20260521,1
300114,20260521,1
300115,20260521,1
300116,20260521,1
300117,20260521,1
300120,20260521,1
300123,20260521,1
300124,20260521,1
300125,20260521,1
300126,20260521,1
300127,20260521,1
300130,20260521,1
300137,20260521,1
300141,20260521,1
300145,20260521,1
300149,20260521,1
300153,20260521,1
300157,20260521,1
300161,20260521,1
300165,20260521,1
300169,20260521,1
300173,20260521,1
300177,20260521,1
300181,20260521,1
300185,20260521,1
300189,20260521,1
300193,20260521,1
300197,20260521,1
300201,20260521,1
300203,20260521,1
300207,20260521,1
300211,20260521,1
300215,20260521,1
300219,20260521,1
300223,20260521,1
300225,20260521,1
300227,20260521,1
300229,20260521,1
300233,20260521,1
300237,20260521,1
300241,20260521,1
300245,20260521,1
300249,20260521,1
300253,20260521,1
300257,20260521,1
300261,20260521,1
299773,20260522,1
299776,20260522,1
299779,20260522,1
299782,20260522,1
299785,20260522,1
299787,20260522,1
299790,20260522,1
299793,20260522,1
299796,20260522,1
299799,20260522,1
299802,20260522,1
299805,20260522,1
299808,20260522,1
299811,20260522,1
299814,20260522,1
299817,20260522,1
299820,20260522,1
299823,20260522,1
299826,20260522,1
299829,20260522,1
299832,20260522,1
299835,20260522,1
299838,20260522,1
299841,20260522,1
299844,20260522,1
299847,20260522,1
299850,20260522,1
299853,20260522,1
299856,20260522,1
299859,20260522,1
299862,20260522,1
299863,20260522,1
299864,20260522,1
299867,20260522,1
299870,20260522,1
299873,20260522,1
299876,20260522,1
299879,20260522,1
299882,20260522,1
299885,20260522,1
299888,20260522,1
299889,20260522,1
299890,20260522,1
299891,20260522,1
299897,20260522,1
299900,20260522,1
299901,20260522,1
299902,20260522,1
299903,20260522,1
299905,20260522,1
299908,20260522,1
299911,20260522,1
299914,20260522,1
299917,20260522,1
299920,20260522,1
299923,20260522,1
299926,20260522,1
299929,20260522,1
299932,20260522,1
299934,20260522,1
299937,20260522,1
299938,20260522,1
299941,20260522,1
299946,20260522,1
299949,20260522,1
299953,20260522,1
299956,20260522,1
299959,20260522,1
299962,20260522,1
299965,20260522,1
299969,20260522,1
299972,20260522,1
299975,20260522,1
299978,20260522,1
299981,20260522,1
299984,20260522,1
299987,20260522,1
299990,20260522,1
299993,20260522,1
299996,20260522,1
299999,20260522,1
300002,20260522,1
300005,20260522,1
300008,20260522,1
300009,20260522,1
300012,20260522,1
300015,20260522,1
300018,20260522,1
300021,20260522,1
300024,20260522,1
300027,20260522,1
300030,20260522,1
300033,20260522,1
300036,20260522,1
300039,20260522,1
300042,20260522,1
300043,20260522,1
300046,20260522,1
300049,20260522,1
300050,20260522,1
300051,20260522,1
300052,20260522,1
300055,20260522,1
300058,20260522,1
300061,20260522,1
300064,20260522,1
300065,20260522,1
300066,20260522,1
300069,20260522,1
300070,20260522,1
300073,20260522,1
300076,20260522,1
300079,20260522,1
300082,20260522,1
300083,20260522,1
300084,20260522,1
300085,20260522,1
300088,20260522,1
300089,20260522,1
300092,20260522,1
300095,20260522,1
300098,20260522,1
300099,20260522,1
300102,20260522,1
300105,20260522,1
300108,20260522,1
300111,20260522,1
300114,20260522,1
300115,20260522,1
300116,20260522,1
300117,20260522,1
300120,20260522,1
300123,20260522,1
300124,20260522,1
300125,20260522,1
300126,20260522,1
300127,20260522,1
300130,20260522,1
300136,20260522,1
300140,20260522,1
300144,20260522,1
300148,20260522,1
300152,20260522,1
300156,20260522,1
300160,20260522,1
300164,20260522,1
300168,20260522,1
300172,20260522,1
300176,20260522,1
300180,20260522,1
300184,20260522,1
300188,20260522,1
300192,20260522,1
300196,20260522,1
300200,20260522,1
300202,20260522,1
300206,20260522,1
300210,20260522,1
300214,20260522,1
300218,20260522,1
300222,20260522,1
300224,20260522,1
300226,20260522,1
300228,20260522,1
300232,20260522,1
300236,20260522,1
300240,20260522,1
300244,20260522,1
300248,20260522,1
300252,20260522,1
300256,20260522,1
300260,20260522,1
299772,20260523,1
299775,20260523,1
299778,20260523,1
299781,20260523,1
299784,20260523,1
299786,20260523,1
299789,20260523,1
299792,20260523,1
299795,20260523,1
299798,20260523,1
299801,20260523,1
299804,20260523,1
299807,20260523,1
299810,20260523,1
299813,20260523,1
299816,20260523,1
299819,20260523,1
299822,20260523,1
299825,20260523,1
299828,20260523,1
299831,20260523,1
299834,20260523,1
299837,20260523,1
299840,20260523,1
299843,20260523,1
299846,20260523,1
299849,20260523,1
299852,20260523,1
299855,20260523,1
299858,20260523,1
299861,20260523,1
299866,20260523,1
299869,20260523,1
299872,20260523,1
299875,20260523,1
299878,20260523,1
299881,20260523,1
299884,20260523,1
299887,20260523,1
299896,20260523,1
299899,20260523,1
299904,20260523,1
299907,20260523,1
299910,20260523,1
299913,20260523,1
299916,20260523,1
299919,20260523,1
299922,20260523,1
299925,20260523,1
299928,20260523,1
299931,20260523,1
299933,20260523,1
299936,20260523,1
299940,20260523,1
299943,20260523,1
299945,20260523,1
299948,20260523,1
299952,20260523,1
299955,20260523,1
299958,20260523,1
299961,20260523,1
299964,20260523,1
299968,20260523,1
299971,20260523,1
299974,20260523,1
299977,20260523,1
299980,20260523,1
299983,20260523,1
299986,20260523,1
299989,20260523,1
299992,20260523,1
299995,20260523,1
299998,20260523,1
300001,20260523,1
300004,20260523,1
300007,20260523,1
300011,20260523,1
300014,20260523,1
300017,20260523,1
300020,20260523,1
300023,20260523,1
300026,20260523,1
300029,20260523,1
300032,20260523,1
300035,20260523,1
300038,20260523,1
300041,20260523,1
300045,20260523,1
300048,20260523,1
300054,20260523,1
300057,20260523,1
300060,20260523,1
300063,20260523,1
300068,20260523,1
300072,20260523,1
300075,20260523,1
300078,20260523,1
300081,20260523,1
300087,20260523,1
300091,20260523,1
300094,20260523,1
300097,20260523,1
300101,20260523,1
300104,20260523,1
300107,20260523,1
300110,20260523,1
300113,20260523,1
300119,20260523,1
300122,20260523,1
300129,20260523,1
300139,20260523,1
300143,20260523,1
300147,20260523,1
300151,20260523,1
300155,20260523,1
300159,20260523,1
300163,20260523,1
300167,20260523,1
300171,20260523,1
300175,20260523,1
300179,20260523,1
300183,20260523,1
300187,20260523,1
300191,20260523,1
300195,20260523,1
300199,20260523,1
300205,20260523,1
300209,20260523,1
300213,20260523,1
300217,20260523,1
300221,20260523,1
300231,20260523,1
300235,20260523,1
300239,20260523,1
300243,20260523,1
300247,20260523,1
300251,20260523,1
300255,20260523,1
300259,20260523,1
299771,20260524,1
299774,20260524,1
299777,20260524,1
299780,20260524,1
299783,20260524,1
299788,20260524,1
299791,20260524,1
299794,20260524,1
299797,20260524,1
299800,20260524,1
299803,20260524,1
299806,20260524,1
299809,20260524,1
299812,20260524,1
299815,20260524,1
299818,20260524,1
299821,20260524,1
299824,20260524,1
299827,20260524,1
299830,20260524,1
299833,20260524,1
299836,20260524,1
299839,20260524,1
299842,20260524,1
299845,20260524,1
299848,20260524,1
299851,20260524,1
299854,20260524,1
299857,20260524,1
299860,20260524,1
299865,20260524,1
299868,20260524,1
299871,20260524,1
299874,20260524,1
299877,20260524,1
299880,20260524,1
299883,20260524,1
299886,20260524,1
299895,20260524,1
299898,20260524,1
299906,20260524,1
299909,20260524,1
299912,20260524,1
299915,20260524,1
299918,20260524,1
299921,20260524,1
299924,20260524,1
299927,20260524,1
299930,20260524,1
299935,20260524,1
299939,20260524,1
299942,20260524,1
299944,20260524,1
299947,20260524,1
299951,20260524,1
299954,20260524,1
299957,20260524,1
299960,20260524,1
299963,20260524,1
299967,20260524,1
299970,20260524,1
299973,20260524,1
299976,20260524,1
299979,20260524,1
299982,20260524,1
299985,20260524,1
299988,20260524,1
299991,20260524,1
299994,20260524,1
299997,20260524,1
300000,20260524,1
300003,20260524,1
300006,20260524,1
300010,20260524,1
300013,20260524,1
300016,20260524,1
300019,20260524,1
300022,20260524,1
300025,20260524,1
300028,20260524,1
300031,20260524,1
300034,20260524,1
300037,20260524,1
300040,20260524,1
300044,20260524,1
300047,20260524,1
300053,20260524,1
300056,20260524,1
300059,20260524,1
300062,20260524,1
300067,20260524,1
300071,20260524,1
300074,20260524,1
300077,20260524,1
300080,20260524,1
300086,20260524,1
300090,20260524,1
300093,20260524,1
300096,20260524,1
300100,20260524,1
300103,20260524,1
300106,20260524,1
300109,20260524,1
300112,20260524,1
300118,20260524,1
300121,20260524,1
300128,20260524,1
300138,20260524,1
300142,20260524,1
300146,20260524,1
300150,20260524,1
300154,20260524,1
300158,20260524,1
300162,20260524,1
300166,20260524,1
300170,20260524,1
300174,20260524,1
300178,20260524,1
300182,20260524,1
300186,20260524,1
300190,20260524,1
300194,20260524,1
300198,20260524,1
300204,20260524,1
300208,20260524,1
300212,20260524,1
300216,20260524,1
300220,20260524,1
300230,20260524,1
300234,20260524,1
300238,20260524,1
300242,20260524,1
300246,20260524,1
300250,20260524,1
300254,20260524,1
300258,20260524,1
299773,20260525,1
299776,20260525,1
299779,20260525,1
299782,20260525,1
299785,20260525,1
299787,20260525,1
299790,20260525,1
299793,20260525,1
299796,20260525,1
299799,20260525,1
299802,20260525,1
299805,20260525,1
299808,20260525,1
299811,20260525,1
299814,20260525,1
299817,20260525,1
299820,20260525,1
299823,20260525,1
299826,20260525,1
299829,20260525,1
299832,20260525,1
299835,20260525,1
299838,20260525,1
299841,20260525,1
299844,20260525,1
299847,20260525,1
299850,20260525,1
299853,20260525,1
299856,20260525,1
299859,20260525,1
299862,20260525,1
299863,20260525,1
299864,20260525,1
299867,20260525,1
299870,20260525,1
299873,20260525,1
299876,20260525,1
299879,20260525,1
299882,20260525,1
299885,20260525,1
299888,20260525,1
299889,20260525,1
299890,20260525,1
299891,20260525,1
299897,20260525,1
299900,20260525,1
299901,20260525,1
299902,20260525,1
299903,20260525,1
299905,20260525,1
299908,20260525,1
299911,20260525,1
299914,20260525,1
299917,20260525,1
299920,20260525,1
299923,20260525,1
299926,20260525,1
299929,20260525,1
299932,20260525,1
299934,20260525,1
299937,20260525,1
299938,20260525,1
299941,20260525,1
299946,20260525,1
299949,20260525,1
299953,20260525,1
299956,20260525,1
299959,20260525,1
299962,20260525,1
299965,20260525,1
299969,20260525,1
299972,20260525,1
299975,20260525,1
299978,20260525,1
299981,20260525,1
299984,20260525,1
299987,20260525,1
299990,20260525,1
299993,20260525,1
299996,20260525,1
299999,20260525,1
300002,20260525,1
300005,20260525,1
300008,20260525,1
300009,20260525,1
300012,20260525,1
300015,20260525,1
300018,20260525,1
300021,20260525,1
300024,20260525,1
300027,20260525,1
300030,20260525,1
300033,20260525,1
300036,20260525,1
300039,20260525,1
300042,20260525,1
300043,20260525,1
300046,20260525,1
300049,20260525,1
300050,20260525,1
300051,20260525,1
300052,20260525,1
300055,20260525,1
300058,20260525,1
300061,20260525,1
300064,20260525,1
300065,20260525,1
300066,20260525,1
300069,20260525,1
300070,20260525,1
300073,20260525,1
300076,20260525,1
300079,20260525,1
300082,20260525,1
300083,20260525,1
300084,20260525,1
300085,20260525,1
300088,20260525,1
300089,20260525,1
300092,20260525,1
300095,20260525,1
300098,20260525,1
300099,20260525,1
300102,20260525,1
300105,20260525,1
300108,20260525,1
300111,20260525,1
300114,20260525,1
300115,20260525,1
300116,20260525,1
300117,20260525,1
300120,20260525,1
300123,20260525,1
300124,20260525,1
300125,20260525,1
300126,20260525,1
300127,20260525,1
300130,20260525,1
300137,20260525,1
300141,20260525,1
300145,20260525,1
300149,20260525,1
300153,20260525,1
300157,20260525,1
300161,20260525,1
300165,20260525,1
300169,20260525,1
300173,20260525,1
300177,20260525,1
300181,20260525,1
300185,20260525,1
300189,20260525,1
300193,20260525,1
300197,20260525,1
300201,20260525,1
300203,20260525,1
300207,20260525,1
300211,20260525,1
300215,20260525,1
300219,20260525,1
300223,20260525,1
300225,20260525,1
300227,20260525,1
300229,20260525,1
300233,20260525,1
300237,20260525,1
300241,20260525,1
300245,20260525,1
300249,20260525,1
300253,20260525,1
300257,20260525,1
300261,20260525,1
299773,20260526,1
299776,20260526,1
299779,20260526,1
299782,20260526,1
299785,20260526,1
299787,20260526,1
299790,20260526,1
299793,20260526,1
299796,20260526,1
299799,20260526,1
299802,20260526,1
299805,20260526,1
299808,20260526,1
299811,20260526,1
299814,20260526,1
299817,20260526,1
299820,20260526,1
299823,20260526,1
299826,20260526,1
299829,20260526,1
299832,20260526,1
299835,20260526,1
299838,20260526,1
299841,20260526,1
299844,20260526,1
299847,20260526,1
299850,20260526,1
299853,20260526,1
299856,20260526,1
299859,20260526,1
299862,20260526,1
299863,20260526,1
299864,20260526,1
299867,20260526,1
299870,20260526,1
299873,20260526,1
299876,20260526,1
299879,20260526,1
299882,20260526,1
299885,20260526,1
299888,20260526,1
299889,20260526,1
299890,20260526,1
299891,20260526,1
299897,20260526,1
299900,20260526,1
299901,20260526,1
299902,20260526,1
299903,20260526,1
299905,20260526,1
299908,20260526,1
299911,20260526,1
299914,20260526,1
299917,20260526,1
299920,20260526,1
299923,20260526,1
299926,20260526,1
299929,20260526,1
299932,20260526,1
299934,20260526,1
299937,20260526,1
299938,20260526,1
299941,20260526,1
299946,20260526,1
299949,20260526,1
299953,20260526,1
299956,20260526,1
299959,20260526,1
299962,20260526,1
299965,20260526,1
299969,20260526,1
299972,20260526,1
299975,20260526,1
299978,20260526,1
299981,20260526,1
299984,20260526,1
299987,20260526,1
299990,20260526,1
299993,20260526,1
299996,20260526,1
299999,20260526,1
300002,20260526,1
300005,20260526,1
300008,20260526,1
300009,20260526,1
300012,20260526,1
300015,20260526,1
300018,20260526,1
300021,20260526,1
300024,20260526,1
300027,20260526,1
300030,20260526,1
300033,20260526,1
300036,20260526,1
300039,20260526,1
300042,20260526,1
300043,20260526,1
300046,20260526,1
300049,20260526,1
300050,20260526,1
300051,20260526,1
300052,20260526,1
300055,20260526,1
300058,20260526,1
300061,20260526,1
300064,20260526,1
300065,20260526,1
300066,20260526,1
300069,20260526,1
300070,20260526,1
300073,20260526,1
300076,20260526,1
300079,20260526,1
300082,20260526,1
300083,20260526,1
300084,20260526,1
300085,20260526,1
300088,20260526,1
300089,20260526,1
300092,20260526,1
300095,20260526,1
300098,20260526,1
300099,20260526,1
300102,20260526,1
300105,20260526,1
300108,20260526,1
300111,20260526,1
300114,20260526,1
300115,20260526,1
300116,20260526,1
300117,20260526,1
300120,20260526,1
300123,20260526,1
300124,20260526,1
300125,20260526,1
300126,20260526,1
300127,20260526,1
300130,20260526,1
300137,20260526,1
300141,20260526,1
300145,20260526,1
300149,20260526,1
300153,20260526,1
300157,20260526,1
300161,20260526,1
300165,20260526,1
300169,20260526,1
300173,20260526,1
300177,20260526,1
300181,20260526,1
300185,20260526,1
300189,20260526,1
300193,20260526,1
300197,20260526,1
300201,20260526,1
300203,20260526,1
300207,20260526,1
300211,20260526,1
300215,20260526,1
300219,20260526,1
300223,20260526,1
300225,20260526,1
300227,20260526,1
300229,20260526,1
300233,20260526,1
300237,20260526,1
300241,20260526,1
300245,20260526,1
300249,20260526,1
300253,20260526,1
300257,20260526,1
300261,20260526,1
299773,20260527,1
299776,20260527,1
299779,20260527,1
299782,20260527,1
299785,20260527,1
299787,20260527,1
299790,20260527,1
299793,20260527,1
299796,20260527,1
299799,20260527,1
299802,20260527,1
299805,20260527,1
299808,20260527,1
299811,20260527,1
299814,20260527,1
299817,20260527,1
299820,20260527,1
299823,20260527,1
299826,20260527,1
299829,20260527,1
299832,20260527,1
299835,20260527,1
299838,20260527,1
299841,20260527,1
299844,20260527,1
299847,20260527,1
299850,20260527,1
299853,20260527,1
299856,20260527,1
299859,20260527,1
299862,20260527,1
299863,20260527,1
299864,20260527,1
299867,20260527,1
299870,20260527,1
299873,20260527,1
299876,20260527,1
299879,20260527,1
299882,20260527,1
299885,20260527,1
299888,20260527,1
299889,20260527,1
299890,20260527,1
299891,20260527,1
299897,20260527,1
299900,20260527,1
299901,20260527,1
299902,20260527,1
299903,20260527,1
299905,20260527,1
299908,20260527,1
299911,20260527,1
299914,20260527,1
299917,20260527,1
299920,20260527,1
299923,20260527,1
299926,20260527,1
299929,20260527,1
299932,20260527,1
299934,20260527,1
299937,20260527,1
299938,20260527,1
299941,20260527,1
299946,20260527,1
299949,20260527,1
299953,20260527,1
299956,20260527,1
299959,20260527,1
299962,20260527,1
299965,20260527,1
299969,20260527,1
299972,20260527,1
299975,20260527,1
299978,20260527,1
299981,20260527,1
299984,20260527,1
299987,20260527,1
299990,20260527,1
299993,20260527,1
299996,20260527,1
299999,20260527,1
300002,20260527,1
300005,20260527,1
300008,20260527,1
300009,20260527,1
300012,20260527,1
300015,20260527,1
300018,20260527,1
300021,20260527,1
300024,20260527,1
300027,20260527,1
300030,20260527,1
300033,20260527,1
300036,20260527,1
300039,20260527,1
300042,20260527,1
300043,20260527,1
300046,20260527,1
300049,20260527,1
300050,20260527,1
300051,20260527,1
300052,20260527,1
300055,20260527,1
300058,20260527,1
300061,20260527,1
300064,20260527,1
300065,20260527,1
300066,20260527,1
300069,20260527,1
300070,20260527,1
300073,20260527,1
300076,20260527,1
300079,20260527,1
300082,20260527,1
300083,20260527,1
300084,20260527,1
300085,20260527,1
300088,20260527,1
300089,20260527,1
300092,20260527,1
300095,20260527,1
300098,20260527,1
300099,20260527,1
300102,20260527,1
300105,20260527,1
300108,20260527,1
300111,20260527,1
300114,20260527,1
300115,20260527,1
300116,20260527,1
300117,20260527,1
300120,20260527,1
300123,20260527,1
300124,20260527,1
300125,20260527,1
300126,20260527,1
300127,20260527,1
300130,20260527,1
300137,20260527,1
300141,20260527,1
300145,20260527,1
300149,20260527,1
300153,20260527,1
300157,20260527,1
300161,20260527,1
300165,20260527,1
300169,20260527,1
300173,20260527,1
300177,20260527,1
300181,20260527,1
300185,20260527,1
300189,20260527,1
300193,20260527,1
300197,20260527,1
300201,20260527,1
300203,20260527,1
300207,20260527,1
300211,20260527,1
300215,20260527,1
300219,20260527,1
300223,20260527,1
300225,20260527,1
300227,20260527,1
300229,20260527,1
300233,20260527,1
300237,20260527,1
300241,20260527,1
300245,20260527,1
300249,20260527,1
300253,20260527,1
300257,20260527,1
300261,20260527,1
299773,20260528,1
299776,20260528,1
299779,20260528,1
299782,20260528,1
299785,20260528,1
299787,20260528,1
299790,20260528,1
299793,20260528,1
299796,20260528,1
299799,20260528,1
299802,20260528,1
299805,20260528,1
299808,20260528,1
299811,20260528,1
299814,20260528,1
299817,20260528,1
299820,20260528,1
299823,20260528,1
299826,20260528,1
299829,20260528,1
299832,20260528,1
299835,20260528,1
299838,20260528,1
299841,20260528,1
299844,20260528,1
299847,20260528,1
299850,20260528,1
299853,20260528,1
299856,20260528,1
299859,20260528,1
299862,20260528,1
299863,20260528,1
299864,20260528,1
299867,20260528,1
299870,20260528,1
299873,20260528,1
299876,20260528,1
299879,20260528,1
299882,20260528,1
299885,20260528,1
299888,20260528,1
299889,20260528,1
299890,20260528,1
299891,20260528,1
299897,20260528,1
299900,20260528,1
299901,20260528,1
299902,20260528,1
299903,20260528,1
299905,20260528,1
299908,20260528,1
299911,20260528,1
299914,20260528,1
299917,20260528,1
299920,20260528,1
299923,20260528,1
299926,20260528,1
299929,20260528,1
299932,20260528,1
299934,20260528,1
299937,20260528,1
299938,20260528,1
299941,20260528,1
299946,20260528,1
299949,20260528,1
299953,20260528,1
299956,20260528,1
299959,20260528,1
299962,20260528,1
299965,20260528,1
299969,20260528,1
299972,20260528,1
299975,20260528,1
299978,20260528,1
299981,20260528,1
299984,20260528,1
299987,20260528,1
299990,20260528,1
299993,20260528,1
299996,20260528,1
299999,20260528,1
300002,20260528,1
300005,20260528,1
300008,20260528,1
300009,20260528,1
300012,20260528,1
300015,20260528,1
300018,20260528,1
300021,20260528,1
300024,20260528,1
300027,20260528,1
300030,20260528,1
300033,20260528,1
300036,20260528,1
300039,20260528,1
300042,20260528,1
300043,20260528,1
300046,20260528,1
300049,20260528,1
300050,20260528,1
300051,20260528,1
300052,20260528,1
300055,20260528,1
300058,20260528,1
300061,20260528,1
300064,20260528,1
300065,20260528,1
300066,20260528,1
300069,20260528,1
300070,20260528,1
300073,20260528,1
300076,20260528,1
300079,20260528,1
300082,20260528,1
300083,20260528,1
300084,20260528,1
300085,20260528,1
300088,20260528,1
300089,20260528,1
300092,20260528,1
300095,20260528,1
300098,20260528,1
300099,20260528,1
300102,20260528,1
300105,20260528,1
300108,20260528,1
300111,20260528,1
300114,20260528,1
300115,20260528,1
300116,20260528,1
300117,20260528,1
300120,20260528,1
300123,20260528,1
300124,20260528,1
300125,20260528,1
300126,20260528,1
300127,20260528,1
300130,20260528,1
300137,20260528,1
300141,20260528,1
300145,20260528,1
300149,20260528,1
300153,20260528,1
300157,20260528,1
300161,20260528,1
300165,20260528,1
300169,20260528,1
300173,20260528,1
300177,20260528,1
300181,20260528,1
300185,20260528,1
300189,20260528,1
300193,20260528,1
300197,20260528,1
300201,20260528,1
300203,20260528,1
300207,20260528,1
300211,20260528,1
300215,20260528,1
300219,20260528,1
300223,20260528,1
300225,20260528,1
300227,20260528,1
300229,20260528,1
300233,20260528,1
300237,20260528,1
300241,20260528,1
300245,20260528,1
300249,20260528,1
300253,20260528,1
300257,20260528,1
300261,20260528,1
299773,20260529,1
299776,20260529,1
299779,20260529,1
299782,20260529,1
299785,20260529,1
299787,20260529,1
299790,20260529,1
299793,20260529,1
299796,20260529,1
299799,20260529,1
299802,20260529,1
299805,20260529,1
299808,20260529,1
299811,20260529,1
299814,20260529,1
299817,20260529,1
299820,20260529,1
299823,20260529,1
299826,20260529,1
299829,20260529,1
299832,20260529,1
299835,20260529,1
299838,20260529,1
299841,20260529,1
299844,20260529,1
299847,20260529,1
299850,20260529,1
299853,20260529,1
299856,20260529,1
299859,20260529,1
299862,20260529,1
299863,20260529,1
299864,20260529,1
299867,20260529,1
299870,20260529,1
299873,20260529,1
299876,20260529,1
299879,20260529,1
299882,20260529,1
299885,20260529,1
299888,20260529,1
299889,20260529,1
299890,20260529,1
299891,20260529,1
299897,20260529,1
299900,20260529,1
299901,20260529,1
299902,20260529,1
299903,20260529,1
299905,20260529,1
299908,20260529,1
299911,20260529,1
299914,20260529,1
299917,20260529,1
299920,20260529,1
299923,20260529,1
299926,20260529,1
299929,20260529,1
299932,20260529,1
299934,20260529,1
299937,20260529,1
299938,20260529,1
299941,20260529,1
299946,20260529,1
299949,20260529,1
299953,20260529,1
299956,20260529,1
299959,20260529,1
299962,20260529,1
299965,20260529,1
299969,20260529,1
299972,20260529,1
299975,20260529,1
299978,20260529,1
299981,20260529,1
299984,20260529,1
299987,20260529,1
299990,20260529,1
299993,20260529,1
299996,20260529,1
299999,20260529,1
300002,20260529,1
300005,20260529,1
300008,20260529,1
300009,20260529,1
300012,20260529,1
300015,20260529,1
300018,20260529,1
300021,20260529,1
300024,20260529,1
300027,20260529,1
300030,20260529,1
300033,20260529,1
300036,20260529,1
300039,20260529,1
300042,20260529,1
300043,20260529,1
300046,20260529,1
300049,20260529,1
300050,20260529,1
300051,20260529,1
300052,20260529,1
300055,20260529,1
300058,20260529,1
300061,20260529,1
300064,20260529,1
300065,20260529,1
300066,20260529,1
300069,20260529,1
300070,20260529,1
300073,20260529,1
300076,20260529,1
300079,20260529,1
300082,20260529,1
300083,20260529,1
300084,20260529,1
300085,20260529,1
300088,20260529,1
300089,20260529,1
300092,20260529,1
300095,20260529,1
300098,20260529,1
300099,20260529,1
300102,20260529,1
300105,20260529,1
300108,20260529,1
300111,20260529,1
300114,20260529,1
300115,20260529,1
300116,20260529,1
300117,20260529,1
300120,20260529,1
300123,20260529,1
300124,20260529,1
300125,20260529,1
300126,20260529,1
300127,20260529,1
300130,20260529,1
300136,20260529,1
300140,20260529,1
300144,20260529,1
300148,20260529,1
300152,20260529,1
300156,20260529,1
300160,20260529,1
300164,20260529,1
300168,20260529,1
300172,20260529,1
300176,20260529,1
300180,20260529,1
300184,20260529,1
300188,20260529,1
300192,20260529,1
300196,20260529,1
300200,20260529,1
300202,20260529,1
300206,20260529,1
300210,20260529,1
300214,20260529,1
300218,20260529,1
300222,20260529,1
300224,20260529,1
300226,20260529,1
300228,20260529,1
300232,20260529,1
300236,20260529,1
300240,20260529,1
300244,20260529,1
300248,20260529,1
300252,20260529,1
300256,20260529,1
300260,20260529,1
299771,20260530,1
299774,20260530,1
299777,20260530,1
299780,20260530,1
299783,20260530,1
299788,20260530,1
299791,20260530,1
299794,20260530,1
299797,20260530,1
299800,20260530,1
299803,20260530,1
299806,20260530,1
299809,20260530,1
299812,20260530,1
299815,20260530,1
299818,20260530,1
299821,20260530,1
299824,20260530,1
299827,20260530,1
299830,20260530,1
299833,20260530,1
299836,20260530,1
299839,20260530,1
299842,20260530,1
299845,20260530,1
299848,20260530,1
299851,20260530,1
299854,20260530,1
299857,20260530,1
299860,20260530,1
299865,20260530,1
299868,20260530,1
299871,20260530,1
299874,20260530,1
299877,20260530,1
299880,20260530,1
299883,20260530,1
299886,20260530,1
299895,20260530,1
299898,20260530,1
299906,20260530,1
299909,20260530,1
299912,20260530,1
299915,20260530,1
299918,20260530,1
299921,20260530,1
299924,20260530,1
299927,20260530,1
299930,20260530,1
299935,20260530,1
299939,20260530,1
299942,20260530,1
299944,20260530,1
299947,20260530,1
299951,20260530,1
299954,20260530,1
299957,20260530,1
299960,20260530,1
299963,20260530,1
299967,20260530,1
299970,20260530,1
299973,20260530,1
299976,20260530,1
299979,20260530,1
299982,20260530,1
299985,20260530,1
299988,20260530,1
299991,20260530,1
299994,20260530,1
299997,20260530,1
300000,20260530,1
300003,20260530,1
300006,20260530,1
300010,20260530,1
300013,20260530,1
300016,20260530,1
300019,20260530,1
300022,20260530,1
300025,20260530,1
300028,20260530,1
300031,20260530,1
300034,20260530,1
300037,20260530,1
300040,20260530,1
300044,20260530,1
300047,20260530,1
300053,20260530,1
300056,20260530,1
300059,20260530,1
300062,20260530,1
300067,20260530,1
300071,20260530,1
300074,20260530,1
300077,20260530,1
300080,20260530,1
300086,20260530,1
300090,20260530,1
300093,20260530,1
300096,20260530,1
300100,20260530,1
300103,20260530,1
300106,20260530,1
300109,20260530,1
300112,20260530,1
300118,20260530,1
300121,20260530,1
300128,20260530,1
300138,20260530,1
300142,20260530,1
300146,20260530,1
300150,20260530,1
300154,20260530,1
300158,20260530,1
300162,20260530,1
300166,20260530,1
300170,20260530,1
300174,20260530,1
300178,20260530,1
300182,20260530,1
300186,20260530,1
300190,20260530,1
300194,20260530,1
300198,20260530,1
300204,20260530,1
300208,20260530,1
300212,20260530,1
300216,20260530,1
300220,20260530,1
300230,20260530,1
300234,20260530,1
300238,20260530,1
300242,20260530,1
300246,20260530,1
300250,20260530,1
300254,20260530,1
300258,20260530,1
299771,20260531,1
299774,20260531,1
299777,20260531,1
299780,20260531,1
299783,20260531,1
299788,20260531,1
299791,20260531,1
299794,20260531,1
299797,20260531,1
299800,20260531,1
299803,20260531,1
299806,20260531,1
299809,20260531,1
299812,20260531,1
299815,20260531,1
299818,20260531,1
299821,20260531,1
299824,20260531,1
299827,20260531,1
299830,20260531,1
299833,20260531,1
299836,20260531,1
299839,20260531,1
299842,20260531,1
299845,20260531,1
299848,20260531,1
299851,20260531,1
299854,20260531,1
299857,20260531,1
299860,20260531,1
299865,20260531,1
299868,20260531,1
299871,20260531,1
299874,20260531,1
299877,20260531,1
299880,20260531,1
299883,20260531,1
299886,20260531,1
299895,20260531,1
299898,20260531,1
299906,20260531,1
299909,20260531,1
299912,20260531,1
299915,20260531,1
299918,20260531,1
299921,20260531,1
299924,20260531,1
299927,20260531,1
299930,20260531,1
299935,20260531,1
299939,20260531,1
299942,20260531,1
299944,20260531,1
299947,20260531,1
299951,20260531,1
299954,20260531,1
299957,20260531,1
299960,20260531,1
299963,20260531,1
299967,20260531,1
299970,20260531,1
299973,20260531,1
299976,20260531,1
299979,20260531,1
299982,20260531,1
299985,20260531,1
299988,20260531,1
299991,20260531,1
299994,20260531,1
299997,20260531,1
300000,20260531,1
300003,20260531,1
300006,20260531,1
300010,20260531,1
300013,20260531,1
300016,20260531,1
300019,20260531,1
300022,20260531,1
300025,20260531,1
300028,20260531,1
300031,20260531,1
300034,20260531,1
300037,20260531,1
300040,20260531,1
300044,20260531,1
300047,20260531,1
300053,20260531,1
300056,20260531,1
300059,20260531,1
300062,20260531,1
300067,20260531,1
300071,20260531,1
300074,20260531,1
300077,20260531,1
300080,20260531,1
300086,20260531,1
300090,20260531,1
300093,20260531,1
300096,20260531,1
300100,20260531,1
300103,20260531,1
300106,20260531,1
300109,20260531,1
300112,20260531,1
300118,20260531,1
300121,20260531,1
300128,20260531,1
300138,20260531,1
300142,20260531,1
300146,20260531,1
300150,20260531,1
300154,20260531,1
300158,20260531,1
300162,20260531,1
300166,20260531,1
300170,20260531,1
300174,20260531,1
300178,20260531,1
300182,20260531,1
300186,20260531,1
300190,20260531,1
300194,20260531,1
300198,20260531,1
300204,20260531,1
300208,20260531,1
300212,20260531,1
300216,20260531,1
300220,20260531,1
300230,20260531,1
300234,20260531,1
300238,20260531,1
300242,20260531,1
300246,20260531,1
300250,20260531,1
300254,20260531,1
300258,20260531,1
299773,20260601,1
299776,20260601,1
299779,20260601,1
299782,20260601,1
299785,20260601,1
299787,20260601,1
299790,20260601,1
299793,20260601,1
299796,20260601,1
299799,20260601,1
299802,20260601,1
299805,20260601,1
299808,20260601,1
299811,20260601,1
299814,20260601,1
299817,20260601,1
299820,20260601,1
299823,20260601,1
299826,20260601,1
299829,20260601,1
299832,20260601,1
299835,20260601,1
299838,20260601,1
299841,20260601,1
299844,20260601,1
299847,20260601,1
299850,20260601,1
299853,20260601,1
299856,20260601,1
299859,20260601,1
299862,20260601,1
299863,20260601,1
299864,20260601,1
299867,20260601,1
299870,20260601,1
299873,20260601,1
299876,20260601,1
299879,20260601,1
299882,20260601,1
299885,20260601,1
299888,20260601,1
299889,20260601,1
299890,20260601,1
299891,20260601,1
299897,20260601,1
299900,20260601,1
299901,20260601,1
299902,20260601,1
299903,20260601,1
299905,20260601,1
299908,20260601,1
299911,20260601,1
299914,20260601,1
299917,20260601,1
299920,20260601,1
299923,20260601,1
299926,20260601,1
299929,20260601,1
299932,20260601,1
299934,20260601,1
299937,20260601,1
299938,20260601,1
299941,20260601,1
299946,20260601,1
299949,20260601,1
299953,20260601,1
299956,20260601,1
299959,20260601,1
299962,20260601,1
299965,20260601,1
299969,20260601,1
299972,20260601,1
299975,20260601,1
299978,20260601,1
299981,20260601,1
299984,20260601,1
299987,20260601,1
299990,20260601,1
299993,20260601,1
299996,20260601,1
299999,20260601,1
300002,20260601,1
300005,20260601,1
300008,20260601,1
300009,20260601,1
300012,20260601,1
300015,20260601,1
300018,20260601,1
300021,20260601,1
300024,20260601,1
300027,20260601,1
300030,20260601,1
300033,20260601,1
300036,20260601,1
300039,20260601,1
300042,20260601,1
300043,20260601,1
300046,20260601,1
300049,20260601,1
300050,20260601,1
300051,20260601,1
300052,20260601,1
300055,20260601,1
300058,20260601,1
300061,20260601,1
300064,20260601,1
300065,20260601,1
300066,20260601,1
300069,20260601,1
300070,20260601,1
300073,20260601,1
300076,20260601,1
300079,20260601,1
300082,20260601,1
300083,20260601,1
300084,20260601,1
300085,20260601,1
300088,20260601,1
300089,20260601,1
300092,20260601,1
300095,20260601,1
300098,20260601,1
300099,20260601,1
300102,20260601,1
300105,20260601,1
300108,20260601,1
300111,20260601,1
300114,20260601,1
300115,20260601,1
300116,20260601,1
300117,20260601,1
300120,20260601,1
300123,20260601,1
300124,20260601,1
300125,20260601,1
300126,20260601,1
300127,20260601,1
300130,20260601,1
300137,20260601,1
300141,20260601,1
300145,20260601,1
300149,20260601,1
300153,20260601,1
300157,20260601,1
300161,20260601,1
300165,20260601,1
300169,20260601,1
300173,20260601,1
300177,20260601,1
300181,20260601,1
300185,20260601,1
300189,20260601,1
300193,20260601,1
300197,20260601,1
300201,20260601,1
300203,20260601,1
300207,20260601,1
300211,20260601,1
300215,20260601,1
300219,20260601,1
300223,20260601,1
300225,20260601,1
300227,20260601,1
300229,20260601,1
300233,20260601,1
300237,20260601,1
300241,20260601,1
300245,20260601,1
300249,20260601,1
300253,20260601,1
300257,20260601,1
300261,20260601,1
299773,20260602,1
299776,20260602,1
299779,20260602,1
299782,20260602,1
299785,20260602,1
299787,20260602,1
299790,20260602,1
299793,20260602,1
299796,20260602,1
299799,20260602,1
299802,20260602,1
299805,20260602,1
299808,20260602,1
299811,20260602,1
299814,20260602,1
299817,20260602,1
299820,20260602,1
299823,20260602,1
299826,20260602,1
299829,20260602,1
299832,20260602,1
299835,20260602,1
299838,20260602,1
299841,20260602,1
299844,20260602,1
299847,20260602,1
299850,20260602,1
299853,20260602,1
299856,20260602,1
299859,20260602,1
299862,20260602,1
299863,20260602,1
299864,20260602,1
299867,20260602,1
299870,20260602,1
299873,20260602,1
299876,20260602,1
299879,20260602,1
299882,20260602,1
299885,20260602,1
299888,20260602,1
299889,20260602,1
299890,20260602,1
299891,20260602,1
299897,20260602,1
299900,20260602,1
299901,20260602,1
299902,20260602,1
299903,20260602,1
299905,20260602,1
299908,20260602,1
299911,20260602,1
299914,20260602,1
299917,20260602,1
299920,20260602,1
299923,20260602,1
299926,20260602,1
299929,20260602,1
299932,20260602,1
299934,20260602,1
299937,20260602,1
299938,20260602,1
299941,20260602,1
299946,20260602,1
299949,20260602,1
299953,20260602,1
299956,20260602,1
299959,20260602,1
299962,20260602,1
299965,20260602,1
299969,20260602,1
299972,20260602,1
299975,20260602,1
299978,20260602,1
299981,20260602,1
299984,20260602,1
299987,20260602,1
299990,20260602,1
299993,20260602,1
299996,20260602,1
299999,20260602,1
300002,20260602,1
300005,20260602,1
300008,20260602,1
300009,20260602,1
300012,20260602,1
300015,20260602,1
300018,20260602,1
300021,20260602,1
300024,20260602,1
300027,20260602,1
300030,20260602,1
300033,20260602,1
300036,20260602,1
300039,20260602,1
300042,20260602,1
300043,20260602,1
300046,20260602,1
300049,20260602,1
300050,20260602,1
300051,20260602,1
300052,20260602,1
300055,20260602,1
300058,20260602,1
300061,20260602,1
300064,20260602,1
300065,20260602,1
300066,20260602,1
300069,20260602,1
300070,20260602,1
300073,20260602,1
300076,20260602,1
300079,20260602,1
300082,20260602,1
300083,20260602,1
300084,20260602,1
300085,20260602,1
300088,20260602,1
300089,20260602,1
300092,20260602,1
300095,20260602,1
300098,20260602,1
300099,20260602,1
300102,20260602,1
300105,20260602,1
300108,20260602,1
300111,20260602,1
300114,20260602,1
300115,20260602,1
300116,20260602,1
300117,20260602,1
300120,20260602,1
300123,20260602,1
300124,20260602,1
300125,20260602,1
300126,20260602,1
300127,20260602,1
300130,20260602,1
300137,20260602,1
300141,20260602,1
300145,20260602,1
300149,20260602,1
300153,20260602,1
300157,20260602,1
300161,20260602,1
300165,20260602,1
300169,20260602,1
300173,20260602,1
300177,20260602,1
300181,20260602,1
300185,20260602,1
300189,20260602,1
300193,20260602,1
300197,20260602,1
300201,20260602,1
300203,20260602,1
300207,20260602,1
300211,20260602,1
300215,20260602,1
300219,20260602,1
300223,20260602,1
300225,20260602,1
300227,20260602,1
300229,20260602,1
300233,20260602,1
300237,20260602,1
300241,20260602,1
300245,20260602,1
300249,20260602,1
300253,20260602,1
300257,20260602,1
300261,20260602,1
299773,20260603,1
299776,20260603,1
299779,20260603,1
299782,20260603,1
299785,20260603,1
299787,20260603,1
299790,20260603,1
299793,20260603,1
299796,20260603,1
299799,20260603,1
299802,20260603,1
299805,20260603,1
299808,20260603,1
299811,20260603,1
299814,20260603,1
299817,20260603,1
299820,20260603,1
299823,20260603,1
299826,20260603,1
299829,20260603,1
299832,20260603,1
299835,20260603,1
299838,20260603,1
299841,20260603,1
299844,20260603,1
299847,20260603,1
299850,20260603,1
299853,20260603,1
299856,20260603,1
299859,20260603,1
299862,20260603,1
299863,20260603,1
299864,20260603,1
299867,20260603,1
299870,20260603,1
299873,20260603,1
299876,20260603,1
299879,20260603,1
299882,20260603,1
299885,20260603,1
299888,20260603,1
299889,20260603,1
299890,20260603,1
299891,20260603,1
299897,20260603,1
299900,20260603,1
299901,20260603,1
299902,20260603,1
299903,20260603,1
299905,20260603,1
299908,20260603,1
299911,20260603,1
299914,20260603,1
299917,20260603,1
299920,20260603,1
299923,20260603,1
299926,20260603,1
299929,20260603,1
299932,20260603,1
299934,20260603,1
299937,20260603,1
299938,20260603,1
299941,20260603,1
299946,20260603,1
299949,20260603,1
299953,20260603,1
299956,20260603,1
299959,20260603,1
299962,20260603,1
299965,20260603,1
299969,20260603,1
299972,20260603,1
299975,20260603,1
299978,20260603,1
299981,20260603,1
299984,20260603,1
299987,20260603,1
299990,20260603,1
299993,20260603,1
299996,20260603,1
299999,20260603,1
300002,20260603,1
300005,20260603,1
300008,20260603,1
300009,20260603,1
300012,20260603,1
300015,20260603,1
300018,20260603,1
300021,20260603,1
300024,20260603,1
300027,20260603,1
300030,20260603,1
300033,20260603,1
300036,20260603,1
300039,20260603,1
300042,20260603,1
300043,20260603,1
300046,20260603,1
300049,20260603,1
300050,20260603,1
300051,20260603,1
300052,20260603,1
300055,20260603,1
300058,20260603,1
300061,20260603,1
300064,20260603,1
300065,20260603,1
300066,20260603,1
300069,20260603,1
300070,20260603,1
300073,20260603,1
300076,20260603,1
300079,20260603,1
300082,20260603,1
300083,20260603,1
300084,20260603,1
300085,20260603,1
300088,20260603,1
300089,20260603,1
300092,20260603,1
300095,20260603,1
300098,20260603,1
300099,20260603,1
300102,20260603,1
300105,20260603,1
300108,20260603,1
300111,20260603,1
300114,20260603,1
300115,20260603,1
300116,20260603,1
300117,20260603,1
300120,20260603,1
300123,20260603,1
300124,20260603,1
300125,20260603,1
300126,20260603,1
300127,20260603,1
300130,20260603,1
300137,20260603,1
300141,20260603,1
300145,20260603,1
300149,20260603,1
300153,20260603,1
300157,20260603,1
300161,20260603,1
300165,20260603,1
300169,20260603,1
300173,20260603,1
300177,20260603,1
300181,20260603,1
300185,20260603,1
300189,20260603,1
300193,20260603,1
300197,20260603,1
300201,20260603,1
300203,20260603,1
300207,20260603,1
300211,20260603,1
300215,20260603,1
300219,20260603,1
300223,20260603,1
300225,20260603,1
300227,20260603,1
300229,20260603,1
300233,20260603,1
300237,20260603,1
300241,20260603,1
300245,20260603,1
300249,20260603,1
300253,20260603,1
300257,20260603,1
300261,20260603,1
299773,20260604,1
299776,20260604,1
299779,20260604,1
299782,20260604,1
299785,20260604,1
299787,20260604,1
299790,20260604,1
299793,20260604,1
299796,20260604,1
299799,20260604,1
299802,20260604,1
299805,20260604,1
299808,20260604,1
299811,20260604,1
299814,20260604,1
299817,20260604,1
299820,20260604,1
299823,20260604,1
299826,20260604,1
299829,20260604,1
299832,20260604,1
299835,20260604,1
299838,20260604,1
299841,20260604,1
299844,20260604,1
299847,20260604,1
299850,20260604,1
299853,20260604,1
299856,20260604,1
299859,20260604,1
299862,20260604,1
299863,20260604,1
299864,20260604,1
299867,20260604,1
299870,20260604,1
299873,20260604,1
299876,20260604,1
299879,20260604,1
299882,20260604,1
299885,20260604,1
299888,20260604,1
299889,20260604,1
299890,20260604,1
299891,20260604,1
299897,20260604,1
299900,20260604,1
299901,20260604,1
299902,20260604,1
299903,20260604,1
299905,20260604,1
299908,20260604,1
299911,20260604,1
299914,20260604,1
299917,20260604,1
299920,20260604,1
299923,20260604,1
299926,20260604,1
299929,20260604,1
299932,20260604,1
299934,20260604,1
299937,20260604,1
299938,20260604,1
299941,20260604,1
299946,20260604,1
299949,20260604,1
299953,20260604,1
299956,20260604,1
299959,20260604,1
299962,20260604,1
299965,20260604,1
299969,20260604,1
299972,20260604,1
299975,20260604,1
299978,20260604,1
299981,20260604,1
299984,20260604,1
299987,20260604,1
299990,20260604,1
299993,20260604,1
299996,20260604,1
299999,20260604,1
300002,20260604,1
300005,20260604,1
300008,20260604,1
300009,20260604,1
300012,20260604,1
300015,20260604,1
300018,20260604,1
300021,20260604,1
300024,20260604,1
300027,20260604,1
300030,20260604,1
300033,20260604,1
300036,20260604,1
300039,20260604,1
300042,20260604,1
300043,20260604,1
300046,20260604,1
300049,20260604,1
300050,20260604,1
300051,20260604,1
300052,20260604,1
300055,20260604,1
300058,20260604,1
300061,20260604,1
300064,20260604,1
300065,20260604,1
300066,20260604,1
300069,20260604,1
300070,20260604,1
300073,20260604,1
300076,20260604,1
300079,20260604,1
300082,20260604,1
300083,20260604,1
300084,20260604,1
300085,20260604,1
300088,20260604,1
300089,20260604,1
300092,20260604,1
300095,20260604,1
300098,20260604,1
300099,20260604,1
300102,20260604,1
300105,20260604,1
300108,20260604,1
300111,20260604,1
300114,20260604,1
300115,20260604,1
300116,20260604,1
300117,20260604,1
300120,20260604,1
300123,20260604,1
300124,20260604,1
300125,20260604,1
300126,20260604,1
300127,20260604,1
300130,20260604,1
300137,20260604,1
300141,20260604,1
300145,20260604,1
300149,20260604,1
300153,20260604,1
300157,20260604,1
300161,20260604,1
300165,20260604,1
300169,20260604,1
300173,20260604,1
300177,20260604,1
300181,20260604,1
300185,20260604,1
300189,20260604,1
300193,20260604,1
300197,20260604,1
300201,20260604,1
300203,20260604,1
300207,20260604,1
300211,20260604,1
300215,20260604,1
300219,20260604,1
300223,20260604,1
300225,20260604,1
300227,20260604,1
300229,20260604,1
300233,20260604,1
300237,20260604,1
300241,20260604,1
300245,20260604,1
300249,20260604,1
300253,20260604,1
300257,20260604,1
300261,20260604,1
299773,20260605,1
299776,20260605,1
299779,20260605,1
299782,20260605,1
299785,20260605,1
299787,20260605,1
299790,20260605,1
299793,20260605,1
299796,20260605,1
299799,20260605,1
299802,20260605,1
299805,20260605,1
299808,20260605,1
299811,20260605,1
299814,20260605,1
299817,20260605,1
299820,20260605,1
299823,20260605,1
299826,20260605,1
299829,20260605,1
299832,20260605,1
299835,20260605,1
299838,20260605,1
299841,20260605,1
299844,20260605,1
299847,20260605,1
299850,20260605,1
299853,20260605,1
299856,20260605,1
299859,20260605,1
299862,20260605,1
299863,20260605,1
299864,20260605,1
299867,20260605,1
299870,20260605,1
299873,20260605,1
299876,20260605,1
299879,20260605,1
299882,20260605,1
299885,20260605,1
299888,20260605,1
299889,20260605,1
299890,20260605,1
299891,20260605,1
299897,20260605,1
299900,20260605,1
299901,20260605,1
299902,20260605,1
299903,20260605,1
299905,20260605,1
299908,20260605,1
299911,20260605,1
299914,20260605,1
299917,20260605,1
299920,20260605,1
299923,20260605,1
299926,20260605,1
299929,20260605,1
299932,20260605,1
299934,20260605,1
299937,20260605,1
299938,20260605,1
299941,20260605,1
299946,20260605,1
299949,20260605,1
299953,20260605,1
299956,20260605,1
299959,20260605,1
299962,20260605,1
299965,20260605,1
299969,20260605,1
299972,20260605,1
299975,20260605,1
299978,20260605,1
299981,20260605,1
299984,20260605,1
299987,20260605,1
299990,20260605,1
299993,20260605,1
299996,20260605,1
299999,20260605,1
300002,20260605,1
300005,20260605,1
300008,20260605,1
300009,20260605,1
300012,20260605,1
300015,20260605,1
300018,20260605,1
300021,20260605,1
300024,20260605,1
300027,20260605,1
300030,20260605,1
300033,20260605,1
300036,20260605,1
300039,20260605,1
300042,20260605,1
300043,20260605,1
300046,20260605,1
300049,20260605,1
300050,20260605,1
300051,20260605,1
300052,20260605,1
300055,20260605,1
300058,20260605,1
300061,20260605,1
300064,20260605,1
300065,20260605,1
300066,20260605,1
300069,20260605,1
300070,20260605,1
300073,20260605,1
300076,20260605,1
300079,20260605,1
300082,20260605,1
300083,20260605,1
300084,20260605,1
300085,20260605,1
300088,20260605,1
300089,20260605,1
300092,20260605,1
300095,20260605,1
300098,20260605,1
300099,20260605,1
300102,20260605,1
300105,20260605,1
300108,20260605,1
300111,20260605,1
300114,20260605,1
300115,20260605,1
300116,20260605,1
300117,20260605,1
300120,20260605,1
300123,20260605,1
300124,20260605,1
300125,20260605,1
300126,20260605,1
300127,20260605,1
300130,20260605,1
300136,20260605,1
300140,20260605,1
300144,20260605,1
300148,20260605,1
300152,20260605,1
300156,20260605,1
300160,20260605,1
300164,20260605,1
300168,20260605,1
300172,20260605,1
300176,20260605,1
300180,20260605,1
300184,20260605,1
300188,20260605,1
300192,20260605,1
300196,20260605,1
300200,20260605,1
300202,20260605,1
300206,20260605,1
300210,20260605,1
300214,20260605,1
300218,20260605,1
300222,20260605,1
300224,20260605,1
300226,20260605,1
300228,20260605,1
300232,20260605,1
300236,20260605,1
300240,20260605,1
300244,20260605,1
300248,20260605,1
300252,20260605,1
300256,20260605,1
300260,20260605,1
299772,20260606,1
299775,20260606,1
299778,20260606,1
299781,20260606,1
299784,20260606,1
299786,20260606,1
299789,20260606,1
299792,20260606,1
299795,20260606,1
299798,20260606,1
299801,20260606,1
299804,20260606,1
299807,20260606,1
299810,20260606,1
299813,20260606,1
299816,20260606,1
299819,20260606,1
299822,20260606,1
299825,20260606,1
299828,20260606,1
299831,20260606,1
299834,20260606,1
299837,20260606,1
299840,20260606,1
299843,20260606,1
299846,20260606,1
299849,20260606,1
299852,20260606,1
299855,20260606,1
299858,20260606,1
299861,20260606,1
299866,20260606,1
299869,20260606,1
299872,20260606,1
299875,20260606,1
299878,20260606,1
299881,20260606,1
299884,20260606,1
299887,20260606,1
299896,20260606,1
299899,20260606,1
299904,20260606,1
299907,20260606,1
299910,20260606,1
299913,20260606,1
299916,20260606,1
299919,20260606,1
299922,20260606,1
299925,20260606,1
299928,20260606,1
299931,20260606,1
299933,20260606,1
299936,20260606,1
299940,20260606,1
299943,20260606,1
299945,20260606,1
299948,20260606,1
299952,20260606,1
299955,20260606,1
299958,20260606,1
299961,20260606,1
299964,20260606,1
299968,20260606,1
299971,20260606,1
299974,20260606,1
299977,20260606,1
299980,20260606,1
299983,20260606,1
299986,20260606,1
299989,20260606,1
299992,20260606,1
299995,20260606,1
299998,20260606,1
300001,20260606,1
300004,20260606,1
300007,20260606,1
300011,20260606,1
300014,20260606,1
300017,20260606,1
300020,20260606,1
300023,20260606,1
300026,20260606,1
300029,20260606,1
300032,20260606,1
300035,20260606,1
300038,20260606,1
300041,20260606,1
300045,20260606,1
300048,20260606,1
300054,20260606,1
300057,20260606,1
300060,20260606,1
300063,20260606,1
300068,20260606,1
300072,20260606,1
300075,20260606,1
300078,20260606,1
300081,20260606,1
300087,20260606,1
300091,20260606,1
300094,20260606,1
300097,20260606,1
300101,20260606,1
300104,20260606,1
300107,20260606,1
300110,20260606,1
300113,20260606,1
300119,20260606,1
300122,20260606,1
300129,20260606,1
300139,20260606,1
300143,20260606,1
300147,20260606,1
300151,20260606,1
300155,20260606,1
300159,20260606,1
300163,20260606,1
300167,20260606,1
300171,20260606,1
300175,20260606,1
300179,20260606,1
300183,20260606,1
300187,20260606,1
300191,20260606,1
300195,20260606,1
300199,20260606,1
300205,20260606,1
300209,20260606,1
300213,20260606,1
300217,20260606,1
300221,20260606,1
300231,20260606,1
300235,20260606,1
300239,20260606,1
300243,20260606,1
300247,20260606,1
300251,20260606,1
300255,20260606,1
300259,20260606,1
299771,20260607,1
299774,20260607,1
299777,20260607,1
299780,20260607,1
299783,20260607,1
299788,20260607,1
299791,20260607,1
299794,20260607,1
299797,20260607,1
299800,20260607,1
299803,20260607,1
299806,20260607,1
299809,20260607,1
299812,20260607,1
299815,20260607,1
299818,20260607,1
299821,20260607,1
299824,20260607,1
299827,20260607,1
299830,20260607,1
299833,20260607,1
299836,20260607,1
299839,20260607,1
299842,20260607,1
299845,20260607,1
299848,20260607,1
299851,20260607,1
299854,20260607,1
299857,20260607,1
299860,20260607,1
299865,20260607,1
299868,20260607,1
299871,20260607,1
299874,20260607,1
299877,20260607,1
299880,20260607,1
299883,20260607,1
299886,20260607,1
299895,20260607,1
299898,20260607,1
299906,20260607,1
299909,20260607,1
299912,20260607,1
299915,20260607,1
299918,20260607,1
299921,20260607,1
299924,20260607,1
299927,20260607,1
299930,20260607,1
299935,20260607,1
299939,20260607,1
299942,20260607,1
299944,20260607,1
299947,20260607,1
299951,20260607,1
299954,20260607,1
299957,20260607,1
299960,20260607,1
299963,20260607,1
299967,20260607,1
299970,20260607,1
299973,20260607,1
299976,20260607,1
299979,20260607,1
299982,20260607,1
299985,20260607,1
299988,20260607,1
299991,20260607,1
299994,20260607,1
299997,20260607,1
300000,20260607,1
300003,20260607,1
300006,20260607,1
300010,20260607,1
300013,20260607,1
300016,20260607,1
300019,20260607,1
300022,20260607,1
300025,20260607,1
300028,20260607,1
300031,20260607,1
300034,20260607,1
300037,20260607,1
300040,20260607,1
300044,20260607,1
300047,20260607,1
300053,20260607,1
300056,20260607,1
300059,20260607,1
300062,20260607,1
300067,20260607,1
300071,20260607,1
300074,20260607,1
300077,20260607,1
300080,20260607,1
300086,20260607,1
300090,20260607,1
300093,20260607,1
300096,20260607,1
300100,20260607,1
300103,20260607,1
300106,20260607,1
300109,20260607,1
300112,20260607,1
300118,20260607,1
300121,20260607,1
300128,20260607,1
300138,20260607,1
300142,20260607,1
300146,20260607,1
300150,20260607,1
300154,20260607,1
300158,20260607,1
300162,20260607,1
300166,20260607,1
300170,20260607,1
300174,20260607,1
300178,20260607,1
300182,20260607,1
300186,20260607,1
300190,20260607,1
300194,20260607,1
300198,20260607,1
300204,20260607,1
300208,20260607,1
300212,20260607,1
300216,20260607,1
300220,20260607,1
300230,20260607,1
300234,20260607,1
300238,20260607,1
300242,20260607,1
300246,20260607,1
300250,20260607,1
300254,20260607,1
300258,20260607,1
299773,20260608,1
299776,20260608,1
299779,20260608,1
299782,20260608,1
299785,20260608,1
299787,20260608,1
299790,20260608,1
299793,20260608,1
299796,20260608,1
299799,20260608,1
299802,20260608,1
299805,20260608,1
299808,20260608,1
299811,20260608,1
299814,20260608,1
299817,20260608,1
299820,20260608,1
299823,20260608,1
299826,20260608,1
299829,20260608,1
299832,20260608,1
299835,20260608,1
299838,20260608,1
299841,20260608,1
299844,20260608,1
299847,20260608,1
299850,20260608,1
299853,20260608,1
299856,20260608,1
299859,20260608,1
299862,20260608,1
299863,20260608,1
299864,20260608,1
299867,20260608,1
299870,20260608,1
299873,20260608,1
299876,20260608,1
299879,20260608,1
299882,20260608,1
299885,20260608,1
299888,20260608,1
299889,20260608,1
299890,20260608,1
299891,20260608,1
299897,20260608,1
299900,20260608,1
299901,20260608,1
299902,20260608,1
299903,20260608,1
299905,20260608,1
299908,20260608,1
299911,20260608,1
299914,20260608,1
299917,20260608,1
299920,20260608,1
299923,20260608,1
299926,20260608,1
299929,20260608,1
299932,20260608,1
299934,20260608,1
299937,20260608,1
299938,20260608,1
299941,20260608,1
299946,20260608,1
299949,20260608,1
299953,20260608,1
299956,20260608,1
299959,20260608,1
299962,20260608,1
299965,20260608,1
299969,20260608,1
299972,20260608,1
299975,20260608,1
299978,20260608,1
299981,20260608,1
299984,20260608,1
299987,20260608,1
299990,20260608,1
299993,20260608,1
299996,20260608,1
299999,20260608,1
300002,20260608,1
300005,20260608,1
300008,20260608,1
300009,20260608,1
300012,20260608,1
300015,20260608,1
300018,20260608,1
300021,20260608,1
300024,20260608,1
300027,20260608,1
300030,20260608,1
300033,20260608,1
300036,20260608,1
300039,20260608,1
300042,20260608,1
300043,20260608,1
300046,20260608,1
300049,20260608,1
300050,20260608,1
300051,20260608,1
300052,20260608,1
300055,20260608,1
300058,20260608,1
300061,20260608,1
300064,20260608,1
300065,20260608,1
300066,20260608,1
300069,20260608,1
300070,20260608,1
300073,20260608,1
300076,20260608,1
300079,20260608,1
300082,20260608,1
300083,20260608,1
300084,20260608,1
300085,20260608,1
300088,20260608,1
300089,20260608,1
300092,20260608,1
300095,20260608,1
300098,20260608,1
300099,20260608,1
300102,20260608,1
300105,20260608,1
300108,20260608,1
300111,20260608,1
300114,20260608,1
300115,20260608,1
300116,20260608,1
300117,20260608,1
300120,20260608,1
300123,20260608,1
300124,20260608,1
300125,20260608,1
300126,20260608,1
300127,20260608,1
300130,20260608,1
300137,20260608,1
300141,20260608,1
300145,20260608,1
300149,20260608,1
300153,20260608,1
300157,20260608,1
300161,20260608,1
300165,20260608,1
300169,20260608,1
300173,20260608,1
300177,20260608,1
300181,20260608,1
300185,20260608,1
300189,20260608,1
300193,20260608,1
300197,20260608,1
300201,20260608,1
300203,20260608,1
300207,20260608,1
300211,20260608,1
300215,20260608,1
300219,20260608,1
300223,20260608,1
300225,20260608,1
300227,20260608,1
300229,20260608,1
300233,20260608,1
300237,20260608,1
300241,20260608,1
300245,20260608,1
300249,20260608,1
300253,20260608,1
300257,20260608,1
300261,20260608,1
299773,20260609,1
299776,20260609,1
299779,20260609,1
299782,20260609,1
299785,20260609,1
299787,20260609,1
299790,20260609,1
299793,20260609,1
299796,20260609,1
299799,20260609,1
299802,20260609,1
299805,20260609,1
299808,20260609,1
299811,20260609,1
299814,20260609,1
299817,20260609,1
299820,20260609,1
299823,20260609,1
299826,20260609,1
299829,20260609,1
299832,20260609,1
299835,20260609,1
299838,20260609,1
299841,20260609,1
299844,20260609,1
299847,20260609,1
299850,20260609,1
299853,20260609,1
299856,20260609,1
299859,20260609,1
299862,20260609,1
299863,20260609,1
299864,20260609,1
299867,20260609,1
299870,20260609,1
299873,20260609,1
299876,20260609,1
299879,20260609,1
299882,20260609,1
299885,20260609,1
299888,20260609,1
299889,20260609,1
299890,20260609,1
299891,20260609,1
299897,20260609,1
299900,20260609,1
299901,20260609,1
299902,20260609,1
299903,20260609,1
299905,20260609,1
299908,20260609,1
299911,20260609,1
299914,20260609,1
299917,20260609,1
299920,20260609,1
299923,20260609,1
299926,20260609,1
299929,20260609,1
299932,20260609,1
299934,20260609,1
299937,20260609,1
299938,20260609,1
299941,20260609,1
299946,20260609,1
299949,20260609,1
299953,20260609,1
299956,20260609,1
299959,20260609,1
299962,20260609,1
299965,20260609,1
299969,20260609,1
299972,20260609,1
299975,20260609,1
299978,20260609,1
299981,20260609,1
299984,20260609,1
299987,20260609,1
299990,20260609,1
299993,20260609,1
299996,20260609,1
299999,20260609,1
300002,20260609,1
300005,20260609,1
300008,20260609,1
300009,20260609,1
300012,20260609,1
300015,20260609,1
300018,20260609,1
300021,20260609,1
300024,20260609,1
300027,20260609,1
300030,20260609,1
300033,20260609,1
300036,20260609,1
300039,20260609,1
300042,20260609,1
300043,20260609,1
300046,20260609,1
300049,20260609,1
300050,20260609,1
300051,20260609,1
300052,20260609,1
300055,20260609,1
300058,20260609,1
300061,20260609,1
300064,20260609,1
300065,20260609,1
300066,20260609,1
300069,20260609,1
300070,20260609,1
300073,20260609,1
300076,20260609,1
300079,20260609,1
300082,20260609,1
300083,20260609,1
300084,20260609,1
300085,20260609,1
300088,20260609,1
300089,20260609,1
300092,20260609,1
300095,20260609,1
300098,20260609,1
300099,20260609,1
300102,20260609,1
300105,20260609,1
300108,20260609,1
300111,20260609,1
300114,20260609,1
300115,20260609,1
300116,20260609,1
300117,20260609,1
300120,20260609,1
300123,20260609,1
300124,20260609,1
300125,20260609,1
300126,20260609,1
300127,20260609,1
300130,20260609,1
300137,20260609,1
300141,20260609,1
300145,20260609,1
300149,20260609,1
300153,20260609,1
300157,20260609,1
300161,20260609,1
300165,20260609,1
300169,20260609,1
300173,20260609,1
300177,20260609,1
300181,20260609,1
300185,20260609,1
300189,20260609,1
300193,20260609,1
300197,20260609,1
300201,20260609,1
300203,20260609,1
300207,20260609,1
300211,20260609,1
300215,20260609,1
300219,20260609,1
300223,20260609,1
300225,20260609,1
300227,20260609,1
300229,20260609,1
300233,20260609,1
300237,20260609,1
300241,20260609,1
300245,20260609,1
300249,20260609,1
300253,20260609,1
300257,20260609,1
300261,20260609,1
299773,20260610,1
299776,20260610,1
299779,20260610,1
299782,20260610,1
299785,20260610,1
299787,20260610,1
299790,20260610,1
299793,20260610,1
299796,20260610,1
299799,20260610,1
299802,20260610,1
299805,20260610,1
299808,20260610,1
299811,20260610,1
299814,20260610,1
299817,20260610,1
299820,20260610,1
299823,20260610,1
299826,20260610,1
299829,20260610,1
299832,20260610,1
299835,20260610,1
299838,20260610,1
299841,20260610,1
299844,20260610,1
299847,20260610,1
299850,20260610,1
299853,20260610,1
299856,20260610,1
299859,20260610,1
299862,20260610,1
299863,20260610,1
299864,20260610,1
299867,20260610,1
299870,20260610,1
299873,20260610,1
299876,20260610,1
299879,20260610,1
299882,20260610,1
299885,20260610,1
299888,20260610,1
299889,20260610,1
299890,20260610,1
299891,20260610,1
299897,20260610,1
299900,20260610,1
299901,20260610,1
299902,20260610,1
299903,20260610,1
299905,20260610,1
299908,20260610,1
299911,20260610,1
299914,20260610,1
299917,20260610,1
299920,20260610,1
299923,20260610,1
299926,20260610,1
299929,20260610,1
299932,20260610,1
299934,20260610,1
299937,20260610,1
299938,20260610,1
299941,20260610,1
299946,20260610,1
299949,20260610,1
299953,20260610,1
299956,20260610,1
299959,20260610,1
299962,20260610,1
299965,20260610,1
299969,20260610,1
299972,20260610,1
299975,20260610,1
299978,20260610,1
299981,20260610,1
299984,20260610,1
299987,20260610,1
299990,20260610,1
299993,20260610,1
299996,20260610,1
299999,20260610,1
300002,20260610,1
300005,20260610,1
300008,20260610,1
300009,20260610,1
300012,20260610,1
300015,20260610,1
300018,20260610,1
300021,20260610,1
300024,20260610,1
300027,20260610,1
300030,20260610,1
300033,20260610,1
300036,20260610,1
300039,20260610,1
300042,20260610,1
300043,20260610,1
300046,20260610,1
300049,20260610,1
300050,20260610,1
300051,20260610,1
300052,20260610,1
300055,20260610,1
300058,20260610,1
300061,20260610,1
300064,20260610,1
300065,20260610,1
300066,20260610,1
300069,20260610,1
300070,20260610,1
300073,20260610,1
300076,20260610,1
300079,20260610,1
300082,20260610,1
300083,20260610,1
300084,20260610,1
300085,20260610,1
300088,20260610,1
300089,20260610,1
300092,20260610,1
300095,20260610,1
300098,20260610,1
300099,20260610,1
300102,20260610,1
300105,20260610,1
300108,20260610,1
300111,20260610,1
300114,20260610,1
300115,20260610,1
300116,20260610,1
300117,20260610,1
300120,20260610,1
300123,20260610,1
300124,20260610,1
300125,20260610,1
300126,20260610,1
300127,20260610,1
300130,20260610,1
300137,20260610,1
300141,20260610,1
300145,20260610,1
300149,20260610,1
300153,20260610,1
300157,20260610,1
300161,20260610,1
300165,20260610,1
300169,20260610,1
300173,20260610,1
300177,20260610,1
300181,20260610,1
300185,20260610,1
300189,20260610,1
300193,20260610,1
300197,20260610,1
300201,20260610,1
300203,20260610,1
300207,20260610,1
300211,20260610,1
300215,20260610,1
300219,20260610,1
300223,20260610,1
300225,20260610,1
300227,20260610,1
300229,20260610,1
300233,20260610,1
300237,20260610,1
300241,20260610,1
300245,20260610,1
300249,20260610,1
300253,20260610,1
300257,20260610,1
300261,20260610,1
299773,20260611,1
299776,20260611,1
299779,20260611,1
299782,20260611,1
299785,20260611,1
299787,20260611,1
299790,20260611,1
299793,20260611,1
299796,20260611,1
299799,20260611,1
299802,20260611,1
299805,20260611,1
299808,20260611,1
299811,20260611,1
299814,20260611,1
299817,20260611,1
299820,20260611,1
299823,20260611,1
299826,20260611,1
299829,20260611,1
299832,20260611,1
299835,20260611,1
299838,20260611,1
299841,20260611,1
299844,20260611,1
299847,20260611,1
299850,20260611,1
299853,20260611,1
299856,20260611,1
299859,20260611,1
299862,20260611,1
299863,20260611,1
299864,20260611,1
299867,20260611,1
299870,20260611,1
299873,20260611,1
299876,20260611,1
299879,20260611,1
299882,20260611,1
299885,20260611,1
299888,20260611,1
299889,20260611,1
299890,20260611,1
299891,20260611,1
299897,20260611,1
299900,20260611,1
299901,20260611,1
299902,20260611,1
299903,20260611,1
299905,20260611,1
299908,20260611,1
299911,20260611,1
299914,20260611,1
299917,20260611,1
299920,20260611,1
299923,20260611,1
299926,20260611,1
299929,20260611,1
299932,20260611,1
299934,20260611,1
299937,20260611,1
299938,20260611,1
299941,20260611,1
299946,20260611,1
299949,20260611,1
299953,20260611,1
299956,20260611,1
299959,20260611,1
299962,20260611,1
299965,20260611,1
299969,20260611,1
299972,20260611,1
299975,20260611,1
299978,20260611,1
299981,20260611,1
299984,20260611,1
299987,20260611,1
299990,20260611,1
299993,20260611,1
299996,20260611,1
299999,20260611,1
300002,20260611,1
300005,20260611,1
300008,20260611,1
300009,20260611,1
300012,20260611,1
300015,20260611,1
300018,20260611,1
300021,20260611,1
300024,20260611,1
300027,20260611,1
300030,20260611,1
300033,20260611,1
300036,20260611,1
300039,20260611,1
300042,20260611,1
300043,20260611,1
300046,20260611,1
300049,20260611,1
300050,20260611,1
300051,20260611,1
300052,20260611,1
300055,20260611,1
300058,20260611,1
300061,20260611,1
300064,20260611,1
300065,20260611,1
300066,20260611,1
300069,20260611,1
300070,20260611,1
300073,20260611,1
300076,20260611,1
300079,20260611,1
300082,20260611,1
300083,20260611,1
300084,20260611,1
300085,20260611,1
300088,20260611,1
300089,20260611,1
300092,20260611,1
300095,20260611,1
300098,20260611,1
300099,20260611,1
300102,20260611,1
300105,20260611,1
300108,20260611,1
300111,20260611,1
300114,20260611,1
300115,20260611,1
300116,20260611,1
300117,20260611,1
300120,20260611,1
300123,20260611,1
300124,20260611,1
300125,20260611,1
300126,20260611,1
300127,20260611,1
300130,20260611,1
300137,20260611,1
300141,20260611,1
300145,20260611,1
300149,20260611,1
300153,20260611,1
300157,20260611,1
300161,20260611,1
300165,20260611,1
300169,20260611,1
300173,20260611,1
300177,20260611,1
300181,20260611,1
300185,20260611,1
300189,20260611,1
300193,20260611,1
300197,20260611,1
300201,20260611,1
300203,20260611,1
300207,20260611,1
300211,20260611,1
300215,20260611,1
300219,20260611,1
300223,20260611,1
300225,20260611,1
300227,20260611,1
300229,20260611,1
300233,20260611,1
300237,20260611,1
300241,20260611,1
300245,20260611,1
300249,20260611,1
300253,20260611,1
300257,20260611,1
300261,20260611,1
299773,20260612,1
299776,20260612,1
299779,20260612,1
299782,20260612,1
299785,20260612,1
299787,20260612,1
299790,20260612,1
299793,20260612,1
299796,20260612,1
299799,20260612,1
299802,20260612,1
299805,20260612,1
299808,20260612,1
299811,20260612,1
299814,20260612,1
299817,20260612,1
299820,20260612,1
299823,20260612,1
299826,20260612,1
299829,20260612,1
299832,20260612,1
299835,20260612,1
299838,20260612,1
299841,20260612,1
299844,20260612,1
299847,20260612,1
299850,20260612,1
299853,20260612,1
299856,20260612,1
299859,20260612,1
299862,20260612,1
299863,20260612,1
299864,20260612,1
299867,20260612,1
299870,20260612,1
299873,20260612,1
299876,20260612,1
299879,20260612,1
299882,20260612,1
299885,20260612,1
299888,20260612,1
299889,20260612,1
299890,20260612,1
299891,20260612,1
299897,20260612,1
299900,20260612,1
299901,20260612,1
299902,20260612,1
299903,20260612,1
299905,20260612,1
299908,20260612,1
299911,20260612,1
299914,20260612,1
299917,20260612,1
299920,20260612,1
299923,20260612,1
299926,20260612,1
299929,20260612,1
299932,20260612,1
299934,20260612,1
299937,20260612,1
299938,20260612,1
299941,20260612,1
299946,20260612,1
299949,20260612,1
299953,20260612,1
299956,20260612,1
299959,20260612,1
299962,20260612,1
299965,20260612,1
299969,20260612,1
299972,20260612,1
299975,20260612,1
299978,20260612,1
299981,20260612,1
299984,20260612,1
299987,20260612,1
299990,20260612,1
299993,20260612,1
299996,20260612,1
299999,20260612,1
300002,20260612,1
300005,20260612,1
300008,20260612,1
300009,20260612,1
300012,20260612,1
300015,20260612,1
300018,20260612,1
300021,20260612,1
300024,20260612,1
300027,20260612,1
300030,20260612,1
300033,20260612,1
300036,20260612,1
300039,20260612,1
300042,20260612,1
300043,20260612,1
300046,20260612,1
300049,20260612,1
300050,20260612,1
300051,20260612,1
300052,20260612,1
300055,20260612,1
300058,20260612,1
300061,20260612,1
300064,20260612,1
300065,20260612,1
300066,20260612,1
300069,20260612,1
300070,20260612,1
300073,20260612,1
300076,20260612,1
300079,20260612,1
300082,20260612,1
300083,20260612,1
300084,20260612,1
300085,20260612,1
300088,20260612,1
300089,20260612,1
300092,20260612,1
300095,20260612,1
300098,20260612,1
300099,20260612,1
300102,20260612,1
300105,20260612,1
300108,20260612,1
300111,20260612,1
300114,20260612,1
300115,20260612,1
300116,20260612,1
300117,20260612,1
300120,20260612,1
300123,20260612,1
300124,20260612,1
300125,20260612,1
300126,20260612,1
300127,20260612,1
300130,20260612,1
300136,20260612,1
300140,20260612,1
300144,20260612,1
300148,20260612,1
300152,20260612,1
300156,20260612,1
300160,20260612,1
300164,20260612,1
300168,20260612,1
300172,20260612,1
300176,20260612,1
300180,20260612,1
300184,20260612,1
300188,20260612,1
300192,20260612,1
300196,20260612,1
300200,20260612,1
300202,20260612,1
300206,20260612,1
300210,20260612,1
300214,20260612,1
300218,20260612,1
300222,20260612,1
300224,20260612,1
300226,20260612,1
300228,20260612,1
300232,20260612,1
300236,20260612,1
300240,20260612,1
300244,20260612,1
300248,20260612,1
300252,20260612,1
300256,20260612,1
300260,20260612,1
299772,20260613,1
299775,20260613,1
299778,20260613,1
299781,20260613,1
299784,20260613,1
299786,20260613,1
299789,20260613,1
299792,20260613,1
299795,20260613,1
299798,20260613,1
299801,20260613,1
299804,20260613,1
299807,20260613,1
299810,20260613,1
299813,20260613,1
299816,20260613,1
299819,20260613,1
299822,20260613,1
299825,20260613,1
299828,20260613,1
299831,20260613,1
299834,20260613,1
299837,20260613,1
299840,20260613,1
299843,20260613,1
299846,20260613,1
299849,20260613,1
299852,20260613,1
299855,20260613,1
299858,20260613,1
299861,20260613,1
299866,20260613,1
299869,20260613,1
299872,20260613,1
299875,20260613,1
299878,20260613,1
299881,20260613,1
299884,20260613,1
299887,20260613,1
299896,20260613,1
299899,20260613,1
299904,20260613,1
299907,20260613,1
299910,20260613,1
299913,20260613,1
299916,20260613,1
299919,20260613,1
299922,20260613,1
299925,20260613,1
299928,20260613,1
299931,20260613,1
299933,20260613,1
299936,20260613,1
299940,20260613,1
299943,20260613,1
299945,20260613,1
299948,20260613,1
299952,20260613,1
299955,20260613,1
299958,20260613,1
299961,20260613,1
299964,20260613,1
299968,20260613,1
299971,20260613,1
299974,20260613,1
299977,20260613,1
299980,20260613,1
299983,20260613,1
299986,20260613,1
299989,20260613,1
299992,20260613,1
299995,20260613,1
299998,20260613,1
300001,20260613,1
300004,20260613,1
300007,20260613,1
300011,20260613,1
300014,20260613,1
300017,20260613,1
300020,20260613,1
300023,20260613,1
300026,20260613,1
300029,20260613,1
300032,20260613,1
300035,20260613,1
300038,20260613,1
300041,20260613,1
300045,20260613,1
300048,20260613,1
300054,20260613,1
300057,20260613,1
300060,20260613,1
300063,20260613,1
300068,20260613,1
300072,20260613,1
300075,20260613,1
300078,20260613,1
300081,20260613,1
300087,20260613,1
300091,20260613,1
300094,20260613,1
300097,20260613,1
300101,20260613,1
300104,20260613,1
300107,20260613,1
300110,20260613,1
300113,20260613,1
300119,20260613,1
300122,20260613,1
300129,20260613,1
300139,20260613,1
300143,20260613,1
300147,20260613,1
300151,20260613,1
300155,20260613,1
300159,20260613,1
300163,20260613,1
300167,20260613,1
300171,20260613,1
300175,20260613,1
300179,20260613,1
300183,20260613,1
300187,20260613,1
300191,20260613,1
300195,20260613,1
300199,20260613,1
300205,20260613,1
300209,20260613,1
300213,20260613,1
300217,20260613,1
300221,20260613,1
300231,20260613,1
300235,20260613,1
300239,20260613,1
300243,20260613,1
300247,20260613,1
300251,20260613,1
300255,20260613,1
300259,20260613,1
299771,20260614,1
299774,20260614,1
299777,20260614,1
299780,20260614,1
299783,20260614,1
299788,20260614,1
299791,20260614,1
299794,20260614,1
299797,20260614,1
299800,20260614,1
299803,20260614,1
299806,20260614,1
299809,20260614,1
299812,20260614,1
299815,20260614,1
299818,20260614,1
299821,20260614,1
299824,20260614,1
299827,20260614,1
299830,20260614,1
299833,20260614,1
299836,20260614,1
299839,20260614,1
299842,20260614,1
299845,20260614,1
299848,20260614,1
299851,20260614,1
299854,20260614,1
299857,20260614,1
299860,20260614,1
299865,20260614,1
299868,20260614,1
299871,20260614,1
299874,20260614,1
299877,20260614,1
299880,20260614,1
299883,20260614,1
299886,20260614,1
299895,20260614,1
299898,20260614,1
299906,20260614,1
299909,20260614,1
299912,20260614,1
299915,20260614,1
299918,20260614,1
299921,20260614,1
299924,20260614,1
299927,20260614,1
299930,20260614,1
299935,20260614,1
299939,20260614,1
299942,20260614,1
299944,20260614,1
299947,20260614,1
299951,20260614,1
299954,20260614,1
299957,20260614,1
299960,20260614,1
299963,20260614,1
299967,20260614,1
299970,20260614,1
299973,20260614,1
299976,20260614,1
299979,20260614,1
299982,20260614,1
299985,20260614,1
299988,20260614,1
299991,20260614,1
299994,20260614,1
299997,20260614,1
300000,20260614,1
300003,20260614,1
300006,20260614,1
300010,20260614,1
300013,20260614,1
300016,20260614,1
300019,20260614,1
300022,20260614,1
300025,20260614,1
300028,20260614,1
300031,20260614,1
300034,20260614,1
300037,20260614,1
300040,20260614,1
300044,20260614,1
300047,20260614,1
300053,20260614,1
300056,20260614,1
300059,20260614,1
300062,20260614,1
300067,20260614,1
300071,20260614,1
300074,20260614,1
300077,20260614,1
300080,20260614,1
300086,20260614,1
300090,20260614,1
300093,20260614,1
300096,20260614,1
300100,20260614,1
300103,20260614,1
300106,20260614,1
300109,20260614,1
300112,20260614,1
300118,20260614,1
300121,20260614,1
300128,20260614,1
300138,20260614,1
300142,20260614,1
300146,20260614,1
300150,20260614,1
300154,20260614,1
300158,20260614,1
300162,20260614,1
300166,20260614,1
300170,20260614,1
300174,20260614,1
300178,20260614,1
300182,20260614,1
300186,20260614,1
300190,20260614,1
300194,20260614,1
300198,20260614,1
300204,20260614,1
300208,20260614,1
300212,20260614,1
300216,20260614,1
300220,20260614,1
300230,20260614,1
300234,20260614,1
300238,20260614,1
300242,20260614,1
300246,20260614,1
300250,20260614,1
300254,20260614,1
300258,20260614,1
299773,20260615,1
299776,20260615,1
299779,20260615,1
299782,20260615,1
299785,20260615,1
299787,20260615,1
299790,20260615,1
299793,20260615,1
299796,20260615,1
299799,20260615,1
299802,20260615,1
299805,20260615,1
299808,20260615,1
299811,20260615,1
299814,20260615,1
299817,20260615,1
299820,20260615,1
299823,20260615,1
299826,20260615,1
299829,20260615,1
299832,20260615,1
299835,20260615,1
299838,20260615,1
299841,20260615,1
299844,20260615,1
299847,20260615,1
299850,20260615,1
299853,20260615,1
299856,20260615,1
299859,20260615,1
299862,20260615,1
299863,20260615,1
299864,20260615,1
299867,20260615,1
299870,20260615,1
299873,20260615,1
299876,20260615,1
299879,20260615,1
299882,20260615,1
299885,20260615,1
299888,20260615,1
299889,20260615,1
299890,20260615,1
299891,20260615,1
299897,20260615,1
299900,20260615,1
299901,20260615,1
299902,20260615,1
299903,20260615,1
299905,20260615,1
299908,20260615,1
299911,20260615,1
299914,20260615,1
299917,20260615,1
299920,20260615,1
299923,20260615,1
299926,20260615,1
299929,20260615,1
299932,20260615,1
299934,20260615,1
299937,20260615,1
299938,20260615,1
299941,20260615,1
299946,20260615,1
299949,20260615,1
299953,20260615,1
299956,20260615,1
299959,20260615,1
299962,20260615,1
299965,20260615,1
299969,20260615,1
299972,20260615,1
299975,20260615,1
299978,20260615,1
299981,20260615,1
299984,20260615,1
299987,20260615,1
299990,20260615,1
299993,20260615,1
299996,20260615,1
299999,20260615,1
300002,20260615,1
300005,20260615,1
300008,20260615,1
300009,20260615,1
300012,20260615,1
300015,20260615,1
300018,20260615,1
300021,20260615,1
300024,20260615,1
300027,20260615,1
300030,20260615,1
300033,20260615,1
300036,20260615,1
300039,20260615,1
300042,20260615,1
300043,20260615,1
300046,20260615,1
300049,20260615,1
300050,20260615,1
300051,20260615,1
300052,20260615,1
300055,20260615,1
300058,20260615,1
300061,20260615,1
300064,20260615,1
300065,20260615,1
300066,20260615,1
300069,20260615,1
300070,20260615,1
300073,20260615,1
300076,20260615,1
300079,20260615,1
300082,20260615,1
300083,20260615,1
300084,20260615,1
300085,20260615,1
300088,20260615,1
300089,20260615,1
300092,20260615,1
300095,20260615,1
300098,20260615,1
300099,20260615,1
300102,20260615,1
300105,20260615,1
300108,20260615,1
300111,20260615,1
300114,20260615,1
300115,20260615,1
300116,20260615,1
300117,20260615,1
300120,20260615,1
300123,20260615,1
300124,20260615,1
300125,20260615,1
300126,20260615,1
300127,20260615,1
300130,20260615,1
300137,20260615,1
300141,20260615,1
300145,20260615,1
300149,20260615,1
300153,20260615,1
300157,20260615,1
300161,20260615,1
300165,20260615,1
300169,20260615,1
300173,20260615,1
300177,20260615,1
300181,20260615,1
300185,20260615,1
300189,20260615,1
300193,20260615,1
300197,20260615,1
300201,20260615,1
300203,20260615,1
300207,20260615,1
300211,20260615,1
300215,20260615,1
300219,20260615,1
300223,20260615,1
300225,20260615,1
300227,20260615,1
300229,20260615,1
300233,20260615,1
300237,20260615,1
300241,20260615,1
300245,20260615,1
300249,20260615,1
300253,20260615,1
300257,20260615,1
300261,20260615,1
299773,20260616,1
299776,20260616,1
299779,20260616,1
299782,20260616,1
299785,20260616,1
299787,20260616,1
299790,20260616,1
299793,20260616,1
299796,20260616,1
299799,20260616,1
299802,20260616,1
299805,20260616,1
299808,20260616,1
299811,20260616,1
299814,20260616,1
299817,20260616,1
299820,20260616,1
299823,20260616,1
299826,20260616,1
299829,20260616,1
299832,20260616,1
299835,20260616,1
299838,20260616,1
299841,20260616,1
299844,20260616,1
299847,20260616,1
299850,20260616,1
299853,20260616,1
299856,20260616,1
299859,20260616,1
299862,20260616,1
299863,20260616,1
299864,20260616,1
299867,20260616,1
299870,20260616,1
299873,20260616,1
299876,20260616,1
299879,20260616,1
299882,20260616,1
299885,20260616,1
299888,20260616,1
299889,20260616,1
299890,20260616,1
299891,20260616,1
299897,20260616,1
299900,20260616,1
299901,20260616,1
299902,20260616,1
299903,20260616,1
299905,20260616,1
299908,20260616,1
299911,20260616,1
299914,20260616,1
299917,20260616,1
299920,20260616,1
299923,20260616,1
299926,20260616,1
299929,20260616,1
299932,20260616,1
299934,20260616,1
299937,20260616,1
299938,20260616,1
299941,20260616,1
299946,20260616,1
299949,20260616,1
299953,20260616,1
299956,20260616,1
299959,20260616,1
299962,20260616,1
299965,20260616,1
299969,20260616,1
299972,20260616,1
299975,20260616,1
299978,20260616,1
299981,20260616,1
299984,20260616,1
299987,20260616,1
299990,20260616,1
299993,20260616,1
299996,20260616,1
299999,20260616,1
300002,20260616,1
300005,20260616,1
300008,20260616,1
300009,20260616,1
300012,20260616,1
300015,20260616,1
300018,20260616,1
300021,20260616,1
300024,20260616,1
300027,20260616,1
300030,20260616,1
300033,20260616,1
300036,20260616,1
300039,20260616,1
300042,20260616,1
300043,20260616,1
300046,20260616,1
300049,20260616,1
300050,20260616,1
300051,20260616,1
300052,20260616,1
300055,20260616,1
300058,20260616,1
300061,20260616,1
300064,20260616,1
300065,20260616,1
300066,20260616,1
300069,20260616,1
300070,20260616,1
300073,20260616,1
300076,20260616,1
300079,20260616,1
300082,20260616,1
300083,20260616,1
300084,20260616,1
300085,20260616,1
300088,20260616,1
300089,20260616,1
300092,20260616,1
300095,20260616,1
300098,20260616,1
300099,20260616,1
300102,20260616,1
300105,20260616,1
300108,20260616,1
300111,20260616,1
300114,20260616,1
300115,20260616,1
300116,20260616,1
300117,20260616,1
300120,20260616,1
300123,20260616,1
300124,20260616,1
300125,20260616,1
300126,20260616,1
300127,20260616,1
300130,20260616,1
300137,20260616,1
300141,20260616,1
300145,20260616,1
300149,20260616,1
300153,20260616,1
300157,20260616,1
300161,20260616,1
300165,20260616,1
300169,20260616,1
300173,20260616,1
300177,20260616,1
300181,20260616,1
300185,20260616,1
300189,20260616,1
300193,20260616,1
300197,20260616,1
300201,20260616,1
300203,20260616,1
300207,20260616,1
300211,20260616,1
300215,20260616,1
300219,20260616,1
300223,20260616,1
300225,20260616,1
300227,20260616,1
300229,20260616,1
300233,20260616,1
300237,20260616,1
300241,20260616,1
300245,20260616,1
300249,20260616,1
300253,20260616,1
300257,20260616,1
300261,20260616,1
299773,20260617,1
299776,20260617,1
299779,20260617,1
299782,20260617,1
299785,20260617,1
299787,20260617,1
299790,20260617,1
299793,20260617,1
299796,20260617,1
299799,20260617,1
299802,20260617,1
299805,20260617,1
299808,20260617,1
299811,20260617,1
299814,20260617,1
299817,20260617,1
299820,20260617,1
299823,20260617,1
299826,20260617,1
299829,20260617,1
299832,20260617,1
299835,20260617,1
299838,20260617,1
299841,20260617,1
299844,20260617,1
299847,20260617,1
299850,20260617,1
299853,20260617,1
299856,20260617,1
299859,20260617,1
299862,20260617,1
299863,20260617,1
299864,20260617,1
299867,20260617,1
299870,20260617,1
299873,20260617,1
299876,20260617,1
299879,20260617,1
299882,20260617,1
299885,20260617,1
299888,20260617,1
299889,20260617,1
299890,20260617,1
299891,20260617,1
299897,20260617,1
299900,20260617,1
299901,20260617,1
299902,20260617,1
299903,20260617,1
299905,20260617,1
299908,20260617,1
299911,20260617,1
299914,20260617,1
299917,20260617,1
299920,20260617,1
299923,20260617,1
299926,20260617,1
299929,20260617,1
299932,20260617,1
299934,20260617,1
299937,20260617,1
299938,20260617,1
299941,20260617,1
299946,20260617,1
299949,20260617,1
299953,20260617,1
299956,20260617,1
299959,20260617,1
299962,20260617,1
299965,20260617,1
299969,20260617,1
299972,20260617,1
299975,20260617,1
299978,20260617,1
299981,20260617,1
299984,20260617,1
299987,20260617,1
299990,20260617,1
299993,20260617,1
299996,20260617,1
299999,20260617,1
300002,20260617,1
300005,20260617,1
300008,20260617,1
300009,20260617,1
300012,20260617,1
300015,20260617,1
300018,20260617,1
300021,20260617,1
300024,20260617,1
300027,20260617,1
300030,20260617,1
300033,20260617,1
300036,20260617,1
300039,20260617,1
300042,20260617,1
300043,20260617,1
300046,20260617,1
300049,20260617,1
300050,20260617,1
300051,20260617,1
300052,20260617,1
300055,20260617,1
300058,20260617,1
300061,20260617,1
300064,20260617,1
300065,20260617,1
300066,20260617,1
300069,20260617,1
300070,20260617,1
300073,20260617,1
300076,20260617,1
300079,20260617,1
300082,20260617,1
300083,20260617,1
300084,20260617,1
300085,20260617,1
300088,20260617,1
300089,20260617,1
300092,20260617,1
300095,20260617,1
300098,20260617,1
300099,20260617,1
300102,20260617,1
300105,20260617,1
300108,20260617,1
300111,20260617,1
300114,20260617,1
300115,20260617,1
300116,20260617,1
300117,20260617,1
300120,20260617,1
300123,20260617,1
300124,20260617,1
300125,20260617,1
300126,20260617,1
300127,20260617,1
300130,20260617,1
300137,20260617,1
300141,20260617,1
300145,20260617,1
300149,20260617,1
300153,20260617,1
300157,20260617,1
300161,20260617,1
300165,20260617,1
300169,20260617,1
300173,20260617,1
300177,20260617,1
300181,20260617,1
300185,20260617,1
300189,20260617,1
300193,20260617,1
300197,20260617,1
300201,20260617,1
300203,20260617,1
300207,20260617,1
300211,20260617,1
300215,20260617,1
300219,20260617,1
300223,20260617,1
300225,20260617,1
300227,20260617,1
300229,20260617,1
300233,20260617,1
300237,20260617,1
300241,20260617,1
300245,20260617,1
300249,20260617,1
300253,20260617,1
300257,20260617,1
300261,20260617,1
299773,20260618,1
299776,20260618,1
299779,20260618,1
299782,20260618,1
299785,20260618,1
299787,20260618,1
299790,20260618,1
299793,20260618,1
299796,20260618,1
299799,20260618,1
299802,20260618,1
299805,20260618,1
299808,20260618,1
299811,20260618,1
299814,20260618,1
299817,20260618,1
299820,20260618,1
299823,20260618,1
299826,20260618,1
299829,20260618,1
299832,20260618,1
299835,20260618,1
299838,20260618,1
299841,20260618,1
299844,20260618,1
299847,20260618,1
299850,20260618,1
299853,20260618,1
299856,20260618,1
299859,20260618,1
299862,20260618,1
299863,20260618,1
299864,20260618,1
299867,20260618,1
299870,20260618,1
299873,20260618,1
299876,20260618,1
299879,20260618,1
299882,20260618,1
299885,20260618,1
299888,20260618,1
299889,20260618,1
299890,20260618,1
299891,20260618,1
299897,20260618,1
299900,20260618,1
299901,20260618,1
299902,20260618,1
299903,20260618,1
299905,20260618,1
299908,20260618,1
299911,20260618,1
299914,20260618,1
299917,20260618,1
299920,20260618,1
299923,20260618,1
299926,20260618,1
299929,20260618,1
299932,20260618,1
299934,20260618,1
299937,20260618,1
299938,20260618,1
299941,20260618,1
299946,20260618,1
299949,20260618,1
299953,20260618,1
299956,20260618,1
299959,20260618,1
299962,20260618,1
299965,20260618,1
299969,20260618,1
299972,20260618,1
299975,20260618,1
299978,20260618,1
299981,20260618,1
299984,20260618,1
299987,20260618,1
299990,20260618,1
299993,20260618,1
299996,20260618,1
299999,20260618,1
300002,20260618,1
300005,20260618,1
300008,20260618,1
300009,20260618,1
300012,20260618,1
300015,20260618,1
300018,20260618,1
300021,20260618,1
300024,20260618,1
300027,20260618,1
300030,20260618,1
300033,20260618,1
300036,20260618,1
300039,20260618,1
300042,20260618,1
300043,20260618,1
300046,20260618,1
300049,20260618,1
300050,20260618,1
300051,20260618,1
300052,20260618,1
300055,20260618,1
300058,20260618,1
300061,20260618,1
300064,20260618,1
300065,20260618,1
300066,20260618,1
300069,20260618,1
300070,20260618,1
300073,20260618,1
300076,20260618,1
300079,20260618,1
300082,20260618,1
300083,20260618,1
300084,20260618,1
300085,20260618,1
300088,20260618,1
300089,20260618,1
300092,20260618,1
300095,20260618,1
300098,20260618,1
300099,20260618,1
300102,20260618,1
300105,20260618,1
300108,20260618,1
300111,20260618,1
300114,20260618,1
300115,20260618,1
300116,20260618,1
300117,20260618,1
300120,20260618,1
300123,20260618,1
300124,20260618,1
300125,20260618,1
300126,20260618,1
300127,20260618,1
300130,20260618,1
300137,20260618,1
300141,20260618,1
300145,20260618,1
300149,20260618,1
300153,20260618,1
300157,20260618,1
300161,20260618,1
300165,20260618,1
300169,20260618,1
300173,20260618,1
300177,20260618,1
300181,20260618,1
300185,20260618,1
300189,20260618,1
300193,20260618,1
300197,20260618,1
300201,20260618,1
300203,20260618,1
300207,20260618,1
300211,20260618,1
300215,20260618,1
300219,20260618,1
300223,20260618,1
300225,20260618,1
300227,20260618,1
300229,20260618,1
300233,20260618,1
300237,20260618,1
300241,20260618,1
300245,20260618,1
300249,20260618,1
300253,20260618,1
300257,20260618,1
300261,20260618,1
299773,20260619,1
299776,20260619,1
299779,20260619,1
299782,20260619,1
299785,20260619,1
299787,20260619,1
299790,20260619,1
299793,20260619,1
299796,20260619,1
299799,20260619,1
299802,20260619,1
299805,20260619,1
299808,20260619,1
299811,20260619,1
299814,20260619,1
299817,20260619,1
299820,20260619,1
299823,20260619,1
299826,20260619,1
299829,20260619,1
299832,20260619,1
299835,20260619,1
299838,20260619,1
299841,20260619,1
299844,20260619,1
299847,20260619,1
299850,20260619,1
299853,20260619,1
299856,20260619,1
299859,20260619,1
299862,20260619,1
299863,20260619,1
299864,20260619,1
299867,20260619,1
299870,20260619,1
299873,20260619,1
299876,20260619,1
299879,20260619,1
299882,20260619,1
299885,20260619,1
299888,20260619,1
299889,20260619,1
299890,20260619,1
299891,20260619,1
299897,20260619,1
299900,20260619,1
299901,20260619,1
299902,20260619,1
299903,20260619,1
299905,20260619,1
299908,20260619,1
299911,20260619,1
299914,20260619,1
299917,20260619,1
299920,20260619,1
299923,20260619,1
299926,20260619,1
299929,20260619,1
299932,20260619,1
299934,20260619,1
299937,20260619,1
299938,20260619,1
299941,20260619,1
299946,20260619,1
299949,20260619,1
299953,20260619,1
299956,20260619,1
299959,20260619,1
299962,20260619,1
299965,20260619,1
299969,20260619,1
299972,20260619,1
299975,20260619,1
299978,20260619,1
299981,20260619,1
299984,20260619,1
299987,20260619,1
299990,20260619,1
299993,20260619,1
299996,20260619,1
299999,20260619,1
300002,20260619,1
300005,20260619,1
300008,20260619,1
300009,20260619,1
300012,20260619,1
300015,20260619,1
300018,20260619,1
300021,20260619,1
300024,20260619,1
300027,20260619,1
300030,20260619,1
300033,20260619,1
300036,20260619,1
300039,20260619,1
300042,20260619,1
300043,20260619,1
300046,20260619,1
300049,20260619,1
300050,20260619,1
300051,20260619,1
300052,20260619,1
300055,20260619,1
300058,20260619,1
300061,20260619,1
300064,20260619,1
300065,20260619,1
300066,20260619,1
300069,20260619,1
300070,20260619,1
300073,20260619,1
300076,20260619,1
300079,20260619,1
300082,20260619,1
300083,20260619,1
300084,20260619,1
300085,20260619,1
300088,20260619,1
300089,20260619,1
300092,20260619,1
300095,20260619,1
300098,20260619,1
300099,20260619,1
300102,20260619,1
300105,20260619,1
300108,20260619,1
300111,20260619,1
300114,20260619,1
300115,20260619,1
300116,20260619,1
300117,20260619,1
300120,20260619,1
300123,20260619,1
300124,20260619,1
300125,20260619,1
300126,20260619,1
300127,20260619,1
300130,20260619,1
300136,20260619,1
300140,20260619,1
300144,20260619,1
300148,20260619,1
300152,20260619,1
300156,20260619,1
300160,20260619,1
300164,20260619,1
300168,20260619,1
300172,20260619,1
300176,20260619,1
300180,20260619,1
300184,20260619,1
300188,20260619,1
300192,20260619,1
300196,20260619,1
300200,20260619,1
300202,20260619,1
300206,20260619,1
300210,20260619,1
300214,20260619,1
300218,20260619,1
300222,20260619,1
300224,20260619,1
300226,20260619,1
300228,20260619,1
300232,20260619,1
300236,20260619,1
300240,20260619,1
300244,20260619,1
300248,20260619,1
300252,20260619,1
300256,20260619,1
300260,20260619,1
3,20260620,1
6,20260620,1
9,20260620,1
15,20260620,1
18,20260620,1
21,20260620,1
27,20260620,1
30,20260620,1
33,20260620,1
36,20260620,1
45,20260620,1
48,20260620,1
57,20260620,1
60,20260620,1
69,20260620,1
81,20260620,1
84,20260620,1
87,20260620,1
99,20260620,1
102,20260620,1
105,20260620,1
117,20260620,1
123,20260620,1
126,20260620,1
138,20260620,1
141,20260620,1
144,20260620,1
147,20260620,1
150,20260620,1
153,20260620,1
159,20260620,1
162,20260620,1
165,20260620,1
168,20260620,1
177,20260620,1
180,20260620,1
183,20260620,1
192,20260620,1
198,20260620,1
201,20260620,1
204,20260620,1
207,20260620,1
210,20260620,1
222,20260620,1
231,20260620,1
234,20260620,1
237,20260620,1
240,20260620,1
258,20260620,1
261,20260620,1
264,20260620,1
279,20260620,1
282,20260620,1
285,20260620,1
297,20260620,1
306,20260620,1
312,20260620,1
318,20260620,1
327,20260620,1
330,20260620,1
333,20260620,1
336,20260620,1
348,20260620,1
357,20260620,1
360,20260620,1
363,20260620,1
366,20260620,1
372,20260620,1
375,20260620,1
378,20260620,1
383,20260620,1
387,20260620,1
399,20260620,1
402,20260620,1
408,20260620,1
411,20260620,1
420,20260620,1
435,20260620,1
438,20260620,1
441,20260620,1
444,20260620,1
450,20260620,1
451,20260620,1
458,20260620,1
462,20260620,1
470,20260620,1
474,20260620,1
478,20260620,1
482,20260620,1
486,20260620,1
494,20260620,1
502,20260620,1
522,20260620,1
526,20260620,1
532,20260620,1
567,20260620,1
766,20260620,1
821,20260620,1
2,20260621,1
5,20260621,1
8,20260621,1
11,20260621,1
17,20260621,1
20,20260621,1
23,20260621,1
26,20260621,1
29,20260621,1
32,20260621,1
35,20260621,1
44,20260621,1
47,20260621,1
56,20260621,1
59,20260621,1
68,20260621,1
80,20260621,1
83,20260621,1
86,20260621,1
98,20260621,1
101,20260621,1
104,20260621,1
116,20260621,1
122,20260621,1
125,20260621,1
140,20260621,1
143,20260621,1
146,20260621,1
149,20260621,1
152,20260621,1
158,20260621,1
161,20260621,1
164,20260621,1
176,20260621,1
179,20260621,1
182,20260621,1
191,20260621,1
197,20260621,1
200,20260621,1
203,20260621,1
206,20260621,1
209,20260621,1
221,20260621,1
230,20260621,1
233,20260621,1
236,20260621,1
239,20260621,1
257,20260621,1
260,20260621,1
263,20260621,1
278,20260621,1
281,20260621,1
284,20260621,1
296,20260621,1
305,20260621,1
311,20260621,1
317,20260621,1
326,20260621,1
329,20260621,1
332,20260621,1
335,20260621,1
347,20260621,1
356,20260621,1
359,20260621,1
362,20260621,1
365,20260621,1
371,20260621,1
374,20260621,1
377,20260621,1
386,20260621,1
398,20260621,1
401,20260621,1
407,20260621,1
410,20260621,1
419,20260621,1
434,20260621,1
437,20260621,1
443,20260621,1
449,20260621,1
457,20260621,1
461,20260621,1
469,20260621,1
473,20260621,1
477,20260621,1
481,20260621,1
485,20260621,1
493,20260621,1
501,20260621,1
521,20260621,1
525,20260621,1
568,20260621,1
767,20260621,1
822,20260621,1
1,20260622,1
4,20260622,1
7,20260622,1
10,20260622,1
13,20260622,1
16,20260622,1
19,20260622,1
22,20260622,1
25,20260622,1
28,20260622,1
31,20260622,1
34,20260622,1
43,20260622,1
46,20260622,1
55,20260622,1
58,20260622,1
67,20260622,1
70,20260622,1
73,20260622,1
79,20260622,1
82,20260622,1
85,20260622,1
97,20260622,1
100,20260622,1
103,20260622,1
112,20260622,1
115,20260622,1
121,20260622,1
124,20260622,1
127,20260622,1
130,20260622,1
133,20260622,1
136,20260622,1
139,20260622,1
142,20260622,1
145,20260622,1
148,20260622,1
151,20260622,1
154,20260622,1
157,20260622,1
160,20260622,1
163,20260622,1
166,20260622,1
169,20260622,1
172,20260622,1
175,20260622,1
178,20260622,1
181,20260622,1
190,20260622,1
196,20260622,1
199,20260622,1
202,20260622,1
205,20260622,1
208,20260622,1
220,20260622,1
226,20260622,1
229,20260622,1
232,20260622,1
235,20260622,1
238,20260622,1
241,20260622,1
244,20260622,1
247,20260622,1
250,20260622,1
253,20260622,1
256,20260622,1
259,20260622,1
262,20260622,1
265,20260622,1
274,20260622,1
277,20260622,1
280,20260622,1
283,20260622,1
286,20260622,1
295,20260622,1
301,20260622,1
304,20260622,1
310,20260622,1
313,20260622,1
316,20260622,1
322,20260622,1
325,20260622,1
331,20260622,1
334,20260622,1
340,20260622,1
343,20260622,1
346,20260622,1
352,20260622,1
355,20260622,1
358,20260622,1
361,20260622,1
364,20260622,1
370,20260622,1
373,20260622,1
376,20260622,1
379,20260622,1
382,20260622,1
385,20260622,1
388,20260622,1
391,20260622,1
397,20260622,1
400,20260622,1
403,20260622,1
406,20260622,1
409,20260622,1
418,20260622,1
421,20260622,1
424,20260622,1
427,20260622,1
430,20260622,1
433,20260622,1
436,20260622,1
439,20260622,1
442,20260622,1
456,20260622,1
460,20260622,1
468,20260622,1
472,20260622,1
476,20260622,1
480,20260622,1
484,20260622,1
488,20260622,1
492,20260622,1
500,20260622,1
512,20260622,1
520,20260622,1
524,20260622,1
557,20260622,1
558,20260622,1
559,20260622,1
560,20260622,1
563,20260622,1
765,20260622,1
824,20260622,1
3374,20260622,1
84049,20260622,1
162402,20260622,1
1,20260623,1
4,20260623,1
7,20260623,1
10,20260623,1
13,20260623,1
16,20260623,1
19,20260623,1
22,20260623,1
25,20260623,1
28,20260623,1
31,20260623,1
34,20260623,1
43,20260623,1
46,20260623,1
55,20260623,1
58,20260623,1
67,20260623,1
70,20260623,1
73,20260623,1
79,20260623,1
82,20260623,1
85,20260623,1
97,20260623,1
100,20260623,1
103,20260623,1
112,20260623,1
115,20260623,1
121,20260623,1
124,20260623,1
127,20260623,1
130,20260623,1
133,20260623,1
136,20260623,1
139,20260623,1
142,20260623,1
145,20260623,1
148,20260623,1
151,20260623,1
154,20260623,1
157,20260623,1
160,20260623,1
163,20260623,1
166,20260623,1
169,20260623,1
172,20260623,1
175,20260623,1
178,20260623,1
181,20260623,1
190,20260623,1
196,20260623,1
199,20260623,1
202,20260623,1
205,20260623,1
208,20260623,1
220,20260623,1
226,20260623,1
229,20260623,1
232,20260623,1
235,20260623,1
238,20260623,1
241,20260623,1
244,20260623,1
247,20260623,1
250,20260623,1
253,20260623,1
256,20260623,1
259,20260623,1
262,20260623,1
265,20260623,1
274,20260623,1
277,20260623,1
280,20260623,1
283,20260623,1
286,20260623,1
295,20260623,1
301,20260623,1
304,20260623,1
310,20260623,1
313,20260623,1
316,20260623,1
322,20260623,1
325,20260623,1
331,20260623,1
334,20260623,1
340,20260623,1
343,20260623,1
346,20260623,1
352,20260623,1
355,20260623,1
358,20260623,1
361,20260623,1
364,20260623,1
370,20260623,1
373,20260623,1
376,20260623,1
379,20260623,1
382,20260623,1
385,20260623,1
388,20260623,1
391,20260623,1
397,20260623,1
400,20260623,1
403,20260623,1
406,20260623,1
409,20260623,1
418,20260623,1
421,20260623,1
424,20260623,1
427,20260623,1
430,20260623,1
433,20260623,1
436,20260623,1
439,20260623,1
442,20260623,1
456,20260623,1
460,20260623,1
468,20260623,1
472,20260623,1
476,20260623,1
480,20260623,1
484,20260623,1
488,20260623,1
492,20260623,1
500,20260623,1
512,20260623,1
520,20260623,1
524,20260623,1
557,20260623,1
558,20260623,1
559,20260623,1
560,20260623,1
563,20260623,1
765,20260623,1
824,20260623,1
3374,20260623,1
84049,20260623,1
162402,20260623,1
1,20260624,1
4,20260624,1
7,20260624,1
10,20260624,1
13,20260624,1
16,20260624,1
19,20260624,1
22,20260624,1
25,20260624,1
28,20260624,1
31,20260624,1
34,20260624,1
43,20260624,1
46,20260624,1
55,20260624,1
58,20260624,1
67,20260624,1
70,20260624,1
73,20260624,1
79,20260624,1
82,20260624,1
85,20260624,1
97,20260624,1
100,20260624,1
103,20260624,1
112,20260624,1
115,20260624,1
121,20260624,1
124,20260624,1
127,20260624,1
130,20260624,1
133,20260624,1
136,20260624,1
139,20260624,1
142,20260624,1
145,20260624,1
148,20260624,1
151,20260624,1
154,20260624,1
157,20260624,1
160,20260624,1
163,20260624,1
166,20260624,1
169,20260624,1
172,20260624,1
175,20260624,1
178,20260624,1
181,20260624,1
190,20260624,1
196,20260624,1
199,20260624,1
202,20260624,1
205,20260624,1
208,20260624,1
220,20260624,1
226,20260624,1
229,20260624,1
232,20260624,1
235,20260624,1
238,20260624,1
241,20260624,1
244,20260624,1
247,20260624,1
250,20260624,1
253,20260624,1
256,20260624,1
259,20260624,1
262,20260624,1
265,20260624,1
274,20260624,1
277,20260624,1
280,20260624,1
283,20260624,1
286,20260624,1
295,20260624,1
301,20260624,1
304,20260624,1
310,20260624,1
313,20260624,1
316,20260624,1
322,20260624,1
325,20260624,1
331,20260624,1
334,20260624,1
340,20260624,1
343,20260624,1
346,20260624,1
352,20260624,1
355,20260624,1
358,20260624,1
361,20260624,1
364,20260624,1
370,20260624,1
373,20260624,1
376,20260624,1
379,20260624,1
382,20260624,1
385,20260624,1
388,20260624,1
391,20260624,1
397,20260624,1
400,20260624,1
403,20260624,1
406,20260624,1
409,20260624,1
418,20260624,1
421,20260624,1
424,20260624,1
427,20260624,1
430,20260624,1
433,20260624,1
436,20260624,1
439,20260624,1
442,20260624,1
456,20260624,1
460,20260624,1
468,20260624,1
472,20260624,1
476,20260624,1
480,20260624,1
484,20260624,1
488,20260624,1
492,20260624,1
500,20260624,1
512,20260624,1
520,20260624,1
524,20260624,1
557,20260624,1
558,20260624,1
559,20260624,1
560,20260624,1
563,20260624,1
765,20260624,1
824,20260624,1
3374,20260624,1
84049,20260624,1
162402,20260624,1
1,20260625,1
4,20260625,1
7,20260625,1
10,20260625,1
13,20260625,1
16,20260625,1
19,20260625,1
22,20260625,1
25,20260625,1
28,20260625,1
31,20260625,1
34,20260625,1
43,20260625,1
46,20260625,1
55,20260625,1
58,20260625,1
67,20260625,1
70,20260625,1
73,20260625,1
79,20260625,1
82,20260625,1
85,20260625,1
97,20260625,1
100,20260625,1
103,20260625,1
112,20260625,1
115,20260625,1
121,20260625,1
124,20260625,1
127,20260625,1
130,20260625,1
133,20260625,1
136,20260625,1
139,20260625,1
142,20260625,1
145,20260625,1
148,20260625,1
151,20260625,1
154,20260625,1
157,20260625,1
160,20260625,1
163,20260625,1
166,20260625,1
169,20260625,1
172,20260625,1
175,20260625,1
178,20260625,1
181,20260625,1
190,20260625,1
196,20260625,1
199,20260625,1
202,20260625,1
205,20260625,1
208,20260625,1
220,20260625,1
226,20260625,1
229,20260625,1
232,20260625,1
235,20260625,1
238,20260625,1
241,20260625,1
244,20260625,1
247,20260625,1
250,20260625,1
253,20260625,1
256,20260625,1
259,20260625,1
262,20260625,1
265,20260625,1
274,20260625,1
277,20260625,1
280,20260625,1
283,20260625,1
286,20260625,1
295,20260625,1
301,20260625,1
304,20260625,1
310,20260625,1
313,20260625,1
316,20260625,1
322,20260625,1
325,20260625,1
331,20260625,1
334,20260625,1
340,20260625,1
343,20260625,1
346,20260625,1
352,20260625,1
355,20260625,1
358,20260625,1
361,20260625,1
364,20260625,1
370,20260625,1
373,20260625,1
376,20260625,1
379,20260625,1
382,20260625,1
385,20260625,1
388,20260625,1
391,20260625,1
397,20260625,1
400,20260625,1
403,20260625,1
406,20260625,1
409,20260625,1
418,20260625,1
421,20260625,1
424,20260625,1
427,20260625,1
430,20260625,1
433,20260625,1
436,20260625,1
439,20260625,1
442,20260625,1
456,20260625,1
460,20260625,1
468,20260625,1
472,20260625,1
476,20260625,1
480,20260625,1
484,20260625,1
488,20260625,1
492,20260625,1
500,20260625,1
512,20260625,1
520,20260625,1
524,20260625,1
557,20260625,1
558,20260625,1
559,20260625,1
560,20260625,1
563,20260625,1
765,20260625,1
824,20260625,1
3374,20260625,1
84049,20260625,1
162402,20260625,1
1,20260626,1
4,20260626,1
7,20260626,1
10,20260626,1
13,20260626,1
16,20260626,1
19,20260626,1
22,20260626,1
25,20260626,1
28,20260626,1
31,20260626,1
34,20260626,1
43,20260626,1
46,20260626,1
55,20260626,1
58,20260626,1
67,20260626,1
70,20260626,1
73,20260626,1
79,20260626,1
82,20260626,1
85,20260626,1
97,20260626,1
100,20260626,1
103,20260626,1
112,20260626,1
115,20260626,1
121,20260626,1
124,20260626,1
127,20260626,1
130,20260626,1
133,20260626,1
136,20260626,1
139,20260626,1
142,20260626,1
145,20260626,1
148,20260626,1
151,20260626,1
154,20260626,1
157,20260626,1
160,20260626,1
163,20260626,1
166,20260626,1
169,20260626,1
172,20260626,1
175,20260626,1
178,20260626,1
181,20260626,1
190,20260626,1
196,20260626,1
199,20260626,1
202,20260626,1
205,20260626,1
208,20260626,1
220,20260626,1
226,20260626,1
229,20260626,1
232,20260626,1
235,20260626,1
238,20260626,1
241,20260626,1
244,20260626,1
247,20260626,1
250,20260626,1
253,20260626,1
256,20260626,1
259,20260626,1
262,20260626,1
265,20260626,1
274,20260626,1
277,20260626,1
280,20260626,1
283,20260626,1
286,20260626,1
295,20260626,1
301,20260626,1
304,20260626,1
310,20260626,1
313,20260626,1
316,20260626,1
322,20260626,1
325,20260626,1
331,20260626,1
334,20260626,1
340,20260626,1
343,20260626,1
346,20260626,1
352,20260626,1
355,20260626,1
358,20260626,1
361,20260626,1
364,20260626,1
370,20260626,1
373,20260626,1
376,20260626,1
379,20260626,1
382,20260626,1
385,20260626,1
388,20260626,1
391,20260626,1
397,20260626,1
400,20260626,1
403,20260626,1
406,20260626,1
409,20260626,1
418,20260626,1
421,20260626,1
424,20260626,1
427,20260626,1
430,20260626,1
433,20260626,1
436,20260626,1
439,20260626,1
442,20260626,1
456,20260626,1
460,20260626,1
468,20260626,1
472,20260626,1
476,20260626,1
480,20260626,1
484,20260626,1
488,20260626,1
492,20260626,1
500,20260626,1
512,20260626,1
520,20260626,1
524,20260626,1
557,20260626,1
558,20260626,1
559,20260626,1
560,20260626,1
563,20260626,1
765,20260626,1
824,20260626,1
3374,20260626,1
84049,20260626,1
162402,20260626,1
3,20260627,1
6,20260627,1
9,20260627,1
15,20260627,1
18,20260627,1
21,20260627,1
27,20260627,1
30,20260627,1
33,20260627,1
36,20260627,1
45,20260627,1
48,20260627,1
57,20260627,1
60,20260627,1
69,20260627,1
81,20260627,1
84,20260627,1
87,20260627,1
99,20260627,1
102,20260627,1
105,20260627,1
117,20260627,1
123,20260627,1
126,20260627,1
138,20260627,1
141,20260627,1
144,20260627,1
147,20260627,1
150,20260627,1
153,20260627,1
159,20260627,1
162,20260627,1
165,20260627,1
168,20260627,1
177,20260627,1
180,20260627,1
183,20260627,1
192,20260627,1
198,20260627,1
201,20260627,1
204,20260627,1
207,20260627,1
210,20260627,1
222,20260627,1
231,20260627,1
234,20260627,1
237,20260627,1
240,20260627,1
258,20260627,1
261,20260627,1
264,20260627,1
279,20260627,1
282,20260627,1
285,20260627,1
297,20260627,1
306,20260627,1
312,20260627,1
318,20260627,1
327,20260627,1
330,20260627,1
333,20260627,1
336,20260627,1
348,20260627,1
357,20260627,1
360,20260627,1
363,20260627,1
366,20260627,1
372,20260627,1
375,20260627,1
378,20260627,1
383,20260627,1
387,20260627,1
399,20260627,1
402,20260627,1
408,20260627,1
411,20260627,1
420,20260627,1
435,20260627,1
438,20260627,1
441,20260627,1
444,20260627,1
450,20260627,1
451,20260627,1
458,20260627,1
462,20260627,1
470,20260627,1
474,20260627,1
478,20260627,1
482,20260627,1
486,20260627,1
494,20260627,1
502,20260627,1
522,20260627,1
526,20260627,1
532,20260627,1
567,20260627,1
766,20260627,1
821,20260627,1
2,20260628,1
5,20260628,1
8,20260628,1
11,20260628,1
17,20260628,1
20,20260628,1
23,20260628,1
26,20260628,1
29,20260628,1
32,20260628,1
35,20260628,1
44,20260628,1
47,20260628,1
56,20260628,1
59,20260628,1
68,20260628,1
80,20260628,1
83,20260628,1
86,20260628,1
98,20260628,1
101,20260628,1
104,20260628,1
116,20260628,1
122,20260628,1
125,20260628,1
140,20260628,1
143,20260628,1
146,20260628,1
149,20260628,1
152,20260628,1
158,20260628,1
161,20260628,1
164,20260628,1
176,20260628,1
179,20260628,1
182,20260628,1
191,20260628,1
197,20260628,1
200,20260628,1
203,20260628,1
206,20260628,1
209,20260628,1
221,20260628,1
230,20260628,1
233,20260628,1
236,20260628,1
239,20260628,1
257,20260628,1
260,20260628,1
263,20260628,1
278,20260628,1
281,20260628,1
284,20260628,1
296,20260628,1
305,20260628,1
311,20260628,1
317,20260628,1
326,20260628,1
329,20260628,1
332,20260628,1
335,20260628,1
347,20260628,1
356,20260628,1
359,20260628,1
362,20260628,1
365,20260628,1
371,20260628,1
374,20260628,1
377,20260628,1
386,20260628,1
398,20260628,1
401,20260628,1
407,20260628,1
410,20260628,1
419,20260628,1
434,20260628,1
437,20260628,1
443,20260628,1
449,20260628,1
457,20260628,1
461,20260628,1
469,20260628,1
473,20260628,1
477,20260628,1
481,20260628,1
485,20260628,1
493,20260628,1
501,20260628,1
521,20260628,1
525,20260628,1
568,20260628,1
767,20260628,1
822,20260628,1
1,20260629,1
4,20260629,1
7,20260629,1
10,20260629,1
13,20260629,1
16,20260629,1
19,20260629,1
22,20260629,1
25,20260629,1
28,20260629,1
31,20260629,1
34,20260629,1
43,20260629,1
46,20260629,1
55,20260629,1
58,20260629,1
67,20260629,1
70,20260629,1
73,20260629,1
79,20260629,1
82,20260629,1
85,20260629,1
97,20260629,1
100,20260629,1
103,20260629,1
112,20260629,1
115,20260629,1
121,20260629,1
124,20260629,1
127,20260629,1
130,20260629,1
133,20260629,1
136,20260629,1
139,20260629,1
142,20260629,1
145,20260629,1
148,20260629,1
151,20260629,1
154,20260629,1
157,20260629,1
160,20260629,1
163,20260629,1
166,20260629,1
169,20260629,1
172,20260629,1
175,20260629,1
178,20260629,1
181,20260629,1
190,20260629,1
196,20260629,1
199,20260629,1
202,20260629,1
205,20260629,1
208,20260629,1
220,20260629,1
226,20260629,1
229,20260629,1
232,20260629,1
235,20260629,1
238,20260629,1
241,20260629,1
244,20260629,1
247,20260629,1
250,20260629,1
253,20260629,1
256,20260629,1
259,20260629,1
262,20260629,1
265,20260629,1
274,20260629,1
277,20260629,1
280,20260629,1
283,20260629,1
286,20260629,1
295,20260629,1
301,20260629,1
304,20260629,1
310,20260629,1
313,20260629,1
316,20260629,1
322,20260629,1
325,20260629,1
331,20260629,1
334,20260629,1
340,20260629,1
343,20260629,1
346,20260629,1
352,20260629,1
355,20260629,1
358,20260629,1
361,20260629,1
364,20260629,1
370,20260629,1
373,20260629,1
376,20260629,1
379,20260629,1
382,20260629,1
385,20260629,1
388,20260629,1
391,20260629,1
397,20260629,1
400,20260629,1
403,20260629,1
406,20260629,1
409,20260629,1
418,20260629,1
421,20260629,1
424,20260629,1
427,20260629,1
430,20260629,1
433,20260629,1
436,20260629,1
439,20260629,1
442,20260629,1
456,20260629,1
460,20260629,1
468,20260629,1
472,20260629,1
476,20260629,1
480,20260629,1
484,20260629,1
488,20260629,1
492,20260629,1
500,20260629,1
512,20260629,1
520,20260629,1
524,20260629,1
557,20260629,1
558,20260629,1
559,20260629,1
560,20260629,1
563,20260629,1
765,20260629,1
824,20260629,1
3374,20260629,1
84049,20260629,1
162402,20260629,1
1,20260630,1
4,20260630,1
7,20260630,1
10,20260630,1
13,20260630,1
16,20260630,1
19,20260630,1
22,20260630,1
25,20260630,1
28,20260630,1
31,20260630,1
34,20260630,1
43,20260630,1
46,20260630,1
55,20260630,1
58,20260630,1
67,20260630,1
70,20260630,1
73,20260630,1
79,20260630,1
82,20260630,1
85,20260630,1
97,20260630,1
100,20260630,1
103,20260630,1
112,20260630,1
115,20260630,1
121,20260630,1
124,20260630,1
127,20260630,1
130,20260630,1
133,20260630,1
136,20260630,1
139,20260630,1
142,20260630,1
145,20260630,1
148,20260630,1
151,20260630,1
154,20260630,1
157,20260630,1
160,20260630,1
163,20260630,1
166,20260630,1
169,20260630,1
172,20260630,1
175,20260630,1
178,20260630,1
181,20260630,1
190,20260630,1
196,20260630,1
199,20260630,1
202,20260630,1
205,20260630,1
208,20260630,1
220,20260630,1
226,20260630,1
229,20260630,1
232,20260630,1
235,20260630,1
238,20260630,1
241,20260630,1
244,20260630,1
247,20260630,1
250,20260630,1
253,20260630,1
256,20260630,1
259,20260630,1
262,20260630,1
265,20260630,1
274,20260630,1
277,20260630,1
280,20260630,1
283,20260630,1
286,20260630,1
295,20260630,1
301,20260630,1
304,20260630,1
310,20260630,1
313,20260630,1
316,20260630,1
322,20260630,1
325,20260630,1
331,20260630,1
334,20260630,1
340,20260630,1
343,20260630,1
346,20260630,1
352,20260630,1
355,20260630,1
358,20260630,1
361,20260630,1
364,20260630,1
370,20260630,1
373,20260630,1
376,20260630,1
379,20260630,1
382,20260630,1
385,20260630,1
388,20260630,1
391,20260630,1
397,20260630,1
400,20260630,1
403,20260630,1
406,20260630,1
409,20260630,1
418,20260630,1
421,20260630,1
424,20260630,1
427,20260630,1
430,20260630,1
433,20260630,1
436,20260630,1
439,20260630,1
442,20260630,1
456,20260630,1
460,20260630,1
468,20260630,1
472,20260630,1
476,20260630,1
480,20260630,1
484,20260630,1
488,20260630,1
492,20260630,1
500,20260630,1
512,20260630,1
520,20260630,1
524,20260630,1
557,20260630,1
558,20260630,1
559,20260630,1
560,20260630,1
563,20260630,1
765,20260630,1
824,20260630,1
3374,20260630,1
84049,20260630,1
162402,20260630,1
1,20260701,1
4,20260701,1
7,20260701,1
10,20260701,1
13,20260701,1
16,20260701,1
19,20260701,1
22,20260701,1
25,20260701,1
28,20260701,1
31,20260701,1
34,20260701,1
43,20260701,1
46,20260701,1
55,20260701,1
58,20260701,1
67,20260701,1
70,20260701,1
73,20260701,1
79,20260701,1
82,20260701,1
85,20260701,1
97,20260701,1
100,20260701,1
103,20260701,1
112,20260701,1
115,20260701,1
121,20260701,1
124,20260701,1
127,20260701,1
130,20260701,1
133,20260701,1
136,20260701,1
139,20260701,1
142,20260701,1
145,20260701,1
148,20260701,1
151,20260701,1
154,20260701,1
157,20260701,1
160,20260701,1
163,20260701,1
166,20260701,1
169,20260701,1
172,20260701,1
175,20260701,1
178,20260701,1
181,20260701,1
190,20260701,1
196,20260701,1
199,20260701,1
202,20260701,1
205,20260701,1
208,20260701,1
220,20260701,1
226,20260701,1
229,20260701,1
232,20260701,1
235,20260701,1
238,20260701,1
241,20260701,1
244,20260701,1
247,20260701,1
250,20260701,1
253,20260701,1
256,20260701,1
259,20260701,1
262,20260701,1
265,20260701,1
274,20260701,1
277,20260701,1
280,20260701,1
283,20260701,1
286,20260701,1
295,20260701,1
301,20260701,1
304,20260701,1
310,20260701,1
313,20260701,1
316,20260701,1
322,20260701,1
325,20260701,1
331,20260701,1
334,20260701,1
340,20260701,1
343,20260701,1
346,20260701,1
352,20260701,1
355,20260701,1
358,20260701,1
361,20260701,1
364,20260701,1
370,20260701,1
373,20260701,1
376,20260701,1
379,20260701,1
382,20260701,1
385,20260701,1
388,20260701,1
391,20260701,1
397,20260701,1
400,20260701,1
403,20260701,1
406,20260701,1
409,20260701,1
418,20260701,1
421,20260701,1
424,20260701,1
427,20260701,1
430,20260701,1
433,20260701,1
436,20260701,1
439,20260701,1
442,20260701,1
456,20260701,1
460,20260701,1
468,20260701,1
472,20260701,1
476,20260701,1
480,20260701,1
484,20260701,1
488,20260701,1
492,20260701,1
500,20260701,1
512,20260701,1
520,20260701,1
524,20260701,1
557,20260701,1
558,20260701,1
559,20260701,1
560,20260701,1
563,20260701,1
765,20260701,1
824,20260701,1
3374,20260701,1
84049,20260701,1
162402,20260701,1
1,20260702,1
4,20260702,1
7,20260702,1
10,20260702,1
13,20260702,1
16,20260702,1
19,20260702,1
22,20260702,1
25,20260702,1
28,20260702,1
31,20260702,1
34,20260702,1
43,20260702,1
46,20260702,1
55,20260702,1
58,20260702,1
67,20260702,1
70,20260702,1
73,20260702,1
79,20260702,1
82,20260702,1
85,20260702,1
97,20260702,1
100,20260702,1
103,20260702,1
112,20260702,1
115,20260702,1
121,20260702,1
124,20260702,1
127,20260702,1
130,20260702,1
133,20260702,1
136,20260702,1
139,20260702,1
142,20260702,1
145,20260702,1
148,20260702,1
151,20260702,1
154,20260702,1
157,20260702,1
160,20260702,1
163,20260702,1
166,20260702,1
169,20260702,1
172,20260702,1
175,20260702,1
178,20260702,1
181,20260702,1
190,20260702,1
196,20260702,1
199,20260702,1
202,20260702,1
205,20260702,1
208,20260702,1
220,20260702,1
226,20260702,1
229,20260702,1
232,20260702,1
235,20260702,1
238,20260702,1
241,20260702,1
244,20260702,1
247,20260702,1
250,20260702,1
253,20260702,1
256,20260702,1
259,20260702,1
262,20260702,1
265,20260702,1
274,20260702,1
277,20260702,1
280,20260702,1
283,20260702,1
286,20260702,1
295,20260702,1
301,20260702,1
304,20260702,1
310,20260702,1
313,20260702,1
316,20260702,1
322,20260702,1
325,20260702,1
331,20260702,1
334,20260702,1
340,20260702,1
343,20260702,1
346,20260702,1
352,20260702,1
355,20260702,1
358,20260702,1
361,20260702,1
364,20260702,1
370,20260702,1
373,20260702,1
376,20260702,1
379,20260702,1
382,20260702,1
385,20260702,1
388,20260702,1
391,20260702,1
397,20260702,1
400,20260702,1
403,20260702,1
406,20260702,1
409,20260702,1
418,20260702,1
421,20260702,1
424,20260702,1
427,20260702,1
430,20260702,1
433,20260702,1
436,20260702,1
439,20260702,1
442,20260702,1
456,20260702,1
460,20260702,1
468,20260702,1
472,20260702,1
476,20260702,1
480,20260702,1
484,20260702,1
488,20260702,1
492,20260702,1
500,20260702,1
512,20260702,1
520,20260702,1
524,20260702,1
557,20260702,1
558,20260702,1
559,20260702,1
560,20260702,1
563,20260702,1
765,20260702,1
824,20260702,1
3374,20260702,1
84049,20260702,1
162402,20260702,1
1,20260703,1
4,20260703,1
7,20260703,1
10,20260703,1
13,20260703,1
16,20260703,1
19,20260703,1
22,20260703,1
25,20260703,1
28,20260703,1
31,20260703,1
34,20260703,1
43,20260703,1
46,20260703,1
55,20260703,1
58,20260703,1
67,20260703,1
70,20260703,1
73,20260703,1
79,20260703,1
82,20260703,1
85,20260703,1
97,20260703,1
100,20260703,1
103,20260703,1
112,20260703,1
115,20260703,1
121,20260703,1
124,20260703,1
127,20260703,1
130,20260703,1
133,20260703,1
136,20260703,1
139,20260703,1
142,20260703,1
145,20260703,1
148,20260703,1
151,20260703,1
154,20260703,1
157,20260703,1
160,20260703,1
163,20260703,1
166,20260703,1
169,20260703,1
172,20260703,1
175,20260703,1
178,20260703,1
181,20260703,1
190,20260703,1
196,20260703,1
199,20260703,1
202,20260703,1
205,20260703,1
208,20260703,1
220,20260703,1
226,20260703,1
229,20260703,1
232,20260703,1
235,20260703,1
238,20260703,1
241,20260703,1
244,20260703,1
247,20260703,1
250,20260703,1
253,20260703,1
256,20260703,1
259,20260703,1
262,20260703,1
265,20260703,1
274,20260703,1
277,20260703,1
280,20260703,1
283,20260703,1
286,20260703,1
295,20260703,1
301,20260703,1
304,20260703,1
310,20260703,1
313,20260703,1
316,20260703,1
322,20260703,1
325,20260703,1
331,20260703,1
334,20260703,1
340,20260703,1
343,20260703,1
346,20260703,1
352,20260703,1
355,20260703,1
358,20260703,1
361,20260703,1
364,20260703,1
370,20260703,1
373,20260703,1
376,20260703,1
379,20260703,1
382,20260703,1
385,20260703,1
388,20260703,1
391,20260703,1
397,20260703,1
400,20260703,1
403,20260703,1
406,20260703,1
409,20260703,1
418,20260703,1
421,20260703,1
424,20260703,1
427,20260703,1
430,20260703,1
433,20260703,1
436,20260703,1
439,20260703,1
442,20260703,1
456,20260703,1
460,20260703,1
468,20260703,1
472,20260703,1
476,20260703,1
480,20260703,1
484,20260703,1
488,20260703,1
492,20260703,1
500,20260703,1
512,20260703,1
520,20260703,1
524,20260703,1
557,20260703,1
558,20260703,1
559,20260703,1
560,20260703,1
563,20260703,1
765,20260703,1
824,20260703,1
3374,20260703,1
84049,20260703,1
162402,20260703,1
3,20260704,1
6,20260704,1
9,20260704,1
15,20260704,1
18,20260704,1
21,20260704,1
27,20260704,1
30,20260704,1
33,20260704,1
36,20260704,1
45,20260704,1
48,20260704,1
57,20260704,1
60,20260704,1
69,20260704,1
81,20260704,1
84,20260704,1
87,20260704,1
99,20260704,1
102,20260704,1
105,20260704,1
117,20260704,1
123,20260704,1
126,20260704,1
138,20260704,1
141,20260704,1
144,20260704,1
147,20260704,1
150,20260704,1
153,20260704,1
159,20260704,1
162,20260704,1
165,20260704,1
168,20260704,1
177,20260704,1
180,20260704,1
183,20260704,1
192,20260704,1
198,20260704,1
201,20260704,1
204,20260704,1
207,20260704,1
210,20260704,1
222,20260704,1
231,20260704,1
234,20260704,1
237,20260704,1
240,20260704,1
258,20260704,1
261,20260704,1
264,20260704,1
279,20260704,1
282,20260704,1
285,20260704,1
297,20260704,1
306,20260704,1
312,20260704,1
318,20260704,1
327,20260704,1
330,20260704,1
333,20260704,1
336,20260704,1
348,20260704,1
357,20260704,1
360,20260704,1
363,20260704,1
366,20260704,1
372,20260704,1
375,20260704,1
378,20260704,1
383,20260704,1
387,20260704,1
399,20260704,1
402,20260704,1
408,20260704,1
411,20260704,1
420,20260704,1
435,20260704,1
438,20260704,1
441,20260704,1
444,20260704,1
450,20260704,1
451,20260704,1
458,20260704,1
462,20260704,1
470,20260704,1
474,20260704,1
478,20260704,1
482,20260704,1
486,20260704,1
494,20260704,1
502,20260704,1
522,20260704,1
526,20260704,1
532,20260704,1
567,20260704,1
766,20260704,1
821,20260704,1
2,20260705,1
5,20260705,1
8,20260705,1
11,20260705,1
17,20260705,1
20,20260705,1
23,20260705,1
26,20260705,1
29,20260705,1
32,20260705,1
35,20260705,1
44,20260705,1
47,20260705,1
56,20260705,1
59,20260705,1
68,20260705,1
80,20260705,1
83,20260705,1
86,20260705,1
98,20260705,1
101,20260705,1
104,20260705,1
116,20260705,1
122,20260705,1
125,20260705,1
140,20260705,1
143,20260705,1
146,20260705,1
149,20260705,1
152,20260705,1
158,20260705,1
161,20260705,1
164,20260705,1
176,20260705,1
179,20260705,1
182,20260705,1
191,20260705,1
197,20260705,1
200,20260705,1
203,20260705,1
206,20260705,1
209,20260705,1
221,20260705,1
230,20260705,1
233,20260705,1
236,20260705,1
239,20260705,1
257,20260705,1
260,20260705,1
263,20260705,1
278,20260705,1
281,20260705,1
284,20260705,1
296,20260705,1
305,20260705,1
311,20260705,1
317,20260705,1
326,20260705,1
329,20260705,1
332,20260705,1
335,20260705,1
347,20260705,1
356,20260705,1
359,20260705,1
362,20260705,1
365,20260705,1
371,20260705,1
374,20260705,1
377,20260705,1
386,20260705,1
398,20260705,1
401,20260705,1
407,20260705,1
410,20260705,1
419,20260705,1
434,20260705,1
437,20260705,1
443,20260705,1
449,20260705,1
457,20260705,1
461,20260705,1
469,20260705,1
473,20260705,1
477,20260705,1
481,20260705,1
485,20260705,1
493,20260705,1
501,20260705,1
521,20260705,1
525,20260705,1
568,20260705,1
767,20260705,1
822,20260705,1
1,20260706,1
4,20260706,1
7,20260706,1
10,20260706,1
13,20260706,1
16,20260706,1
19,20260706,1
22,20260706,1
25,20260706,1
28,20260706,1
31,20260706,1
34,20260706,1
43,20260706,1
46,20260706,1
55,20260706,1
58,20260706,1
67,20260706,1
70,20260706,1
73,20260706,1
79,20260706,1
82,20260706,1
85,20260706,1
97,20260706,1
100,20260706,1
103,20260706,1
112,20260706,1
115,20260706,1
121,20260706,1
124,20260706,1
127,20260706,1
130,20260706,1
133,20260706,1
136,20260706,1
139,20260706,1
142,20260706,1
145,20260706,1
148,20260706,1
151,20260706,1
154,20260706,1
157,20260706,1
160,20260706,1
163,20260706,1
166,20260706,1
169,20260706,1
172,20260706,1
175,20260706,1
178,20260706,1
181,20260706,1
190,20260706,1
196,20260706,1
199,20260706,1
202,20260706,1
205,20260706,1
208,20260706,1
220,20260706,1
226,20260706,1
229,20260706,1
232,20260706,1
235,20260706,1
238,20260706,1
241,20260706,1
244,20260706,1
247,20260706,1
250,20260706,1
253,20260706,1
256,20260706,1
259,20260706,1
262,20260706,1
265,20260706,1
274,20260706,1
277,20260706,1
280,20260706,1
283,20260706,1
286,20260706,1
295,20260706,1
301,20260706,1
304,20260706,1
310,20260706,1
313,20260706,1
316,20260706,1
322,20260706,1
325,20260706,1
331,20260706,1
334,20260706,1
340,20260706,1
343,20260706,1
346,20260706,1
352,20260706,1
355,20260706,1
358,20260706,1
361,20260706,1
364,20260706,1
370,20260706,1
373,20260706,1
376,20260706,1
379,20260706,1
382,20260706,1
385,20260706,1
388,20260706,1
391,20260706,1
397,20260706,1
400,20260706,1
403,20260706,1
406,20260706,1
409,20260706,1
418,20260706,1
421,20260706,1
424,20260706,1
427,20260706,1
430,20260706,1
433,20260706,1
436,20260706,1
439,20260706,1
442,20260706,1
456,20260706,1
460,20260706,1
468,20260706,1
472,20260706,1
476,20260706,1
480,20260706,1
484,20260706,1
488,20260706,1
492,20260706,1
500,20260706,1
512,20260706,1
520,20260706,1
524,20260706,1
557,20260706,1
558,20260706,1
559,20260706,1
560,20260706,1
563,20260706,1
765,20260706,1
824,20260706,1
3374,20260706,1
84049,20260706,1
162402,20260706,1
1,20260707,1
4,20260707,1
7,20260707,1
10,20260707,1
13,20260707,1
16,20260707,1
19,20260707,1
22,20260707,1
25,20260707,1
28,20260707,1
31,20260707,1
34,20260707,1
43,20260707,1
46,20260707,1
55,20260707,1
58,20260707,1
67,20260707,1
70,20260707,1
73,20260707,1
79,20260707,1
82,20260707,1
85,20260707,1
97,20260707,1
100,20260707,1
103,20260707,1
112,20260707,1
115,20260707,1
121,20260707,1
124,20260707,1
127,20260707,1
130,20260707,1
133,20260707,1
136,20260707,1
139,20260707,1
142,20260707,1
145,20260707,1
148,20260707,1
151,20260707,1
154,20260707,1
157,20260707,1
160,20260707,1
163,20260707,1
166,20260707,1
169,20260707,1
172,20260707,1
175,20260707,1
178,20260707,1
181,20260707,1
190,20260707,1
196,20260707,1
199,20260707,1
202,20260707,1
205,20260707,1
208,20260707,1
220,20260707,1
226,20260707,1
229,20260707,1
232,20260707,1
235,20260707,1
238,20260707,1
241,20260707,1
244,20260707,1
247,20260707,1
250,20260707,1
253,20260707,1
256,20260707,1
259,20260707,1
262,20260707,1
265,20260707,1
274,20260707,1
277,20260707,1
280,20260707,1
283,20260707,1
286,20260707,1
295,20260707,1
301,20260707,1
304,20260707,1
310,20260707,1
313,20260707,1
316,20260707,1
322,20260707,1
325,20260707,1
331,20260707,1
334,20260707,1
340,20260707,1
343,20260707,1
346,20260707,1
352,20260707,1
355,20260707,1
358,20260707,1
361,20260707,1
364,20260707,1
370,20260707,1
373,20260707,1
376,20260707,1
379,20260707,1
382,20260707,1
385,20260707,1
388,20260707,1
391,20260707,1
397,20260707,1
400,20260707,1
403,20260707,1
406,20260707,1
409,20260707,1
418,20260707,1
421,20260707,1
424,20260707,1
427,20260707,1
430,20260707,1
433,20260707,1
436,20260707,1
439,20260707,1
442,20260707,1
456,20260707,1
460,20260707,1
468,20260707,1
472,20260707,1
476,20260707,1
480,20260707,1
484,20260707,1
488,20260707,1
492,20260707,1
500,20260707,1
512,20260707,1
520,20260707,1
524,20260707,1
557,20260707,1
558,20260707,1
559,20260707,1
560,20260707,1
563,20260707,1
765,20260707,1
824,20260707,1
3374,20260707,1
84049,20260707,1
162402,20260707,1
1,20260708,1
4,20260708,1
7,20260708,1
10,20260708,1
13,20260708,1
16,20260708,1
19,20260708,1
22,20260708,1
25,20260708,1
28,20260708,1
31,20260708,1
34,20260708,1
43,20260708,1
46,20260708,1
55,20260708,1
58,20260708,1
67,20260708,1
70,20260708,1
73,20260708,1
79,20260708,1
82,20260708,1
85,20260708,1
97,20260708,1
100,20260708,1
103,20260708,1
112,20260708,1
115,20260708,1
121,20260708,1
124,20260708,1
127,20260708,1
130,20260708,1
133,20260708,1
136,20260708,1
139,20260708,1
142,20260708,1
145,20260708,1
148,20260708,1
151,20260708,1
154,20260708,1
157,20260708,1
160,20260708,1
163,20260708,1
166,20260708,1
169,20260708,1
172,20260708,1
175,20260708,1
178,20260708,1
181,20260708,1
190,20260708,1
196,20260708,1
199,20260708,1
202,20260708,1
205,20260708,1
208,20260708,1
220,20260708,1
226,20260708,1
229,20260708,1
232,20260708,1
235,20260708,1
238,20260708,1
241,20260708,1
244,20260708,1
247,20260708,1
250,20260708,1
253,20260708,1
256,20260708,1
259,20260708,1
262,20260708,1
265,20260708,1
274,20260708,1
277,20260708,1
280,20260708,1
283,20260708,1
286,20260708,1
295,20260708,1
301,20260708,1
304,20260708,1
310,20260708,1
313,20260708,1
316,20260708,1
322,20260708,1
325,20260708,1
331,20260708,1
334,20260708,1
340,20260708,1
343,20260708,1
346,20260708,1
352,20260708,1
355,20260708,1
358,20260708,1
361,20260708,1
364,20260708,1
370,20260708,1
373,20260708,1
376,20260708,1
379,20260708,1
382,20260708,1
385,20260708,1
388,20260708,1
391,20260708,1
397,20260708,1
400,20260708,1
403,20260708,1
406,20260708,1
409,20260708,1
418,20260708,1
421,20260708,1
424,20260708,1
427,20260708,1
430,20260708,1
433,20260708,1
436,20260708,1
439,20260708,1
442,20260708,1
456,20260708,1
460,20260708,1
468,20260708,1
472,20260708,1
476,20260708,1
480,20260708,1
484,20260708,1
488,20260708,1
492,20260708,1
500,20260708,1
512,20260708,1
520,20260708,1
524,20260708,1
557,20260708,1
558,20260708,1
559,20260708,1
560,20260708,1
563,20260708,1
765,20260708,1
824,20260708,1
3374,20260708,1
84049,20260708,1
162402,20260708,1
1,20260709,1
4,20260709,1
7,20260709,1
10,20260709,1
13,20260709,1
16,20260709,1
19,20260709,1
22,20260709,1
25,20260709,1
28,20260709,1
31,20260709,1
34,20260709,1
43,20260709,1
46,20260709,1
55,20260709,1
58,20260709,1
67,20260709,1
70,20260709,1
73,20260709,1
79,20260709,1
82,20260709,1
85,20260709,1
97,20260709,1
100,20260709,1
103,20260709,1
112,20260709,1
115,20260709,1
121,20260709,1
124,20260709,1
127,20260709,1
130,20260709,1
133,20260709,1
136,20260709,1
139,20260709,1
142,20260709,1
145,20260709,1
148,20260709,1
151,20260709,1
154,20260709,1
157,20260709,1
160,20260709,1
163,20260709,1
166,20260709,1
169,20260709,1
172,20260709,1
175,20260709,1
178,20260709,1
181,20260709,1
190,20260709,1
196,20260709,1
199,20260709,1
202,20260709,1
205,20260709,1
208,20260709,1
220,20260709,1
226,20260709,1
229,20260709,1
232,20260709,1
235,20260709,1
238,20260709,1
241,20260709,1
244,20260709,1
247,20260709,1
250,20260709,1
253,20260709,1
256,20260709,1
259,20260709,1
262,20260709,1
265,20260709,1
274,20260709,1
277,20260709,1
280,20260709,1
283,20260709,1
286,20260709,1
295,20260709,1
301,20260709,1
304,20260709,1
310,20260709,1
313,20260709,1
316,20260709,1
322,20260709,1
325,20260709,1
331,20260709,1
334,20260709,1
340,20260709,1
343,20260709,1
346,20260709,1
352,20260709,1
355,20260709,1
358,20260709,1
361,20260709,1
364,20260709,1
370,20260709,1
373,20260709,1
376,20260709,1
379,20260709,1
382,20260709,1
385,20260709,1
388,20260709,1
391,20260709,1
397,20260709,1
400,20260709,1
403,20260709,1
406,20260709,1
409,20260709,1
418,20260709,1
421,20260709,1
424,20260709,1
427,20260709,1
430,20260709,1
433,20260709,1
436,20260709,1
439,20260709,1
442,20260709,1
456,20260709,1
460,20260709,1
468,20260709,1
472,20260709,1
476,20260709,1
480,20260709,1
484,20260709,1
488,20260709,1
492,20260709,1
500,20260709,1
512,20260709,1
520,20260709,1
524,20260709,1
557,20260709,1
558,20260709,1
559,20260709,1
560,20260709,1
563,20260709,1
765,20260709,1
824,20260709,1
3374,20260709,1
84049,20260709,1
162402,20260709,1
1,20260710,1
4,20260710,1
7,20260710,1
10,20260710,1
13,20260710,1
16,20260710,1
19,20260710,1
22,20260710,1
25,20260710,1
28,20260710,1
31,20260710,1
34,20260710,1
43,20260710,1
46,20260710,1
55,20260710,1
58,20260710,1
67,20260710,1
70,20260710,1
73,20260710,1
79,20260710,1
82,20260710,1
85,20260710,1
97,20260710,1
100,20260710,1
103,20260710,1
112,20260710,1
115,20260710,1
121,20260710,1
124,20260710,1
127,20260710,1
130,20260710,1
133,20260710,1
136,20260710,1
139,20260710,1
142,20260710,1
145,20260710,1
148,20260710,1
151,20260710,1
154,20260710,1
157,20260710,1
160,20260710,1
163,20260710,1
166,20260710,1
169,20260710,1
172,20260710,1
175,20260710,1
178,20260710,1
181,20260710,1
190,20260710,1
196,20260710,1
199,20260710,1
202,20260710,1
205,20260710,1
208,20260710,1
220,20260710,1
226,20260710,1
229,20260710,1
232,20260710,1
235,20260710,1
238,20260710,1
241,20260710,1
244,20260710,1
247,20260710,1
250,20260710,1
253,20260710,1
256,20260710,1
259,20260710,1
262,20260710,1
265,20260710,1
274,20260710,1
277,20260710,1
280,20260710,1
283,20260710,1
286,20260710,1
295,20260710,1
301,20260710,1
304,20260710,1
310,20260710,1
313,20260710,1
316,20260710,1
322,20260710,1
325,20260710,1
331,20260710,1
334,20260710,1
340,20260710,1
343,20260710,1
346,20260710,1
352,20260710,1
355,20260710,1
358,20260710,1
361,20260710,1
364,20260710,1
370,20260710,1
373,20260710,1
376,20260710,1
379,20260710,1
382,20260710,1
385,20260710,1
388,20260710,1
391,20260710,1
397,20260710,1
400,20260710,1
403,20260710,1
406,20260710,1
409,20260710,1
418,20260710,1
421,20260710,1
424,20260710,1
427,20260710,1
430,20260710,1
433,20260710,1
436,20260710,1
439,20260710,1
442,20260710,1
456,20260710,1
460,20260710,1
468,20260710,1
472,20260710,1
476,20260710,1
480,20260710,1
484,20260710,1
488,20260710,1
492,20260710,1
500,20260710,1
512,20260710,1
520,20260710,1
524,20260710,1
557,20260710,1
558,20260710,1
559,20260710,1
560,20260710,1
563,20260710,1
765,20260710,1
824,20260710,1
3374,20260710,1
84049,20260710,1
162402,20260710,1
3,20260711,1
6,20260711,1
9,20260711,1
15,20260711,1
18,20260711,1
21,20260711,1
27,20260711,1
30,20260711,1
33,20260711,1
36,20260711,1
45,20260711,1
48,20260711,1
57,20260711,1
60,20260711,1
69,20260711,1
81,20260711,1
84,20260711,1
87,20260711,1
99,20260711,1
102,20260711,1
105,20260711,1
117,20260711,1
123,20260711,1
126,20260711,1
138,20260711,1
141,20260711,1
144,20260711,1
147,20260711,1
150,20260711,1
153,20260711,1
159,20260711,1
162,20260711,1
165,20260711,1
168,20260711,1
177,20260711,1
180,20260711,1
183,20260711,1
192,20260711,1
198,20260711,1
201,20260711,1
204,20260711,1
207,20260711,1
210,20260711,1
222,20260711,1
231,20260711,1
234,20260711,1
237,20260711,1
240,20260711,1
258,20260711,1
261,20260711,1
264,20260711,1
279,20260711,1
282,20260711,1
285,20260711,1
297,20260711,1
306,20260711,1
312,20260711,1
318,20260711,1
327,20260711,1
330,20260711,1
333,20260711,1
336,20260711,1
348,20260711,1
357,20260711,1
360,20260711,1
363,20260711,1
366,20260711,1
372,20260711,1
375,20260711,1
378,20260711,1
383,20260711,1
387,20260711,1
399,20260711,1
402,20260711,1
408,20260711,1
411,20260711,1
420,20260711,1
435,20260711,1
438,20260711,1
441,20260711,1
444,20260711,1
450,20260711,1
451,20260711,1
458,20260711,1
462,20260711,1
470,20260711,1
474,20260711,1
478,20260711,1
482,20260711,1
486,20260711,1
494,20260711,1
502,20260711,1
522,20260711,1
526,20260711,1
532,20260711,1
567,20260711,1
766,20260711,1
821,20260711,1
2,20260712,1
5,20260712,1
8,20260712,1
11,20260712,1
17,20260712,1
20,20260712,1
23,20260712,1
26,20260712,1
29,20260712,1
32,20260712,1
35,20260712,1
44,20260712,1
47,20260712,1
56,20260712,1
59,20260712,1
68,20260712,1
80,20260712,1
83,20260712,1
86,20260712,1
98,20260712,1
101,20260712,1
104,20260712,1
116,20260712,1
122,20260712,1
125,20260712,1
140,20260712,1
143,20260712,1
146,20260712,1
149,20260712,1
152,20260712,1
158,20260712,1
161,20260712,1
164,20260712,1
176,20260712,1
179,20260712,1
182,20260712,1
191,20260712,1
197,20260712,1
200,20260712,1
203,20260712,1
206,20260712,1
209,20260712,1
221,20260712,1
230,20260712,1
233,20260712,1
236,20260712,1
239,20260712,1
257,20260712,1
260,20260712,1
263,20260712,1
278,20260712,1
281,20260712,1
284,20260712,1
296,20260712,1
305,20260712,1
311,20260712,1
317,20260712,1
326,20260712,1
329,20260712,1
332,20260712,1
335,20260712,1
347,20260712,1
356,20260712,1
359,20260712,1
362,20260712,1
365,20260712,1
371,20260712,1
374,20260712,1
377,20260712,1
386,20260712,1
398,20260712,1
401,20260712,1
407,20260712,1
410,20260712,1
419,20260712,1
434,20260712,1
437,20260712,1
443,20260712,1
449,20260712,1
457,20260712,1
461,20260712,1
469,20260712,1
473,20260712,1
477,20260712,1
481,20260712,1
485,20260712,1
493,20260712,1
501,20260712,1
521,20260712,1
525,20260712,1
568,20260712,1
767,20260712,1
822,20260712,1
1,20260713,1
4,20260713,1
7,20260713,1
10,20260713,1
13,20260713,1
16,20260713,1
19,20260713,1
22,20260713,1
25,20260713,1
28,20260713,1
31,20260713,1
34,20260713,1
43,20260713,1
46,20260713,1
55,20260713,1
58,20260713,1
67,20260713,1
70,20260713,1
73,20260713,1
79,20260713,1
82,20260713,1
85,20260713,1
97,20260713,1
100,20260713,1
103,20260713,1
112,20260713,1
115,20260713,1
121,20260713,1
124,20260713,1
127,20260713,1
130,20260713,1
133,20260713,1
136,20260713,1
139,20260713,1
142,20260713,1
145,20260713,1
148,20260713,1
151,20260713,1
154,20260713,1
157,20260713,1
160,20260713,1
163,20260713,1
166,20260713,1
169,20260713,1
172,20260713,1
175,20260713,1
178,20260713,1
181,20260713,1
190,20260713,1
196,20260713,1
199,20260713,1
202,20260713,1
205,20260713,1
208,20260713,1
220,20260713,1
226,20260713,1
229,20260713,1
232,20260713,1
235,20260713,1
238,20260713,1
241,20260713,1
244,20260713,1
247,20260713,1
250,20260713,1
253,20260713,1
256,20260713,1
259,20260713,1
262,20260713,1
265,20260713,1
274,20260713,1
277,20260713,1
280,20260713,1
283,20260713,1
286,20260713,1
295,20260713,1
301,20260713,1
304,20260713,1
310,20260713,1
313,20260713,1
316,20260713,1
322,20260713,1
325,20260713,1
331,20260713,1
334,20260713,1
340,20260713,1
343,20260713,1
346,20260713,1
352,20260713,1
355,20260713,1
358,20260713,1
361,20260713,1
364,20260713,1
370,20260713,1
373,20260713,1
376,20260713,1
379,20260713,1
382,20260713,1
385,20260713,1
388,20260713,1
391,20260713,1
397,20260713,1
400,20260713,1
403,20260713,1
406,20260713,1
409,20260713,1
418,20260713,1
421,20260713,1
424,20260713,1
427,20260713,1
430,20260713,1
433,20260713,1
436,20260713,1
439,20260713,1
442,20260713,1
456,20260713,1
460,20260713,1
468,20260713,1
472,20260713,1
476,20260713,1
480,20260713,1
484,20260713,1
488,20260713,1
492,20260713,1
500,20260713,1
512,20260713,1
520,20260713,1
524,20260713,1
557,20260713,1
558,20260713,1
559,20260713,1
560,20260713,1
563,20260713,1
765,20260713,1
824,20260713,1
3374,20260713,1
84049,20260713,1
162402,20260713,1
1,20260714,1
4,20260714,1
7,20260714,1
10,20260714,1
13,20260714,1
16,20260714,1
19,20260714,1
22,20260714,1
25,20260714,1
28,20260714,1
31,20260714,1
34,20260714,1
43,20260714,1
46,20260714,1
55,20260714,1
58,20260714,1
67,20260714,1
70,20260714,1
73,20260714,1
79,20260714,1
82,20260714,1
85,20260714,1
97,20260714,1
100,20260714,1
103,20260714,1
112,20260714,1
115,20260714,1
121,20260714,1
124,20260714,1
127,20260714,1
130,20260714,1
133,20260714,1
136,20260714,1
139,20260714,1
142,20260714,1
145,20260714,1
148,20260714,1
151,20260714,1
154,20260714,1
157,20260714,1
160,20260714,1
163,20260714,1
166,20260714,1
169,20260714,1
172,20260714,1
175,20260714,1
178,20260714,1
181,20260714,1
190,20260714,1
196,20260714,1
199,20260714,1
202,20260714,1
205,20260714,1
208,20260714,1
220,20260714,1
226,20260714,1
229,20260714,1
232,20260714,1
235,20260714,1
238,20260714,1
241,20260714,1
244,20260714,1
247,20260714,1
250,20260714,1
253,20260714,1
256,20260714,1
259,20260714,1
262,20260714,1
265,20260714,1
274,20260714,1
277,20260714,1
280,20260714,1
283,20260714,1
286,20260714,1
295,20260714,1
301,20260714,1
304,20260714,1
310,20260714,1
313,20260714,1
316,20260714,1
322,20260714,1
325,20260714,1
331,20260714,1
334,20260714,1
340,20260714,1
343,20260714,1
346,20260714,1
352,20260714,1
355,20260714,1
358,20260714,1
361,20260714,1
364,20260714,1
370,20260714,1
373,20260714,1
376,20260714,1
379,20260714,1
382,20260714,1
385,20260714,1
388,20260714,1
391,20260714,1
397,20260714,1
400,20260714,1
403,20260714,1
406,20260714,1
409,20260714,1
418,20260714,1
421,20260714,1
424,20260714,1
427,20260714,1
430,20260714,1
433,20260714,1
436,20260714,1
439,20260714,1
442,20260714,1
456,20260714,1
460,20260714,1
468,20260714,1
472,20260714,1
476,20260714,1
480,20260714,1
484,20260714,1
488,20260714,1
492,20260714,1
500,20260714,1
512,20260714,1
520,20260714,1
524,20260714,1
557,20260714,1
558,20260714,1
559,20260714,1
560,20260714,1
563,20260714,1
765,20260714,1
824,20260714,1
3374,20260714,1
84049,20260714,1
162402,20260714,1
1,20260715,1
4,20260715,1
7,20260715,1
10,20260715,1
13,20260715,1
16,20260715,1
19,20260715,1
22,20260715,1
25,20260715,1
28,20260715,1
31,20260715,1
34,20260715,1
43,20260715,1
46,20260715,1
55,20260715,1
58,20260715,1
67,20260715,1
70,20260715,1
73,20260715,1
79,20260715,1
82,20260715,1
85,20260715,1
97,20260715,1
100,20260715,1
103,20260715,1
112,20260715,1
115,20260715,1
121,20260715,1
124,20260715,1
127,20260715,1
130,20260715,1
133,20260715,1
136,20260715,1
139,20260715,1
142,20260715,1
145,20260715,1
148,20260715,1
151,20260715,1
154,20260715,1
157,20260715,1
160,20260715,1
163,20260715,1
166,20260715,1
169,20260715,1
172,20260715,1
175,20260715,1
178,20260715,1
181,20260715,1
190,20260715,1
196,20260715,1
199,20260715,1
202,20260715,1
205,20260715,1
208,20260715,1
220,20260715,1
226,20260715,1
229,20260715,1
232,20260715,1
235,20260715,1
238,20260715,1
241,20260715,1
244,20260715,1
247,20260715,1
250,20260715,1
253,20260715,1
256,20260715,1
259,20260715,1
262,20260715,1
265,20260715,1
274,20260715,1
277,20260715,1
280,20260715,1
283,20260715,1
286,20260715,1
295,20260715,1
301,20260715,1
304,20260715,1
310,20260715,1
313,20260715,1
316,20260715,1
322,20260715,1
325,20260715,1
331,20260715,1
334,20260715,1
340,20260715,1
343,20260715,1
346,20260715,1
352,20260715,1
355,20260715,1
358,20260715,1
361,20260715,1
364,20260715,1
370,20260715,1
373,20260715,1
376,20260715,1
379,20260715,1
382,20260715,1
385,20260715,1
388,20260715,1
391,20260715,1
397,20260715,1
400,20260715,1
403,20260715,1
406,20260715,1
409,20260715,1
418,20260715,1
421,20260715,1
424,20260715,1
427,20260715,1
430,20260715,1
433,20260715,1
436,20260715,1
439,20260715,1
442,20260715,1
456,20260715,1
460,20260715,1
468,20260715,1
472,20260715,1
476,20260715,1
480,20260715,1
484,20260715,1
488,20260715,1
492,20260715,1
500,20260715,1
512,20260715,1
520,20260715,1
524,20260715,1
557,20260715,1
558,20260715,1
559,20260715,1
560,20260715,1
563,20260715,1
765,20260715,1
824,20260715,1
3374,20260715,1
84049,20260715,1
162402,20260715,1
1,20260716,1
4,20260716,1
7,20260716,1
10,20260716,1
13,20260716,1
16,20260716,1
19,20260716,1
22,20260716,1
25,20260716,1
28,20260716,1
31,20260716,1
34,20260716,1
43,20260716,1
46,20260716,1
55,20260716,1
58,20260716,1
67,20260716,1
70,20260716,1
73,20260716,1
79,20260716,1
82,20260716,1
85,20260716,1
97,20260716,1
100,20260716,1
103,20260716,1
112,20260716,1
115,20260716,1
121,20260716,1
124,20260716,1
127,20260716,1
130,20260716,1
133,20260716,1
136,20260716,1
139,20260716,1
142,20260716,1
145,20260716,1
148,20260716,1
151,20260716,1
154,20260716,1
157,20260716,1
160,20260716,1
163,20260716,1
166,20260716,1
169,20260716,1
172,20260716,1
175,20260716,1
178,20260716,1
181,20260716,1
190,20260716,1
196,20260716,1
199,20260716,1
202,20260716,1
205,20260716,1
208,20260716,1
220,20260716,1
226,20260716,1
229,20260716,1
232,20260716,1
235,20260716,1
238,20260716,1
241,20260716,1
244,20260716,1
247,20260716,1
250,20260716,1
253,20260716,1
256,20260716,1
259,20260716,1
262,20260716,1
265,20260716,1
274,20260716,1
277,20260716,1
280,20260716,1
283,20260716,1
286,20260716,1
295,20260716,1
301,20260716,1
304,20260716,1
310,20260716,1
313,20260716,1
316,20260716,1
322,20260716,1
325,20260716,1
331,20260716,1
334,20260716,1
340,20260716,1
343,20260716,1
346,20260716,1
352,20260716,1
355,20260716,1
358,20260716,1
361,20260716,1
364,20260716,1
370,20260716,1
373,20260716,1
376,20260716,1
379,20260716,1
382,20260716,1
385,20260716,1
388,20260716,1
391,20260716,1
397,20260716,1
400,20260716,1
403,20260716,1
406,20260716,1
409,20260716,1
418,20260716,1
421,20260716,1
424,20260716,1
427,20260716,1
430,20260716,1
433,20260716,1
436,20260716,1
439,20260716,1
442,20260716,1
456,20260716,1
460,20260716,1
468,20260716,1
472,20260716,1
476,20260716,1
480,20260716,1
484,20260716,1
488,20260716,1
492,20260716,1
500,20260716,1
512,20260716,1
520,20260716,1
524,20260716,1
557,20260716,1
558,20260716,1
559,20260716,1
560,20260716,1
563,20260716,1
765,20260716,1
824,20260716,1
3374,20260716,1
84049,20260716,1
162402,20260716,1
1,20260717,1
4,20260717,1
7,20260717,1
10,20260717,1
13,20260717,1
16,20260717,1
19,20260717,1
22,20260717,1
25,20260717,1
28,20260717,1
31,20260717,1
34,20260717,1
43,20260717,1
46,20260717,1
55,20260717,1
58,20260717,1
67,20260717,1
70,20260717,1
73,20260717,1
79,20260717,1
82,20260717,1
85,20260717,1
97,20260717,1
100,20260717,1
103,20260717,1
112,20260717,1
115,20260717,1
121,20260717,1
124,20260717,1
127,20260717,1
130,20260717,1
133,20260717,1
136,20260717,1
139,20260717,1
142,20260717,1
145,20260717,1
148,20260717,1
151,20260717,1
154,20260717,1
157,20260717,1
160,20260717,1
163,20260717,1
166,20260717,1
169,20260717,1
172,20260717,1
175,20260717,1
178,20260717,1
181,20260717,1
190,20260717,1
196,20260717,1
199,20260717,1
202,20260717,1
205,20260717,1
208,20260717,1
220,20260717,1
226,20260717,1
229,20260717,1
232,20260717,1
235,20260717,1
238,20260717,1
241,20260717,1
244,20260717,1
247,20260717,1
250,20260717,1
253,20260717,1
256,20260717,1
259,20260717,1
262,20260717,1
265,20260717,1
274,20260717,1
277,20260717,1
280,20260717,1
283,20260717,1
286,20260717,1
295,20260717,1
301,20260717,1
304,20260717,1
310,20260717,1
313,20260717,1
316,20260717,1
322,20260717,1
325,20260717,1
331,20260717,1
334,20260717,1
340,20260717,1
343,20260717,1
346,20260717,1
352,20260717,1
355,20260717,1
358,20260717,1
361,20260717,1
364,20260717,1
370,20260717,1
373,20260717,1
376,20260717,1
379,20260717,1
382,20260717,1
385,20260717,1
388,20260717,1
391,20260717,1
397,20260717,1
400,20260717,1
403,20260717,1
406,20260717,1
409,20260717,1
418,20260717,1
421,20260717,1
424,20260717,1
427,20260717,1
430,20260717,1
433,20260717,1
436,20260717,1
439,20260717,1
442,20260717,1
456,20260717,1
460,20260717,1
468,20260717,1
472,20260717,1
476,20260717,1
480,20260717,1
484,20260717,1
488,20260717,1
492,20260717,1
500,20260717,1
512,20260717,1
520,20260717,1
524,20260717,1
557,20260717,1
558,20260717,1
559,20260717,1
560,20260717,1
563,20260717,1
765,20260717,1
824,20260717,1
3374,20260717,1
84049,20260717,1
162402,20260717,1
3,20260718,1
6,20260718,1
9,20260718,1
15,20260718,1
18,20260718,1
21,20260718,1
27,20260718,1
30,20260718,1
33,20260718,1
36,20260718,1
45,20260718,1
48,20260718,1
57,20260718,1
60,20260718,1
69,20260718,1
81,20260718,1
84,20260718,1
87,20260718,1
99,20260718,1
102,20260718,1
105,20260718,1
117,20260718,1
123,20260718,1
126,20260718,1
138,20260718,1
141,20260718,1
144,20260718,1
147,20260718,1
150,20260718,1
153,20260718,1
159,20260718,1
162,20260718,1
165,20260718,1
168,20260718,1
177,20260718,1
180,20260718,1
183,20260718,1
192,20260718,1
198,20260718,1
201,20260718,1
204,20260718,1
207,20260718,1
210,20260718,1
222,20260718,1
231,20260718,1
234,20260718,1
237,20260718,1
240,20260718,1
258,20260718,1
261,20260718,1
264,20260718,1
279,20260718,1
282,20260718,1
285,20260718,1
297,20260718,1
306,20260718,1
312,20260718,1
318,20260718,1
327,20260718,1
330,20260718,1
333,20260718,1
336,20260718,1
348,20260718,1
357,20260718,1
360,20260718,1
363,20260718,1
366,20260718,1
372,20260718,1
375,20260718,1
378,20260718,1
383,20260718,1
387,20260718,1
399,20260718,1
402,20260718,1
408,20260718,1
411,20260718,1
420,20260718,1
435,20260718,1
438,20260718,1
441,20260718,1
444,20260718,1
450,20260718,1
451,20260718,1
458,20260718,1
462,20260718,1
470,20260718,1
474,20260718,1
478,20260718,1
482,20260718,1
486,20260718,1
494,20260718,1
502,20260718,1
522,20260718,1
526,20260718,1
532,20260718,1
567,20260718,1
766,20260718,1
821,20260718,1
2,20260719,1
5,20260719,1
8,20260719,1
11,20260719,1
17,20260719,1
20,20260719,1
23,20260719,1
26,20260719,1
29,20260719,1
32,20260719,1
35,20260719,1
44,20260719,1
47,20260719,1
56,20260719,1
59,20260719,1
68,20260719,1
80,20260719,1
83,20260719,1
86,20260719,1
98,20260719,1
101,20260719,1
104,20260719,1
116,20260719,1
122,20260719,1
125,20260719,1
140,20260719,1
143,20260719,1
146,20260719,1
149,20260719,1
152,20260719,1
158,20260719,1
161,20260719,1
164,20260719,1
176,20260719,1
179,20260719,1
182,20260719,1
191,20260719,1
197,20260719,1
200,20260719,1
203,20260719,1
206,20260719,1
209,20260719,1
221,20260719,1
230,20260719,1
233,20260719,1
236,20260719,1
239,20260719,1
257,20260719,1
260,20260719,1
263,20260719,1
278,20260719,1
281,20260719,1
284,20260719,1
296,20260719,1
305,20260719,1
311,20260719,1
317,20260719,1
326,20260719,1
329,20260719,1
332,20260719,1
335,20260719,1
347,20260719,1
356,20260719,1
359,20260719,1
362,20260719,1
365,20260719,1
371,20260719,1
374,20260719,1
377,20260719,1
386,20260719,1
398,20260719,1
401,20260719,1
407,20260719,1
410,20260719,1
419,20260719,1
434,20260719,1
437,20260719,1
443,20260719,1
449,20260719,1
457,20260719,1
461,20260719,1
469,20260719,1
473,20260719,1
477,20260719,1
481,20260719,1
485,20260719,1
493,20260719,1
501,20260719,1
521,20260719,1
525,20260719,1
568,20260719,1
767,20260719,1
822,20260719,1
1,20260720,1
4,20260720,1
7,20260720,1
10,20260720,1
13,20260720,1
16,20260720,1
19,20260720,1
22,20260720,1
25,20260720,1
28,20260720,1
31,20260720,1
34,20260720,1
43,20260720,1
46,20260720,1
55,20260720,1
58,20260720,1
67,20260720,1
70,20260720,1
73,20260720,1
79,20260720,1
82,20260720,1
85,20260720,1
97,20260720,1
100,20260720,1
103,20260720,1
112,20260720,1
115,20260720,1
121,20260720,1
124,20260720,1
127,20260720,1
130,20260720,1
133,20260720,1
136,20260720,1
139,20260720,1
142,20260720,1
145,20260720,1
148,20260720,1
151,20260720,1
154,20260720,1
157,20260720,1
160,20260720,1
163,20260720,1
166,20260720,1
169,20260720,1
172,20260720,1
175,20260720,1
178,20260720,1
181,20260720,1
190,20260720,1
196,20260720,1
199,20260720,1
202,20260720,1
205,20260720,1
208,20260720,1
220,20260720,1
226,20260720,1
229,20260720,1
232,20260720,1
235,20260720,1
238,20260720,1
241,20260720,1
244,20260720,1
247,20260720,1
250,20260720,1
253,20260720,1
256,20260720,1
259,20260720,1
262,20260720,1
265,20260720,1
274,20260720,1
277,20260720,1
280,20260720,1
283,20260720,1
286,20260720,1
295,20260720,1
301,20260720,1
304,20260720,1
310,20260720,1
313,20260720,1
316,20260720,1
322,20260720,1
325,20260720,1
331,20260720,1
334,20260720,1
340,20260720,1
343,20260720,1
346,20260720,1
352,20260720,1
355,20260720,1
358,20260720,1
361,20260720,1
364,20260720,1
370,20260720,1
373,20260720,1
376,20260720,1
379,20260720,1
382,20260720,1
385,20260720,1
388,20260720,1
391,20260720,1
397,20260720,1
400,20260720,1
403,20260720,1
406,20260720,1
409,20260720,1
418,20260720,1
421,20260720,1
424,20260720,1
427,20260720,1
430,20260720,1
433,20260720,1
436,20260720,1
439,20260720,1
442,20260720,1
456,20260720,1
460,20260720,1
468,20260720,1
472,20260720,1
476,20260720,1
480,20260720,1
484,20260720,1
488,20260720,1
492,20260720,1
500,20260720,1
512,20260720,1
520,20260720,1
524,20260720,1
557,20260720,1
558,20260720,1
559,20260720,1
560,20260720,1
563,20260720,1
765,20260720,1
824,20260720,1
3374,20260720,1
84049,20260720,1
162402,20260720,1
1,20260721,1
4,20260721,1
7,20260721,1
10,20260721,1
13,20260721,1
16,20260721,1
19,20260721,1
22,20260721,1
25,20260721,1
28,20260721,1
31,20260721,1
34,20260721,1
43,20260721,1
46,20260721,1
55,20260721,1
58,20260721,1
67,20260721,1
70,20260721,1
73,20260721,1
79,20260721,1
82,20260721,1
85,20260721,1
97,20260721,1
100,20260721,1
103,20260721,1
112,20260721,1
115,20260721,1
121,20260721,1
124,20260721,1
127,20260721,1
130,20260721,1
133,20260721,1
136,20260721,1
139,20260721,1
142,20260721,1
145,20260721,1
148,20260721,1
151,20260721,1
154,20260721,1
157,20260721,1
160,20260721,1
163,20260721,1
166,20260721,1
169,20260721,1
172,20260721,1
175,20260721,1
178,20260721,1
181,20260721,1
190,20260721,1
196,20260721,1
199,20260721,1
202,20260721,1
205,20260721,1
208,20260721,1
220,20260721,1
226,20260721,1
229,20260721,1
232,20260721,1
235,20260721,1
238,20260721,1
241,20260721,1
244,20260721,1
247,20260721,1
250,20260721,1
253,20260721,1
256,20260721,1
259,20260721,1
262,20260721,1
265,20260721,1
274,20260721,1
277,20260721,1
280,20260721,1
283,20260721,1
286,20260721,1
295,20260721,1
301,20260721,1
304,20260721,1
310,20260721,1
313,20260721,1
316,20260721,1
322,20260721,1
325,20260721,1
331,20260721,1
334,20260721,1
340,20260721,1
343,20260721,1
346,20260721,1
352,20260721,1
355,20260721,1
358,20260721,1
361,20260721,1
364,20260721,1
370,20260721,1
373,20260721,1
376,20260721,1
379,20260721,1
382,20260721,1
385,20260721,1
388,20260721,1
391,20260721,1
397,20260721,1
400,20260721,1
403,20260721,1
406,20260721,1
409,20260721,1
418,20260721,1
421,20260721,1
424,20260721,1
427,20260721,1
430,20260721,1
433,20260721,1
436,20260721,1
439,20260721,1
442,20260721,1
456,20260721,1
460,20260721,1
468,20260721,1
472,20260721,1
476,20260721,1
480,20260721,1
484,20260721,1
488,20260721,1
492,20260721,1
500,20260721,1
512,20260721,1
520,20260721,1
524,20260721,1
557,20260721,1
558,20260721,1
559,20260721,1
560,20260721,1
563,20260721,1
765,20260721,1
824,20260721,1
3374,20260721,1
84049,20260721,1
162402,20260721,1
1,20260722,1
4,20260722,1
7,20260722,1
10,20260722,1
13,20260722,1
16,20260722,1
19,20260722,1
22,20260722,1
25,20260722,1
28,20260722,1
31,20260722,1
34,20260722,1
43,20260722,1
46,20260722,1
55,20260722,1
58,20260722,1
67,20260722,1
70,20260722,1
73,20260722,1
79,20260722,1
82,20260722,1
85,20260722,1
97,20260722,1
100,20260722,1
103,20260722,1
112,20260722,1
115,20260722,1
121,20260722,1
124,20260722,1
127,20260722,1
130,20260722,1
133,20260722,1
136,20260722,1
139,20260722,1
142,20260722,1
145,20260722,1
148,20260722,1
151,20260722,1
154,20260722,1
157,20260722,1
160,20260722,1
163,20260722,1
166,20260722,1
169,20260722,1
172,20260722,1
175,20260722,1
178,20260722,1
181,20260722,1
190,20260722,1
196,20260722,1
199,20260722,1
202,20260722,1
205,20260722,1
208,20260722,1
220,20260722,1
226,20260722,1
229,20260722,1
232,20260722,1
235,20260722,1
238,20260722,1
241,20260722,1
244,20260722,1
247,20260722,1
250,20260722,1
253,20260722,1
256,20260722,1
259,20260722,1
262,20260722,1
265,20260722,1
274,20260722,1
277,20260722,1
280,20260722,1
283,20260722,1
286,20260722,1
295,20260722,1
301,20260722,1
304,20260722,1
310,20260722,1
313,20260722,1
316,20260722,1
322,20260722,1
325,20260722,1
331,20260722,1
334,20260722,1
340,20260722,1
343,20260722,1
346,20260722,1
352,20260722,1
355,20260722,1
358,20260722,1
361,20260722,1
364,20260722,1
370,20260722,1
373,20260722,1
376,20260722,1
379,20260722,1
382,20260722,1
385,20260722,1
388,20260722,1
391,20260722,1
397,20260722,1
400,20260722,1
403,20260722,1
406,20260722,1
409,20260722,1
418,20260722,1
421,20260722,1
424,20260722,1
427,20260722,1
430,20260722,1
433,20260722,1
436,20260722,1
439,20260722,1
442,20260722,1
456,20260722,1
460,20260722,1
468,20260722,1
472,20260722,1
476,20260722,1
480,20260722,1
484,20260722,1
488,20260722,1
492,20260722,1
500,20260722,1
512,20260722,1
520,20260722,1
524,20260722,1
557,20260722,1
558,20260722,1
559,20260722,1
560,20260722,1
563,20260722,1
765,20260722,1
824,20260722,1
3374,20260722,1
84049,20260722,1
162402,20260722,1
1,20260723,1
4,20260723,1
7,20260723,1
10,20260723,1
13,20260723,1
16,20260723,1
19,20260723,1
22,20260723,1
25,20260723,1
28,20260723,1
31,20260723,1
34,20260723,1
43,20260723,1
46,20260723,1
55,20260723,1
58,20260723,1
67,20260723,1
70,20260723,1
73,20260723,1
79,20260723,1
82,20260723,1
85,20260723,1
97,20260723,1
100,20260723,1
103,20260723,1
112,20260723,1
115,20260723,1
121,20260723,1
124,20260723,1
127,20260723,1
130,20260723,1
133,20260723,1
136,20260723,1
139,20260723,1
142,20260723,1
145,20260723,1
148,20260723,1
151,20260723,1
154,20260723,1
157,20260723,1
160,20260723,1
163,20260723,1
166,20260723,1
169,20260723,1
172,20260723,1
175,20260723,1
178,20260723,1
181,20260723,1
190,20260723,1
196,20260723,1
199,20260723,1
202,20260723,1
205,20260723,1
208,20260723,1
220,20260723,1
226,20260723,1
229,20260723,1
232,20260723,1
235,20260723,1
238,20260723,1
241,20260723,1
244,20260723,1
247,20260723,1
250,20260723,1
253,20260723,1
256,20260723,1
259,20260723,1
262,20260723,1
265,20260723,1
274,20260723,1
277,20260723,1
280,20260723,1
283,20260723,1
286,20260723,1
295,20260723,1
301,20260723,1
304,20260723,1
310,20260723,1
313,20260723,1
316,20260723,1
322,20260723,1
325,20260723,1
331,20260723,1
334,20260723,1
340,20260723,1
343,20260723,1
346,20260723,1
352,20260723,1
355,20260723,1
358,20260723,1
361,20260723,1
364,20260723,1
370,20260723,1
373,20260723,1
376,20260723,1
379,20260723,1
382,20260723,1
385,20260723,1
388,20260723,1
391,20260723,1
397,20260723,1
400,20260723,1
403,20260723,1
406,20260723,1
409,20260723,1
418,20260723,1
421,20260723,1
424,20260723,1
427,20260723,1
430,20260723,1
433,20260723,1
436,20260723,1
439,20260723,1
442,20260723,1
456,20260723,1
460,20260723,1
468,20260723,1
472,20260723,1
476,20260723,1
480,20260723,1
484,20260723,1
488,20260723,1
492,20260723,1
500,20260723,1
512,20260723,1
520,20260723,1
524,20260723,1
557,20260723,1
558,20260723,1
559,20260723,1
560,20260723,1
563,20260723,1
765,20260723,1
824,20260723,1
3374,20260723,1
84049,20260723,1
162402,20260723,1
1,20260724,1
4,20260724,1
7,20260724,1
10,20260724,1
13,20260724,1
16,20260724,1
19,20260724,1
22,20260724,1
25,20260724,1
28,20260724,1
31,20260724,1
34,20260724,1
43,20260724,1
46,20260724,1
55,20260724,1
58,20260724,1
67,20260724,1
70,20260724,1
73,20260724,1
79,20260724,1
82,20260724,1
85,20260724,1
97,20260724,1
100,20260724,1
103,20260724,1
112,20260724,1
115,20260724,1
121,20260724,1
124,20260724,1
127,20260724,1
130,20260724,1
133,20260724,1
136,20260724,1
139,20260724,1
142,20260724,1
145,20260724,1
148,20260724,1
151,20260724,1
154,20260724,1
157,20260724,1
160,20260724,1
163,20260724,1
166,20260724,1
169,20260724,1
172,20260724,1
175,20260724,1
178,20260724,1
181,20260724,1
190,20260724,1
196,20260724,1
199,20260724,1
202,20260724,1
205,20260724,1
208,20260724,1
220,20260724,1
226,20260724,1
229,20260724,1
232,20260724,1
235,20260724,1
238,20260724,1
241,20260724,1
244,20260724,1
247,20260724,1
250,20260724,1
253,20260724,1
256,20260724,1
259,20260724,1
262,20260724,1
265,20260724,1
274,20260724,1
277,20260724,1
280,20260724,1
283,20260724,1
286,20260724,1
295,20260724,1
301,20260724,1
304,20260724,1
310,20260724,1
313,20260724,1
316,20260724,1
322,20260724,1
325,20260724,1
331,20260724,1
334,20260724,1
340,20260724,1
343,20260724,1
346,20260724,1
352,20260724,1
355,20260724,1
358,20260724,1
361,20260724,1
364,20260724,1
370,20260724,1
373,20260724,1
376,20260724,1
379,20260724,1
382,20260724,1
385,20260724,1
388,20260724,1
391,20260724,1
397,20260724,1
400,20260724,1
403,20260724,1
406,20260724,1
409,20260724,1
418,20260724,1
421,20260724,1
424,20260724,1
427,20260724,1
430,20260724,1
433,20260724,1
436,20260724,1
439,20260724,1
442,20260724,1
456,20260724,1
460,20260724,1
468,20260724,1
472,20260724,1
476,20260724,1
480,20260724,1
484,20260724,1
488,20260724,1
492,20260724,1
500,20260724,1
512,20260724,1
520,20260724,1
524,20260724,1
557,20260724,1
558,20260724,1
559,20260724,1
560,20260724,1
563,20260724,1
765,20260724,1
824,20260724,1
3374,20260724,1
84049,20260724,1
162402,20260724,1
3,20260725,1
6,20260725,1
9,20260725,1
15,20260725,1
18,20260725,1
21,20260725,1
27,20260725,1
30,20260725,1
33,20260725,1
36,20260725,1
45,20260725,1
48,20260725,1
57,20260725,1
60,20260725,1
69,20260725,1
81,20260725,1
84,20260725,1
87,20260725,1
99,20260725,1
102,20260725,1
105,20260725,1
117,20260725,1
123,20260725,1
126,20260725,1
138,20260725,1
141,20260725,1
144,20260725,1
147,20260725,1
150,20260725,1
153,20260725,1
159,20260725,1
162,20260725,1
165,20260725,1
168,20260725,1
177,20260725,1
180,20260725,1
183,20260725,1
192,20260725,1
198,20260725,1
201,20260725,1
204,20260725,1
207,20260725,1
210,20260725,1
222,20260725,1
231,20260725,1
234,20260725,1
237,20260725,1
240,20260725,1
258,20260725,1
261,20260725,1
264,20260725,1
279,20260725,1
282,20260725,1
285,20260725,1
297,20260725,1
306,20260725,1
312,20260725,1
318,20260725,1
327,20260725,1
330,20260725,1
333,20260725,1
336,20260725,1
348,20260725,1
357,20260725,1
360,20260725,1
363,20260725,1
366,20260725,1
372,20260725,1
375,20260725,1
378,20260725,1
383,20260725,1
387,20260725,1
399,20260725,1
402,20260725,1
408,20260725,1
411,20260725,1
420,20260725,1
435,20260725,1
438,20260725,1
441,20260725,1
444,20260725,1
450,20260725,1
451,20260725,1
458,20260725,1
462,20260725,1
470,20260725,1
474,20260725,1
478,20260725,1
482,20260725,1
486,20260725,1
494,20260725,1
502,20260725,1
522,20260725,1
526,20260725,1
532,20260725,1
567,20260725,1
766,20260725,1
821,20260725,1
2,20260726,1
5,20260726,1
8,20260726,1
11,20260726,1
17,20260726,1
20,20260726,1
23,20260726,1
26,20260726,1
29,20260726,1
32,20260726,1
35,20260726,1
44,20260726,1
47,20260726,1
56,20260726,1
59,20260726,1
68,20260726,1
80,20260726,1
83,20260726,1
86,20260726,1
98,20260726,1
101,20260726,1
104,20260726,1
116,20260726,1
122,20260726,1
125,20260726,1
140,20260726,1
143,20260726,1
146,20260726,1
149,20260726,1
152,20260726,1
158,20260726,1
161,20260726,1
164,20260726,1
176,20260726,1
179,20260726,1
182,20260726,1
191,20260726,1
197,20260726,1
200,20260726,1
203,20260726,1
206,20260726,1
209,20260726,1
221,20260726,1
230,20260726,1
233,20260726,1
236,20260726,1
239,20260726,1
257,20260726,1
260,20260726,1
263,20260726,1
278,20260726,1
281,20260726,1
284,20260726,1
296,20260726,1
305,20260726,1
311,20260726,1
317,20260726,1
326,20260726,1
329,20260726,1
332,20260726,1
335,20260726,1
347,20260726,1
356,20260726,1
359,20260726,1
362,20260726,1
365,20260726,1
371,20260726,1
374,20260726,1
377,20260726,1
386,20260726,1
398,20260726,1
401,20260726,1
407,20260726,1
410,20260726,1
419,20260726,1
434,20260726,1
437,20260726,1
443,20260726,1
449,20260726,1
457,20260726,1
461,20260726,1
469,20260726,1
473,20260726,1
477,20260726,1
481,20260726,1
485,20260726,1
493,20260726,1
501,20260726,1
521,20260726,1
525,20260726,1
568,20260726,1
767,20260726,1
822,20260726,1
1,20260727,1
4,20260727,1
7,20260727,1
10,20260727,1
13,20260727,1
16,20260727,1
19,20260727,1
22,20260727,1
25,20260727,1
28,20260727,1
31,20260727,1
34,20260727,1
43,20260727,1
46,20260727,1
55,20260727,1
58,20260727,1
67,20260727,1
70,20260727,1
73,20260727,1
79,20260727,1
82,20260727,1
85,20260727,1
97,20260727,1
100,20260727,1
103,20260727,1
112,20260727,1
115,20260727,1
121,20260727,1
124,20260727,1
127,20260727,1
130,20260727,1
133,20260727,1
136,20260727,1
139,20260727,1
142,20260727,1
145,20260727,1
148,20260727,1
151,20260727,1
154,20260727,1
157,20260727,1
160,20260727,1
163,20260727,1
166,20260727,1
169,20260727,1
172,20260727,1
175,20260727,1
178,20260727,1
181,20260727,1
190,20260727,1
196,20260727,1
199,20260727,1
202,20260727,1
205,20260727,1
208,20260727,1
220,20260727,1
226,20260727,1
229,20260727,1
232,20260727,1
235,20260727,1
238,20260727,1
241,20260727,1
244,20260727,1
247,20260727,1
250,20260727,1
253,20260727,1
256,20260727,1
259,20260727,1
262,20260727,1
265,20260727,1
274,20260727,1
277,20260727,1
280,20260727,1
283,20260727,1
286,20260727,1
295,20260727,1
301,20260727,1
304,20260727,1
310,20260727,1
313,20260727,1
316,20260727,1
322,20260727,1
325,20260727,1
331,20260727,1
334,20260727,1
340,20260727,1
343,20260727,1
346,20260727,1
352,20260727,1
355,20260727,1
358,20260727,1
361,20260727,1
364,20260727,1
370,20260727,1
373,20260727,1
376,20260727,1
379,20260727,1
382,20260727,1
385,20260727,1
388,20260727,1
391,20260727,1
397,20260727,1
400,20260727,1
403,20260727,1
406,20260727,1
409,20260727,1
418,20260727,1
421,20260727,1
424,20260727,1
427,20260727,1
430,20260727,1
433,20260727,1
436,20260727,1
439,20260727,1
442,20260727,1
456,20260727,1
460,20260727,1
468,20260727,1
472,20260727,1
476,20260727,1
480,20260727,1
484,20260727,1
488,20260727,1
492,20260727,1
500,20260727,1
512,20260727,1
520,20260727,1
524,20260727,1
557,20260727,1
558,20260727,1
559,20260727,1
560,20260727,1
563,20260727,1
765,20260727,1
824,20260727,1
3374,20260727,1
84049,20260727,1
162402,20260727,1
1,20260728,1
4,20260728,1
7,20260728,1
10,20260728,1
13,20260728,1
16,20260728,1
19,20260728,1
22,20260728,1
25,20260728,1
28,20260728,1
31,20260728,1
34,20260728,1
43,20260728,1
46,20260728,1
55,20260728,1
58,20260728,1
67,20260728,1
70,20260728,1
73,20260728,1
79,20260728,1
82,20260728,1
85,20260728,1
97,20260728,1
100,20260728,1
103,20260728,1
112,20260728,1
115,20260728,1
121,20260728,1
124,20260728,1
127,20260728,1
130,20260728,1
133,20260728,1
136,20260728,1
139,20260728,1
142,20260728,1
145,20260728,1
148,20260728,1
151,20260728,1
154,20260728,1
157,20260728,1
160,20260728,1
163,20260728,1
166,20260728,1
169,20260728,1
172,20260728,1
175,20260728,1
178,20260728,1
181,20260728,1
190,20260728,1
196,20260728,1
199,20260728,1
202,20260728,1
205,20260728,1
208,20260728,1
220,20260728,1
226,20260728,1
229,20260728,1
232,20260728,1
235,20260728,1
238,20260728,1
241,20260728,1
244,20260728,1
247,20260728,1
250,20260728,1
253,20260728,1
256,20260728,1
259,20260728,1
262,20260728,1
265,20260728,1
274,20260728,1
277,20260728,1
280,20260728,1
283,20260728,1
286,20260728,1
295,20260728,1
301,20260728,1
304,20260728,1
310,20260728,1
313,20260728,1
316,20260728,1
322,20260728,1
325,20260728,1
331,20260728,1
334,20260728,1
340,20260728,1
343,20260728,1
346,20260728,1
352,20260728,1
355,20260728,1
358,20260728,1
361,20260728,1
364,20260728,1
370,20260728,1
373,20260728,1
376,20260728,1
379,20260728,1
382,20260728,1
385,20260728,1
388,20260728,1
391,20260728,1
397,20260728,1
400,20260728,1
403,20260728,1
406,20260728,1
409,20260728,1
418,20260728,1
421,20260728,1
424,20260728,1
427,20260728,1
430,20260728,1
433,20260728,1
436,20260728,1
439,20260728,1
442,20260728,1
456,20260728,1
460,20260728,1
468,20260728,1
472,20260728,1
476,20260728,1
480,20260728,1
484,20260728,1
488,20260728,1
492,20260728,1
500,20260728,1
512,20260728,1
520,20260728,1
524,20260728,1
557,20260728,1
558,20260728,1
559,20260728,1
560,20260728,1
563,20260728,1
765,20260728,1
824,20260728,1
3374,20260728,1
84049,20260728,1
162402,20260728,1
1,20260729,1
4,20260729,1
7,20260729,1
10,20260729,1
13,20260729,1
16,20260729,1
19,20260729,1
22,20260729,1
25,20260729,1
28,20260729,1
31,20260729,1
34,20260729,1
43,20260729,1
46,20260729,1
55,20260729,1
58,20260729,1
67,20260729,1
70,20260729,1
73,20260729,1
79,20260729,1
82,20260729,1
85,20260729,1
97,20260729,1
100,20260729,1
103,20260729,1
112,20260729,1
115,20260729,1
121,20260729,1
124,20260729,1
127,20260729,1
130,20260729,1
133,20260729,1
136,20260729,1
139,20260729,1
142,20260729,1
145,20260729,1
148,20260729,1
151,20260729,1
154,20260729,1
157,20260729,1
160,20260729,1
163,20260729,1
166,20260729,1
169,20260729,1
172,20260729,1
175,20260729,1
178,20260729,1
181,20260729,1
190,20260729,1
196,20260729,1
199,20260729,1
202,20260729,1
205,20260729,1
208,20260729,1
220,20260729,1
226,20260729,1
229,20260729,1
232,20260729,1
235,20260729,1
238,20260729,1
241,20260729,1
244,20260729,1
247,20260729,1
250,20260729,1
253,20260729,1
256,20260729,1
259,20260729,1
262,20260729,1
265,20260729,1
274,20260729,1
277,20260729,1
280,20260729,1
283,20260729,1
286,20260729,1
295,20260729,1
301,20260729,1
304,20260729,1
310,20260729,1
313,20260729,1
316,20260729,1
322,20260729,1
325,20260729,1
331,20260729,1
334,20260729,1
340,20260729,1
343,20260729,1
346,20260729,1
352,20260729,1
355,20260729,1
358,20260729,1
361,20260729,1
364,20260729,1
370,20260729,1
373,20260729,1
376,20260729,1
379,20260729,1
382,20260729,1
385,20260729,1
388,20260729,1
391,20260729,1
397,20260729,1
400,20260729,1
403,20260729,1
406,20260729,1
409,20260729,1
418,20260729,1
421,20260729,1
424,20260729,1
427,20260729,1
430,20260729,1
433,20260729,1
436,20260729,1
439,20260729,1
442,20260729,1
456,20260729,1
460,20260729,1
468,20260729,1
472,20260729,1
476,20260729,1
480,20260729,1
484,20260729,1
488,20260729,1
492,20260729,1
500,20260729,1
512,20260729,1
520,20260729,1
524,20260729,1
557,20260729,1
558,20260729,1
559,20260729,1
560,20260729,1
563,20260729,1
765,20260729,1
824,20260729,1
3374,20260729,1
84049,20260729,1
162402,20260729,1
1,20260730,1
4,20260730,1
7,20260730,1
10,20260730,1
13,20260730,1
16,20260730,1
19,20260730,1
22,20260730,1
25,20260730,1
28,20260730,1
31,20260730,1
34,20260730,1
43,20260730,1
46,20260730,1
55,20260730,1
58,20260730,1
67,20260730,1
70,20260730,1
73,20260730,1
79,20260730,1
82,20260730,1
85,20260730,1
97,20260730,1
100,20260730,1
103,20260730,1
112,20260730,1
115,20260730,1
121,20260730,1
124,20260730,1
127,20260730,1
130,20260730,1
133,20260730,1
136,20260730,1
139,20260730,1
142,20260730,1
145,20260730,1
148,20260730,1
151,20260730,1
154,20260730,1
157,20260730,1
160,20260730,1
163,20260730,1
166,20260730,1
169,20260730,1
172,20260730,1
175,20260730,1
178,20260730,1
181,20260730,1
190,20260730,1
196,20260730,1
199,20260730,1
202,20260730,1
205,20260730,1
208,20260730,1
220,20260730,1
226,20260730,1
229,20260730,1
232,20260730,1
235,20260730,1
238,20260730,1
241,20260730,1
244,20260730,1
247,20260730,1
250,20260730,1
253,20260730,1
256,20260730,1
259,20260730,1
262,20260730,1
265,20260730,1
274,20260730,1
277,20260730,1
280,20260730,1
283,20260730,1
286,20260730,1
295,20260730,1
301,20260730,1
304,20260730,1
310,20260730,1
313,20260730,1
316,20260730,1
322,20260730,1
325,20260730,1
331,20260730,1
334,20260730,1
340,20260730,1
343,20260730,1
346,20260730,1
352,20260730,1
355,20260730,1
358,20260730,1
361,20260730,1
364,20260730,1
370,20260730,1
373,20260730,1
376,20260730,1
379,20260730,1
382,20260730,1
385,20260730,1
388,20260730,1
391,20260730,1
397,20260730,1
400,20260730,1
403,20260730,1
406,20260730,1
409,20260730,1
418,20260730,1
421,20260730,1
424,20260730,1
427,20260730,1
430,20260730,1
433,20260730,1
436,20260730,1
439,20260730,1
442,20260730,1
456,20260730,1
460,20260730,1
468,20260730,1
472,20260730,1
476,20260730,1
480,20260730,1
484,20260730,1
488,20260730,1
492,20260730,1
500,20260730,1
512,20260730,1
520,20260730,1
524,20260730,1
557,20260730,1
558,20260730,1
559,20260730,1
560,20260730,1
563,20260730,1
765,20260730,1
824,20260730,1
3374,20260730,1
84049,20260730,1
162402,20260730,1
1,20260731,1
4,20260731,1
7,20260731,1
10,20260731,1
13,20260731,1
16,20260731,1
19,20260731,1
22,20260731,1
25,20260731,1
28,20260731,1
31,20260731,1
34,20260731,1
43,20260731,1
46,20260731,1
55,20260731,1
58,20260731,1
67,20260731,1
70,20260731,1
73,20260731,1
79,20260731,1
82,20260731,1
85,20260731,1
97,20260731,1
100,20260731,1
103,20260731,1
112,20260731,1
115,20260731,1
121,20260731,1
124,20260731,1
127,20260731,1
130,20260731,1
133,20260731,1
136,20260731,1
139,20260731,1
142,20260731,1
145,20260731,1
148,20260731,1
151,20260731,1
154,20260731,1
157,20260731,1
160,20260731,1
163,20260731,1
166,20260731,1
169,20260731,1
172,20260731,1
175,20260731,1
178,20260731,1
181,20260731,1
190,20260731,1
196,20260731,1
199,20260731,1
202,20260731,1
205,20260731,1
208,20260731,1
220,20260731,1
226,20260731,1
229,20260731,1
232,20260731,1
235,20260731,1
238,20260731,1
241,20260731,1
244,20260731,1
247,20260731,1
250,20260731,1
253,20260731,1
256,20260731,1
259,20260731,1
262,20260731,1
265,20260731,1
274,20260731,1
277,20260731,1
280,20260731,1
283,20260731,1
286,20260731,1
295,20260731,1
301,20260731,1
304,20260731,1
310,20260731,1
313,20260731,1
316,20260731,1
322,20260731,1
325,20260731,1
331,20260731,1
334,20260731,1
340,20260731,1
343,20260731,1
346,20260731,1
352,20260731,1
355,20260731,1
358,20260731,1
361,20260731,1
364,20260731,1
370,20260731,1
373,20260731,1
376,20260731,1
379,20260731,1
382,20260731,1
385,20260731,1
388,20260731,1
391,20260731,1
397,20260731,1
400,20260731,1
403,20260731,1
406,20260731,1
409,20260731,1
418,20260731,1
421,20260731,1
424,20260731,1
427,20260731,1
430,20260731,1
433,20260731,1
436,20260731,1
439,20260731,1
442,20260731,1
456,20260731,1
460,20260731,1
468,20260731,1
472,20260731,1
476,20260731,1
480,20260731,1
484,20260731,1
488,20260731,1
492,20260731,1
500,20260731,1
512,20260731,1
520,20260731,1
524,20260731,1
557,20260731,1
558,20260731,1
559,20260731,1
560,20260731,1
563,20260731,1
765,20260731,1
824,20260731,1
3374,20260731,1
84049,20260731,1
162402,20260731,1
3,20260801,1
6,20260801,1
9,20260801,1
15,20260801,1
18,20260801,1
21,20260801,1
27,20260801,1
30,20260801,1
33,20260801,1
36,20260801,1
45,20260801,1
48,20260801,1
57,20260801,1
60,20260801,1
69,20260801,1
81,20260801,1
84,20260801,1
87,20260801,1
99,20260801,1
102,20260801,1
105,20260801,1
117,20260801,1
123,20260801,1
126,20260801,1
138,20260801,1
141,20260801,1
144,20260801,1
147,20260801,1
150,20260801,1
153,20260801,1
159,20260801,1
162,20260801,1
165,20260801,1
168,20260801,1
177,20260801,1
180,20260801,1
183,20260801,1
192,20260801,1
198,20260801,1
201,20260801,1
204,20260801,1
207,20260801,1
210,20260801,1
222,20260801,1
231,20260801,1
234,20260801,1
237,20260801,1
240,20260801,1
258,20260801,1
261,20260801,1
264,20260801,1
279,20260801,1
282,20260801,1
285,20260801,1
297,20260801,1
306,20260801,1
312,20260801,1
318,20260801,1
327,20260801,1
330,20260801,1
333,20260801,1
336,20260801,1
348,20260801,1
357,20260801,1
360,20260801,1
363,20260801,1
366,20260801,1
372,20260801,1
375,20260801,1
378,20260801,1
383,20260801,1
387,20260801,1
399,20260801,1
402,20260801,1
408,20260801,1
411,20260801,1
420,20260801,1
435,20260801,1
438,20260801,1
441,20260801,1
444,20260801,1
450,20260801,1
451,20260801,1
458,20260801,1
462,20260801,1
470,20260801,1
474,20260801,1
478,20260801,1
482,20260801,1
486,20260801,1
494,20260801,1
502,20260801,1
522,20260801,1
526,20260801,1
532,20260801,1
567,20260801,1
766,20260801,1
821,20260801,1
2,20260802,1
5,20260802,1
8,20260802,1
11,20260802,1
17,20260802,1
20,20260802,1
23,20260802,1
26,20260802,1
29,20260802,1
32,20260802,1
35,20260802,1
44,20260802,1
47,20260802,1
56,20260802,1
59,20260802,1
68,20260802,1
80,20260802,1
83,20260802,1
86,20260802,1
98,20260802,1
101,20260802,1
104,20260802,1
116,20260802,1
122,20260802,1
125,20260802,1
140,20260802,1
143,20260802,1
146,20260802,1
149,20260802,1
152,20260802,1
158,20260802,1
161,20260802,1
164,20260802,1
176,20260802,1
179,20260802,1
182,20260802,1
191,20260802,1
197,20260802,1
200,20260802,1
203,20260802,1
206,20260802,1
209,20260802,1
221,20260802,1
230,20260802,1
233,20260802,1
236,20260802,1
239,20260802,1
257,20260802,1
260,20260802,1
263,20260802,1
278,20260802,1
281,20260802,1
284,20260802,1
296,20260802,1
305,20260802,1
311,20260802,1
317,20260802,1
326,20260802,1
329,20260802,1
332,20260802,1
335,20260802,1
347,20260802,1
356,20260802,1
359,20260802,1
362,20260802,1
365,20260802,1
371,20260802,1
374,20260802,1
377,20260802,1
386,20260802,1
398,20260802,1
401,20260802,1
407,20260802,1
410,20260802,1
419,20260802,1
434,20260802,1
437,20260802,1
443,20260802,1
449,20260802,1
457,20260802,1
461,20260802,1
469,20260802,1
473,20260802,1
477,20260802,1
481,20260802,1
485,20260802,1
493,20260802,1
501,20260802,1
521,20260802,1
525,20260802,1
568,20260802,1
767,20260802,1
822,20260802,1
1,20260803,1
4,20260803,1
7,20260803,1
10,20260803,1
13,20260803,1
16,20260803,1
19,20260803,1
22,20260803,1
25,20260803,1
28,20260803,1
31,20260803,1
34,20260803,1
43,20260803,1
46,20260803,1
55,20260803,1
58,20260803,1
67,20260803,1
70,20260803,1
73,20260803,1
79,20260803,1
82,20260803,1
85,20260803,1
97,20260803,1
100,20260803,1
103,20260803,1
112,20260803,1
115,20260803,1
121,20260803,1
124,20260803,1
127,20260803,1
130,20260803,1
133,20260803,1
136,20260803,1
139,20260803,1
142,20260803,1
145,20260803,1
148,20260803,1
151,20260803,1
154,20260803,1
157,20260803,1
160,20260803,1
163,20260803,1
166,20260803,1
169,20260803,1
172,20260803,1
175,20260803,1
178,20260803,1
181,20260803,1
190,20260803,1
196,20260803,1
199,20260803,1
202,20260803,1
205,20260803,1
208,20260803,1
220,20260803,1
226,20260803,1
229,20260803,1
232,20260803,1
235,20260803,1
238,20260803,1
241,20260803,1
244,20260803,1
247,20260803,1
250,20260803,1
253,20260803,1
256,20260803,1
259,20260803,1
262,20260803,1
265,20260803,1
274,20260803,1
277,20260803,1
280,20260803,1
283,20260803,1
286,20260803,1
295,20260803,1
301,20260803,1
304,20260803,1
310,20260803,1
313,20260803,1
316,20260803,1
322,20260803,1
325,20260803,1
331,20260803,1
334,20260803,1
340,20260803,1
343,20260803,1
346,20260803,1
352,20260803,1
355,20260803,1
358,20260803,1
361,20260803,1
364,20260803,1
370,20260803,1
373,20260803,1
376,20260803,1
379,20260803,1
382,20260803,1
385,20260803,1
388,20260803,1
391,20260803,1
397,20260803,1
400,20260803,1
403,20260803,1
406,20260803,1
409,20260803,1
418,20260803,1
421,20260803,1
424,20260803,1
427,20260803,1
430,20260803,1
433,20260803,1
436,20260803,1
439,20260803,1
442,20260803,1
456,20260803,1
460,20260803,1
468,20260803,1
472,20260803,1
476,20260803,1
480,20260803,1
484,20260803,1
488,20260803,1
492,20260803,1
500,20260803,1
512,20260803,1
520,20260803,1
524,20260803,1
557,20260803,1
558,20260803,1
559,20260803,1
560,20260803,1
563,20260803,1
765,20260803,1
824,20260803,1
3374,20260803,1
84049,20260803,1
162402,20260803,1
1,20260804,1
4,20260804,1
7,20260804,1
10,20260804,1
13,20260804,1
16,20260804,1
19,20260804,1
22,20260804,1
25,20260804,1
28,20260804,1
31,20260804,1
34,20260804,1
43,20260804,1
46,20260804,1
55,20260804,1
58,20260804,1
67,20260804,1
70,20260804,1
73,20260804,1
79,20260804,1
82,20260804,1
85,20260804,1
97,20260804,1
100,20260804,1
103,20260804,1
112,20260804,1
115,20260804,1
121,20260804,1
124,20260804,1
127,20260804,1
130,20260804,1
133,20260804,1
136,20260804,1
139,20260804,1
142,20260804,1
145,20260804,1
148,20260804,1
151,20260804,1
154,20260804,1
157,20260804,1
160,20260804,1
163,20260804,1
166,20260804,1
169,20260804,1
172,20260804,1
175,20260804,1
178,20260804,1
181,20260804,1
190,20260804,1
196,20260804,1
199,20260804,1
202,20260804,1
205,20260804,1
208,20260804,1
220,20260804,1
226,20260804,1
229,20260804,1
232,20260804,1
235,20260804,1
238,20260804,1
241,20260804,1
244,20260804,1
247,20260804,1
250,20260804,1
253,20260804,1
256,20260804,1
259,20260804,1
262,20260804,1
265,20260804,1
274,20260804,1
277,20260804,1
280,20260804,1
283,20260804,1
286,20260804,1
295,20260804,1
301,20260804,1
304,20260804,1
310,20260804,1
313,20260804,1
316,20260804,1
322,20260804,1
325,20260804,1
331,20260804,1
334,20260804,1
340,20260804,1
343,20260804,1
346,20260804,1
352,20260804,1
355,20260804,1
358,20260804,1
361,20260804,1
364,20260804,1
370,20260804,1
373,20260804,1
376,20260804,1
379,20260804,1
382,20260804,1
385,20260804,1
388,20260804,1
391,20260804,1
397,20260804,1
400,20260804,1
403,20260804,1
406,20260804,1
409,20260804,1
418,20260804,1
421,20260804,1
424,20260804,1
427,20260804,1
430,20260804,1
433,20260804,1
436,20260804,1
439,20260804,1
442,20260804,1
456,20260804,1
460,20260804,1
468,20260804,1
472,20260804,1
476,20260804,1
480,20260804,1
484,20260804,1
488,20260804,1
492,20260804,1
500,20260804,1
512,20260804,1
520,20260804,1
524,20260804,1
557,20260804,1
558,20260804,1
559,20260804,1
560,20260804,1
563,20260804,1
765,20260804,1
824,20260804,1
3374,20260804,1
84049,20260804,1
162402,20260804,1
1,20260805,1
4,20260805,1
7,20260805,1
10,20260805,1
13,20260805,1
16,20260805,1
19,20260805,1
22,20260805,1
25,20260805,1
28,20260805,1
31,20260805,1
34,20260805,1
43,20260805,1
46,20260805,1
55,20260805,1
58,20260805,1
67,20260805,1
70,20260805,1
73,20260805,1
79,20260805,1
82,20260805,1
85,20260805,1
97,20260805,1
100,20260805,1
103,20260805,1
112,20260805,1
115,20260805,1
121,20260805,1
124,20260805,1
127,20260805,1
130,20260805,1
133,20260805,1
136,20260805,1
139,20260805,1
142,20260805,1
145,20260805,1
148,20260805,1
151,20260805,1
154,20260805,1
157,20260805,1
160,20260805,1
163,20260805,1
166,20260805,1
169,20260805,1
172,20260805,1
175,20260805,1
178,20260805,1
181,20260805,1
190,20260805,1
196,20260805,1
199,20260805,1
202,20260805,1
205,20260805,1
208,20260805,1
220,20260805,1
226,20260805,1
229,20260805,1
232,20260805,1
235,20260805,1
238,20260805,1
241,20260805,1
244,20260805,1
247,20260805,1
250,20260805,1
253,20260805,1
256,20260805,1
259,20260805,1
262,20260805,1
265,20260805,1
274,20260805,1
277,20260805,1
280,20260805,1
283,20260805,1
286,20260805,1
295,20260805,1
301,20260805,1
304,20260805,1
310,20260805,1
313,20260805,1
316,20260805,1
322,20260805,1
325,20260805,1
331,20260805,1
334,20260805,1
340,20260805,1
343,20260805,1
346,20260805,1
352,20260805,1
355,20260805,1
358,20260805,1
361,20260805,1
364,20260805,1
370,20260805,1
373,20260805,1
376,20260805,1
379,20260805,1
382,20260805,1
385,20260805,1
388,20260805,1
391,20260805,1
397,20260805,1
400,20260805,1
403,20260805,1
406,20260805,1
409,20260805,1
418,20260805,1
421,20260805,1
424,20260805,1
427,20260805,1
430,20260805,1
433,20260805,1
436,20260805,1
439,20260805,1
442,20260805,1
456,20260805,1
460,20260805,1
468,20260805,1
472,20260805,1
476,20260805,1
480,20260805,1
484,20260805,1
488,20260805,1
492,20260805,1
500,20260805,1
512,20260805,1
520,20260805,1
524,20260805,1
557,20260805,1
558,20260805,1
559,20260805,1
560,20260805,1
563,20260805,1
765,20260805,1
824,20260805,1
3374,20260805,1
84049,20260805,1
162402,20260805,1
1,20260806,1
4,20260806,1
7,20260806,1
10,20260806,1
13,20260806,1
16,20260806,1
19,20260806,1
22,20260806,1
25,20260806,1
28,20260806,1
31,20260806,1
34,20260806,1
43,20260806,1
46,20260806,1
55,20260806,1
58,20260806,1
67,20260806,1
70,20260806,1
73,20260806,1
79,20260806,1
82,20260806,1
85,20260806,1
97,20260806,1
100,20260806,1
103,20260806,1
112,20260806,1
115,20260806,1
121,20260806,1
124,20260806,1
127,20260806,1
130,20260806,1
133,20260806,1
136,20260806,1
139,20260806,1
142,20260806,1
145,20260806,1
148,20260806,1
151,20260806,1
154,20260806,1
157,20260806,1
160,20260806,1
163,20260806,1
166,20260806,1
169,20260806,1
172,20260806,1
175,20260806,1
178,20260806,1
181,20260806,1
190,20260806,1
196,20260806,1
199,20260806,1
202,20260806,1
205,20260806,1
208,20260806,1
220,20260806,1
226,20260806,1
229,20260806,1
232,20260806,1
235,20260806,1
238,20260806,1
241,20260806,1
244,20260806,1
247,20260806,1
250,20260806,1
253,20260806,1
256,20260806,1
259,20260806,1
262,20260806,1
265,20260806,1
274,20260806,1
277,20260806,1
280,20260806,1
283,20260806,1
286,20260806,1
295,20260806,1
301,20260806,1
304,20260806,1
310,20260806,1
313,20260806,1
316,20260806,1
322,20260806,1
325,20260806,1
331,20260806,1
334,20260806,1
340,20260806,1
343,20260806,1
346,20260806,1
352,20260806,1
355,20260806,1
358,20260806,1
361,20260806,1
364,20260806,1
370,20260806,1
373,20260806,1
376,20260806,1
379,20260806,1
382,20260806,1
385,20260806,1
388,20260806,1
391,20260806,1
397,20260806,1
400,20260806,1
403,20260806,1
406,20260806,1
409,20260806,1
418,20260806,1
421,20260806,1
424,20260806,1
427,20260806,1
430,20260806,1
433,20260806,1
436,20260806,1
439,20260806,1
442,20260806,1
456,20260806,1
460,20260806,1
468,20260806,1
472,20260806,1
476,20260806,1
480,20260806,1
484,20260806,1
488,20260806,1
492,20260806,1
500,20260806,1
512,20260806,1
520,20260806,1
524,20260806,1
557,20260806,1
558,20260806,1
559,20260806,1
560,20260806,1
563,20260806,1
765,20260806,1
824,20260806,1
3374,20260806,1
84049,20260806,1
162402,20260806,1
1,20260807,1
4,20260807,1
7,20260807,1
10,20260807,1
13,20260807,1
16,20260807,1
19,20260807,1
22,20260807,1
25,20260807,1
28,20260807,1
31,20260807,1
34,20260807,1
43,20260807,1
46,20260807,1
55,20260807,1
58,20260807,1
67,20260807,1
70,20260807,1
73,20260807,1
79,20260807,1
82,20260807,1
85,20260807,1
97,20260807,1
100,20260807,1
103,20260807,1
112,20260807,1
115,20260807,1
121,20260807,1
124,20260807,1
127,20260807,1
130,20260807,1
133,20260807,1
136,20260807,1
139,20260807,1
142,20260807,1
145,20260807,1
148,20260807,1
151,20260807,1
154,20260807,1
157,20260807,1
160,20260807,1
163,20260807,1
166,20260807,1
169,20260807,1
172,20260807,1
175,20260807,1
178,20260807,1
181,20260807,1
190,20260807,1
196,20260807,1
199,20260807,1
202,20260807,1
205,20260807,1
208,20260807,1
220,20260807,1
226,20260807,1
229,20260807,1
232,20260807,1
235,20260807,1
238,20260807,1
241,20260807,1
244,20260807,1
247,20260807,1
250,20260807,1
253,20260807,1
256,20260807,1
259,20260807,1
262,20260807,1
265,20260807,1
274,20260807,1
277,20260807,1
280,20260807,1
283,20260807,1
286,20260807,1
295,20260807,1
301,20260807,1
304,20260807,1
310,20260807,1
313,20260807,1
316,20260807,1
322,20260807,1
325,20260807,1
331,20260807,1
334,20260807,1
340,20260807,1
343,20260807,1
346,20260807,1
352,20260807,1
355,20260807,1
358,20260807,1
361,20260807,1
364,20260807,1
370,20260807,1
373,20260807,1
376,20260807,1
379,20260807,1
382,20260807,1
385,20260807,1
388,20260807,1
391,20260807,1
397,20260807,1
400,20260807,1
403,20260807,1
406,20260807,1
409,20260807,1
418,20260807,1
421,20260807,1
424,20260807,1
427,20260807,1
430,20260807,1
433,20260807,1
436,20260807,1
439,20260807,1
442,20260807,1
456,20260807,1
460,20260807,1
468,20260807,1
472,20260807,1
476,20260807,1
480,20260807,1
484,20260807,1
488,20260807,1
492,20260807,1
500,20260807,1
512,20260807,1
520,20260807,1
524,20260807,1
557,20260807,1
558,20260807,1
559,20260807,1
560,20260807,1
563,20260807,1
765,20260807,1
824,20260807,1
3374,20260807,1
84049,20260807,1
162402,20260807,1
3,20260808,1
6,20260808,1
9,20260808,1
15,20260808,1
18,20260808,1
21,20260808,1
27,20260808,1
30,20260808,1
33,20260808,1
36,20260808,1
45,20260808,1
48,20260808,1
57,20260808,1
60,20260808,1
69,20260808,1
81,20260808,1
84,20260808,1
87,20260808,1
99,20260808,1
102,20260808,1
105,20260808,1
117,20260808,1
123,20260808,1
126,20260808,1
138,20260808,1
141,20260808,1
144,20260808,1
147,20260808,1
150,20260808,1
153,20260808,1
159,20260808,1
162,20260808,1
165,20260808,1
168,20260808,1
177,20260808,1
180,20260808,1
183,20260808,1
192,20260808,1
198,20260808,1
201,20260808,1
204,20260808,1
207,20260808,1
210,20260808,1
222,20260808,1
231,20260808,1
234,20260808,1
237,20260808,1
240,20260808,1
258,20260808,1
261,20260808,1
264,20260808,1
279,20260808,1
282,20260808,1
285,20260808,1
297,20260808,1
306,20260808,1
312,20260808,1
318,20260808,1
327,20260808,1
330,20260808,1
333,20260808,1
336,20260808,1
348,20260808,1
357,20260808,1
360,20260808,1
363,20260808,1
366,20260808,1
372,20260808,1
375,20260808,1
378,20260808,1
383,20260808,1
387,20260808,1
399,20260808,1
402,20260808,1
408,20260808,1
411,20260808,1
420,20260808,1
435,20260808,1
438,20260808,1
441,20260808,1
444,20260808,1
450,20260808,1
451,20260808,1
458,20260808,1
462,20260808,1
470,20260808,1
474,20260808,1
478,20260808,1
482,20260808,1
486,20260808,1
494,20260808,1
502,20260808,1
522,20260808,1
526,20260808,1
532,20260808,1
567,20260808,1
766,20260808,1
821,20260808,1
2,20260809,1
5,20260809,1
8,20260809,1
11,20260809,1
17,20260809,1
20,20260809,1
23,20260809,1
26,20260809,1
29,20260809,1
32,20260809,1
35,20260809,1
44,20260809,1
47,20260809,1
56,20260809,1
59,20260809,1
68,20260809,1
80,20260809,1
83,20260809,1
86,20260809,1
98,20260809,1
101,20260809,1
104,20260809,1
116,20260809,1
122,20260809,1
125,20260809,1
140,20260809,1
143,20260809,1
146,20260809,1
149,20260809,1
152,20260809,1
158,20260809,1
161,20260809,1
164,20260809,1
176,20260809,1
179,20260809,1
182,20260809,1
191,20260809,1
197,20260809,1
200,20260809,1
203,20260809,1
206,20260809,1
209,20260809,1
221,20260809,1
230,20260809,1
233,20260809,1
236,20260809,1
239,20260809,1
257,20260809,1
260,20260809,1
263,20260809,1
278,20260809,1
281,20260809,1
284,20260809,1
296,20260809,1
305,20260809,1
311,20260809,1
317,20260809,1
326,20260809,1
329,20260809,1
332,20260809,1
335,20260809,1
347,20260809,1
356,20260809,1
359,20260809,1
362,20260809,1
365,20260809,1
371,20260809,1
374,20260809,1
377,20260809,1
386,20260809,1
398,20260809,1
401,20260809,1
407,20260809,1
410,20260809,1
419,20260809,1
434,20260809,1
437,20260809,1
443,20260809,1
449,20260809,1
457,20260809,1
461,20260809,1
469,20260809,1
473,20260809,1
477,20260809,1
481,20260809,1
485,20260809,1
493,20260809,1
501,20260809,1
521,20260809,1
525,20260809,1
568,20260809,1
767,20260809,1
822,20260809,1
1,20260810,1
4,20260810,1
7,20260810,1
10,20260810,1
13,20260810,1
16,20260810,1
19,20260810,1
22,20260810,1
25,20260810,1
28,20260810,1
31,20260810,1
34,20260810,1
43,20260810,1
46,20260810,1
55,20260810,1
58,20260810,1
67,20260810,1
70,20260810,1
73,20260810,1
79,20260810,1
82,20260810,1
85,20260810,1
97,20260810,1
100,20260810,1
103,20260810,1
112,20260810,1
115,20260810,1
121,20260810,1
124,20260810,1
127,20260810,1
130,20260810,1
133,20260810,1
136,20260810,1
139,20260810,1
142,20260810,1
145,20260810,1
148,20260810,1
151,20260810,1
154,20260810,1
157,20260810,1
160,20260810,1
163,20260810,1
166,20260810,1
169,20260810,1
172,20260810,1
175,20260810,1
178,20260810,1
181,20260810,1
190,20260810,1
196,20260810,1
199,20260810,1
202,20260810,1
205,20260810,1
208,20260810,1
220,20260810,1
226,20260810,1
229,20260810,1
232,20260810,1
235,20260810,1
238,20260810,1
241,20260810,1
244,20260810,1
247,20260810,1
250,20260810,1
253,20260810,1
256,20260810,1
259,20260810,1
262,20260810,1
265,20260810,1
274,20260810,1
277,20260810,1
280,20260810,1
283,20260810,1
286,20260810,1
295,20260810,1
301,20260810,1
304,20260810,1
310,20260810,1
313,20260810,1
316,20260810,1
322,20260810,1
325,20260810,1
331,20260810,1
334,20260810,1
340,20260810,1
343,20260810,1
346,20260810,1
352,20260810,1
355,20260810,1
358,20260810,1
361,20260810,1
364,20260810,1
370,20260810,1
373,20260810,1
376,20260810,1
379,20260810,1
382,20260810,1
385,20260810,1
388,20260810,1
391,20260810,1
397,20260810,1
400,20260810,1
403,20260810,1
406,20260810,1
409,20260810,1
418,20260810,1
421,20260810,1
424,20260810,1
427,20260810,1
430,20260810,1
433,20260810,1
436,20260810,1
439,20260810,1
442,20260810,1
456,20260810,1
460,20260810,1
468,20260810,1
472,20260810,1
476,20260810,1
480,20260810,1
484,20260810,1
488,20260810,1
492,20260810,1
500,20260810,1
512,20260810,1
520,20260810,1
524,20260810,1
557,20260810,1
558,20260810,1
559,20260810,1
560,20260810,1
563,20260810,1
765,20260810,1
824,20260810,1
3374,20260810,1
84049,20260810,1
162402,20260810,1
